timestamp,sat_id,sat_type,clock_error_ns,eph_radial_m,eph_along_m,eph_cross_m
2025-01-01 00:00:00,G01,GEO,-0.054969202001064005,0.04780348387990225,0.3603144370778364,0.012978603619681072
2025-01-01 00:15:00,G01,GEO,1.1572282875056634,0.10528946281890975,0.504229601942479,0.018852365297108598
2025-01-01 00:30:00,G01,GEO,2.9569783972526795,0.16643185882044018,0.5966391536362186,0.06419259689054446
2025-01-01 00:45:00,G01,GEO,4.191108927055713,0.26002299749238866,0.731803188525289,0.08980244122185456
2025-01-01 01:00:00,G01,GEO,5.770321938292962,0.29845136788677634,0.8782420690023705,0.13628214345938874
2025-01-01 01:15:00,G01,GEO,7.277809618640369,0.38769788371157754,1.0300169096134586,0.14808541036004122
2025-01-01 01:30:00,G01,GEO,9.073101547857421,0.4608401975275677,1.0710433961550292,0.17747278104256806
2025-01-01 01:45:00,G01,GEO,10.753856235534759,0.5312024448428065,1.2312832833467942,0.21363833693008114
2025-01-01 02:00:00,G01,GEO,0.5040848945172547,0.010622535159772635,0.35477764622426716,0.03291469189575968
2025-01-01 02:15:00,G01,GEO,1.8690009496128999,0.09450377468089677,0.524890316505193,0.053823361467493475
2025-01-01 02:30:00,G01,GEO,3.1245356278989895,0.14736829741266183,0.4759788715041853,0.07636109027700998
2025-01-01 02:45:00,G01,GEO,4.479814904606069,0.20932742961741543,0.5874769691287621,0.12571767815174292
2025-01-01 03:00:00,G01,GEO,6.030828351471534,0.2690973618530748,0.8025563191549364,0.15649348585858677
2025-01-01 03:15:00,G01,GEO,7.574137113709122,0.3593721083788811,0.8611646387490766,0.17113461011608394
2025-01-01 03:30:00,G01,GEO,9.19159349352331,0.4221680519148651,0.9626005108296125,0.18973943687450112
2025-01-01 03:45:00,G01,GEO,10.73753806766319,0.5005983172783234,1.1213838077129985,0.23326303831253822
2025-01-01 04:00:00,G01,GEO,0.49796771142879825,-0.006956004582659861,0.20225078382205422,0.06802500559318268
2025-01-01 04:15:00,G01,GEO,2.1896163037095486,0.04565305514856151,0.22351389621360288,0.0534470053123979
2025-01-01 04:30:00,G01,GEO,3.352724526462644,0.12194547901491685,0.3251880187913421,0.0884870113595622
2025-01-01 04:45:00,G01,GEO,4.56090576461455,0.1789612849944602,0.4057654598090078,0.12436855160543085
2025-01-01 05:00:00,G01,GEO,6.36204570069798,0.2555068865518967,0.5387220699277214,0.13382883898547504
2025-01-01 05:15:00,G01,GEO,7.347505732607124,0.32493634524397863,0.6429171634259527,0.17980010949112263
2025-01-01 05:30:00,G01,GEO,9.258379928546072,0.3952395670643087,0.7862440589000652,0.17611439763186296
2025-01-01 05:45:00,G01,GEO,10.837736664656768,0.47092926363507304,0.8790977124944267,0.21527677317360552
2025-01-01 06:00:00,G01,GEO,0.7399990084395526,-0.04024318132473891,-0.04384939180721534,0.037152395868661196
2025-01-01 06:15:00,G01,GEO,2.083177923992884,0.010139607807526417,0.039030293732075394,0.06940575604115429
2025-01-01 06:30:00,G01,GEO,3.028684825667774,0.07189773661428546,0.09945732070898623,0.0860593206837159
2025-01-01 06:45:00,G01,GEO,4.82249804170901,0.1704377563696859,0.24806500430660192,0.12098643023592376
2025-01-01 07:00:00,G01,GEO,6.143047508079015,0.22020749525413671,0.2990812952339328,0.1556246006923012
2025-01-01 07:15:00,G01,GEO,7.383464206837965,0.2943731601180374,0.48567317174097574,0.1667642757158431
2025-01-01 07:30:00,G01,GEO,9.424206654224784,0.3862385866507205,0.6361921016894235,0.18943150875241116
2025-01-01 07:45:00,G01,GEO,10.569739926000775,0.46818351085536114,0.7833262832370804,0.23200467290918328
2025-01-01 08:00:00,G01,GEO,0.3045427206448012,-0.06942571695566373,-0.17916333003835969,0.036456841212733175
2025-01-01 08:15:00,G01,GEO,1.6318592940793843,0.0012364451229768018,-0.10557626310976215,0.058415423654321216
2025-01-01 08:30:00,G01,GEO,3.2533802378886967,0.1110336285595742,-0.028793279167456356,0.066601088795102
2025-01-01 08:45:00,G01,GEO,4.534171466246863,0.13122506630619216,0.08748240778064753,0.09738792769555396
2025-01-01 09:00:00,G01,GEO,5.901572799145146,0.22454399514701529,0.20255485132969375,0.10226180056519588
2025-01-01 09:15:00,G01,GEO,7.151325326266044,0.2973304353231891,0.2846515950556102,0.16455856678891032
2025-01-01 09:30:00,G01,GEO,8.76264639869469,0.36616483516316384,0.41569960864495015,0.16361714725138918
2025-01-01 09:45:00,G01,GEO,10.478361810289684,0.4383717981514913,0.5110352693654417,0.19797438246409108
2025-01-01 10:00:00,G01,GEO,0.15218597340897305,-0.06214780015234926,-0.34954738305981115,0.021375266166076688
2025-01-01 10:15:00,G01,GEO,1.3001125984359185,0.009416061338049755,-0.21750623303947555,0.03427183279155063
2025-01-01 10:30:00,G01,GEO,3.0221922306758913,0.04591251846018434,-0.0704217348864234,0.053481004987994435
2025-01-01 10:45:00,G01,GEO,4.231802023564918,0.14323240408765076,-0.011233144717436564,0.08428177922444202
2025-01-01 11:00:00,G01,GEO,5.6123443517159055,0.21059773752954777,0.11338716977634217,0.10576555865839207
2025-01-01 11:15:00,G01,GEO,7.1800252593753395,0.27358694550310586,0.25741421284858795,0.13763252753836577
2025-01-01 11:30:00,G01,GEO,8.351590355301928,0.3642059462643505,0.4210201101142053,0.15723390375686958
2025-01-01 11:45:00,G01,GEO,9.90432370895586,0.4312632230834045,0.5066263614815157,0.17331492848712976
2025-01-01 12:00:00,G01,GEO,-0.03333606618512644,-0.030466553981966293,-0.4170948383038629,-0.00898636783847086
2025-01-01 12:15:00,G01,GEO,1.090762177570899,0.019178740470252028,-0.29623263840105074,-0.00038046955157406066
2025-01-01 12:30:00,G01,GEO,2.416795931282024,0.08470621840834629,-0.16625393844436628,0.03138980802296085
2025-01-01 12:45:00,G01,GEO,3.8682456741642186,0.1742412359500021,0.009918828619389908,0.05210666189169945
2025-01-01 13:00:00,G01,GEO,4.876932311884994,0.23595178463173014,0.16355419647282352,0.06788842340824164
2025-01-01 13:15:00,G01,GEO,6.766608913165602,0.3263714097608904,0.2797977549546929,0.12353969402902301
2025-01-01 13:30:00,G01,GEO,7.960793127723439,0.39770089891998933,0.4366478982152778,0.12520835766700186
2025-01-01 13:45:00,G01,GEO,9.592709769144294,0.47501867488261285,0.5580269408151459,0.16097541401401774
2025-01-01 14:00:00,G01,GEO,-0.41331347997830487,-0.020024541848459122,-0.31489443620629537,-0.04863257272460341
2025-01-01 14:15:00,G01,GEO,1.0613193484535044,0.06314779975170204,-0.16301225690265791,-0.008687642197087724
2025-01-01 14:30:00,G01,GEO,1.9685977174743763,0.11024188508047993,-0.09038965205511741,-0.003496772788923826
2025-01-01 14:45:00,G01,GEO,3.392208371456613,0.16568586196664858,0.06827259008964659,0.03294945896813975
2025-01-01 15:00:00,G01,GEO,4.867028915097589,0.26937011538085437,0.2516961656843711,0.05163989832915676
2025-01-01 15:15:00,G01,GEO,6.374633560606879,0.3528124107290556,0.4290639530363394,0.07346393423426051
2025-01-01 15:30:00,G01,GEO,8.061512004051352,0.4192076518932923,0.5656366166008295,0.1167968666549196
2025-01-01 15:45:00,G01,GEO,9.44772467269118,0.5026693926458607,0.8121931052078077,0.14062610751032492
2025-01-01 16:00:00,G01,GEO,-0.7147363873979056,-0.0038861149945685486,-0.15761318150785703,-0.01750157858169521
2025-01-01 16:15:00,G01,GEO,0.8184603030180209,0.052023187033189075,0.011176434663035402,-0.03785613826305332
2025-01-01 16:30:00,G01,GEO,2.289039968043829,0.14567513754002992,0.17322059290037062,0.01616908195380526
2025-01-01 16:45:00,G01,GEO,3.1879394857100247,0.21689819667359117,0.2678490848935572,0.017088505457301312
2025-01-01 17:00:00,G01,GEO,4.6588399503463735,0.3061799460006582,0.41732632583892215,0.056573887163675195
2025-01-01 17:15:00,G01,GEO,6.426515813855847,0.37537317487302735,0.6093708377546398,0.08592305054764766
2025-01-01 17:30:00,G01,GEO,7.763347428244173,0.47757455560546697,0.707026293301598,0.09275535857460039
2025-01-01 17:45:00,G01,GEO,9.494734248110694,0.5357335039740465,0.8860537533482997,0.15323071091125656
2025-01-01 18:00:00,G01,GEO,-0.7210788261373775,0.05544869586691321,0.09093696076388597,-0.05561712625917572
2025-01-01 18:15:00,G01,GEO,0.4497335504542412,0.10076400338815611,0.20213801654333333,-0.02244211643889829
2025-01-01 18:30:00,G01,GEO,1.9823844445524037,0.16974754185615903,0.34631490998183084,0.0062797017684136465
2025-01-01 18:45:00,G01,GEO,2.906554408908994,0.25701883308976187,0.471689555163941,0.021279707416748346
2025-01-01 19:00:00,G01,GEO,4.774492480023278,0.32081565768064063,0.5925981069881849,0.06273988852799459
2025-01-01 19:15:00,G01,GEO,6.528348943673706,0.4065262618971386,0.8516757265356328,0.08976437406811107
2025-01-01 19:30:00,G01,GEO,7.9102365409293105,0.5065318650280932,0.9796707871744497,0.1141940596157582
2025-01-01 19:45:00,G01,GEO,9.51285740199757,0.5597859214675872,1.1029601155018147,0.1711884032602132
2025-01-01 20:00:00,G01,GEO,-0.6834380209722777,0.031787732665710576,0.25413785351871626,-0.03786757206881679
2025-01-01 20:15:00,G01,GEO,0.5782827148758072,0.12750649847233309,0.4155188250194287,0.015387025032472728
2025-01-01 20:30:00,G01,GEO,2.2255735804272123,0.18373005133119708,0.5549482214087536,0.023824924942763556
2025-01-01 20:45:00,G01,GEO,3.7880355155366483,0.2510945459440099,0.6498517837895414,0.035372103647511755
2025-01-01 21:00:00,G01,GEO,4.837884515141585,0.3384923023748673,0.7938440047822276,0.07046432784455994
2025-01-01 21:15:00,G01,GEO,6.128637655983982,0.4238352402741586,0.9450970184463277,0.1051815314807076
2025-01-01 21:30:00,G01,GEO,8.240228950648422,0.49589207768338833,1.1230088450722482,0.13774911775120657
2025-01-01 21:45:00,G01,GEO,9.986312270748545,0.569089541104546,1.3156966791627926,0.1484695677440408
2025-01-01 22:00:00,G01,GEO,-0.2607628548384534,0.033703192502628286,0.3522348364257814,-0.002598529336872277
2025-01-01 22:15:00,G01,GEO,0.7772890903312605,0.11570345566803647,0.4864090930438195,0.02172083194473499
2025-01-01 22:30:00,G01,GEO,2.4221503468854104,0.19742059153837724,0.6124467790320256,0.0376884466909832
2025-01-01 22:45:00,G01,GEO,3.9492863694842857,0.2500504850439641,0.7509517376514088,0.04162024277041517
2025-01-01 23:00:00,G01,GEO,5.303733698912101,0.33455167137097014,0.9437785342522352,0.08604055202755166
2025-01-01 23:15:00,G01,GEO,6.810778865080264,0.39687494464034784,1.0042857570787036,0.14327715304447525
2025-01-01 23:30:00,G01,GEO,8.09394470831265,0.4942890847005733,1.1789648090993328,0.14502021712711405
2025-01-01 23:45:00,G01,GEO,10.083870118972085,0.5457100004591471,1.3191458187572882,0.18427659161372695
2025-01-02 00:00:00,G01,GEO,0.11431217064904922,0.05178707727963959,0.35962468519592045,0.008596842787514887
2025-01-02 00:15:00,G01,GEO,1.5367826063752743,0.11424600802780345,0.5243938575351691,0.047434522784848415
2025-01-02 00:30:00,G01,GEO,2.704024009387449,0.1714256098867421,0.574013550953243,0.06563246641177395
2025-01-02 00:45:00,G01,GEO,4.41118376364638,0.24121964817019348,0.7378204912467965,0.08526502477073157
2025-01-02 01:00:00,G01,GEO,5.906841791127933,0.29988084121331354,0.8925396903315879,0.1051296584376162
2025-01-02 01:15:00,G01,GEO,7.353097725120844,0.3767495470423417,1.040334834132547,0.1563359980172355
2025-01-02 01:30:00,G01,GEO,8.822852192139521,0.4805521240890643,1.198360744660479,0.1814220042529537
2025-01-02 01:45:00,G01,GEO,10.548964804340567,0.5240574588899165,1.276024936969441,0.1957967126875803
2025-01-02 02:00:00,G01,GEO,0.34201503549956447,-0.006444265490508426,0.32220417660828904,0.029916479910152817
2025-01-02 02:15:00,G01,GEO,1.8343190772649625,0.08984086519661819,0.4586772030464279,0.05774253016062487
2025-01-02 02:30:00,G01,GEO,3.3758857967383435,0.1384710959621259,0.5368726116666959,0.08546979154142766
2025-01-02 02:45:00,G01,GEO,4.649551066527518,0.21302802486725347,0.6584069315535805,0.12336976977595984
2025-01-02 03:00:00,G01,GEO,5.820373056516857,0.2931243891581717,0.7322158255951136,0.13653764843148547
2025-01-02 03:15:00,G01,GEO,7.240225156026391,0.337878924892539,0.8081844909484174,0.16018663818654394
2025-01-02 03:30:00,G01,GEO,9.155177280729905,0.40796930676774834,0.9633637017821424,0.22658525946713867
2025-01-02 03:45:00,G01,GEO,10.788804907379479,0.49954641996211613,1.1164190394336777,0.21209015713460455
2025-01-02 04:00:00,G01,GEO,0.5540948797378379,0.004709757475247901,0.10342923541258667,0.04393581543307777
2025-01-02 04:15:00,G01,GEO,2.20566293291705,0.048811928183585825,0.25184460710089895,0.07840793050088872
2025-01-02 04:30:00,G01,GEO,3.0501160085746095,0.12110152686117874,0.35815136198233366,0.07944616575896803
2025-01-02 04:45:00,G01,GEO,4.506914308116215,0.18203072664737233,0.44001227811950183,0.11125100797306477
2025-01-02 05:00:00,G01,GEO,6.10144948098834,0.24576059548924048,0.5027527831478397,0.14138536518930667
2025-01-02 05:15:00,G01,GEO,7.571852454549945,0.31429356193330293,0.6214938565604133,0.1826050201779159
2025-01-02 05:30:00,G01,GEO,9.102063362539408,0.3916825594454329,0.7897506941609092,0.20769330134036026
2025-01-02 05:45:00,G01,GEO,10.656436734051976,0.4724434893341687,0.9112409519938115,0.22710219948998406
2025-01-02 06:00:00,G01,GEO,0.5128444908559976,-0.03513933812446003,-0.04632377004357359,0.03284230694631635
2025-01-02 06:15:00,G01,GEO,2.0439180124629717,0.02565256651520718,0.017495895553172377,0.048916498059533985
2025-01-02 06:30:00,G01,GEO,3.1709027829833945,0.07816240786376251,0.1344373795429518,0.09489665914986196
2025-01-02 06:45:00,G01,GEO,4.814120456236663,0.17860164866835412,0.2595908595784084,0.1130831136369739
2025-01-02 07:00:00,G01,GEO,5.7035418904638275,0.220430762100925,0.38537709340115056,0.13520300438531274
2025-01-02 07:15:00,G01,GEO,7.638044666776211,0.28780734127116686,0.5036263067658173,0.16480225902281942
2025-01-02 07:30:00,G01,GEO,8.86211397029059,0.3896767631963341,0.5553406051341511,0.17956535259550904
2025-01-02 07:45:00,G01,GEO,10.759004640096023,0.45545830056859093,0.6877488867674775,0.21489660097729107
2025-01-02 08:00:00,G01,GEO,0.9967601035436692,-0.0533988317164695,-0.20868793841349875,0.02988964891163901
2025-01-02 08:15:00,G01,GEO,1.7832165295062654,0.01954057678052806,-0.14343544535277655,0.08332047027696328
2025-01-02 08:30:00,G01,GEO,2.994961294658225,0.09641745532305783,0.018041897700956946,0.09308247845065863
2025-01-02 08:45:00,G01,GEO,4.584485473946319,0.15416978021995165,0.0326255066122322,0.10714745403062378
2025-01-02 09:00:00,G01,GEO,5.693348198549085,0.21112761852024703,0.17288975703071888,0.13525654300813147
2025-01-02 09:15:00,G01,GEO,7.456710334239549,0.2797175632557207,0.3139042461974522,0.14999735215406462
2025-01-02 09:30:00,G01,GEO,8.957856323080138,0.3607536107990655,0.43827625087699956,0.17910356660333565
2025-01-02 09:45:00,G01,GEO,10.474965409939045,0.437210897367314,0.5708776152563633,0.19274732012753495
2025-01-02 10:00:00,G01,GEO,0.33807521699148235,-0.07093988765134328,-0.3586001264517657,0.019214514566474352
2025-01-02 10:15:00,G01,GEO,1.4954445362261528,-0.009123996894008352,-0.2629400640685775,0.02574116476794177
2025-01-02 10:30:00,G01,GEO,2.7160782819727514,0.06231815649768225,-0.1333378890749335,0.058613075051315355
2025-01-02 10:45:00,G01,GEO,3.9859811678237227,0.14789256042578489,-0.011363202552376515,0.08568124213869022
2025-01-02 11:00:00,G01,GEO,5.67357257014962,0.20987924550766274,0.10751628485822974,0.09989810740267298
2025-01-02 11:15:00,G01,GEO,7.231257045947122,0.2881683197634665,0.2787340319338412,0.13124222703683655
2025-01-02 11:30:00,G01,GEO,8.303341968929852,0.3888648623037014,0.37160241630953794,0.1459699312403214
2025-01-02 11:45:00,G01,GEO,10.11559701822159,0.4758722542744763,0.5153430891509985,0.16808656929040777
2025-01-02 12:00:00,G01,GEO,-0.42358651205653597,-0.045415611664188026,-0.38736625420495635,-0.012978977256566824
2025-01-02 12:15:00,G01,GEO,1.0631407268506554,0.02415085919644016,-0.279014151348639,0.01703640456240671
2025-01-02 12:30:00,G01,GEO,2.415397700767819,0.09984482482224757,-0.185856102386043,0.034221753755265
2025-01-02 12:45:00,G01,GEO,3.594882694400792,0.16607186205786836,0.01710352934634724,0.054097274661027005
2025-01-02 13:00:00,G01,GEO,5.023870802930416,0.25257240790612323,0.16549354569804983,0.09506171949181505
2025-01-02 13:15:00,G01,GEO,6.746868582018298,0.3187061075135012,0.34704366936062897,0.09216298707434495
2025-01-02 13:30:00,G01,GEO,8.24298907652066,0.39136871001938855,0.4377215735594793,0.11276524857426198
2025-01-02 13:45:00,G01,GEO,9.587314092998387,0.4717420224620085,0.5657129640206321,0.17054196491303752
2025-01-02 14:00:00,G01,GEO,-0.341304788749931,-0.01110183160993725,-0.27565711190036635,-0.020956144546498676
2025-01-02 14:15:00,G01,GEO,0.9915886915165782,0.06804798234101204,-0.14086627982628275,-0.008971546470122084
2025-01-02 14:30:00,G01,GEO,2.438047423931895,0.11946806623304888,-0.04966470854584211,-0.010810786695233467
2025-01-02 14:45:00,G01,GEO,3.2740815974682245,0.1922184771755245,0.12975862702548813,0.051710705080225655
2025-01-02 15:00:00,G01,GEO,5.53001975480828,0.2830177159613952,0.24746584186987017,0.07114340839114373
2025-01-02 15:15:00,G01,GEO,6.282078627446005,0.35347872959808685,0.428930663972027,0.0924063629493623
2025-01-02 15:30:00,G01,GEO,7.551179132579834,0.40906097966753246,0.5928780290283409,0.11656098296564908
2025-01-02 15:45:00,G01,GEO,9.23142874810433,0.5075294671475045,0.7264422759328206,0.13268061768584893
2025-01-02 16:00:00,G01,GEO,-0.552505966076442,0.016691545856555943,-0.13700956656145943,-0.03712989586958502
2025-01-02 16:15:00,G01,GEO,0.6015923122258025,0.08447459862137269,-0.019302946556438855,-0.029805699951247187
2025-01-02 16:30:00,G01,GEO,2.08964252009558,0.1641518756242339,0.18284331539900858,0.0025796290531515534
2025-01-02 16:45:00,G01,GEO,3.4640227990570107,0.21638810034999792,0.2819149653967125,0.03146104501639181
2025-01-02 17:00:00,G01,GEO,4.456740276789485,0.30327761895928507,0.4535605802482782,0.065447027937823
2025-01-02 17:15:00,G01,GEO,6.146840663152175,0.3840771239629126,0.6075993503586398,0.07429736218026387
2025-01-02 17:30:00,G01,GEO,7.31402718108525,0.4531125117068433,0.737516734908451,0.10660476191369146
2025-01-02 17:45:00,G01,GEO,9.110331711526408,0.5578227377761782,0.9235004485402428,0.15719273693877342
2025-01-02 18:00:00,G01,GEO,-0.6036128651053023,0.05144571127391179,0.06913417515198207,-0.07351596691773199
2025-01-02 18:15:00,G01,GEO,0.2942283328336511,0.09339881559545202,0.18708479409219314,-0.0163518023450164
2025-01-02 18:30:00,G01,GEO,2.266266069372039,0.18994743562031427,0.3351437332026058,0.009566646504588381
2025-01-02 18:45:00,G01,GEO,3.5478168572040953,0.25323781667814116,0.5087321915441041,0.03927667199113247
2025-01-02 19:00:00,G01,GEO,4.592518434490525,0.3299239410154,0.6160644932292693,0.06130682501883645
2025-01-02 19:15:00,G01,GEO,6.362753455741666,0.40869997670792346,0.8456052616323323,0.08467198638193062
2025-01-02 19:30:00,G01,GEO,7.916361002682709,0.4863178292492481,0.9410913212575249,0.11748964904257068
2025-01-02 19:45:00,G01,GEO,9.433801574657029,0.582499365776685,1.1980684896121123,0.1376295524565874
2025-01-02 20:00:00,G01,GEO,-0.49025510770871966,0.05219262882089345,0.2796312202595345,-0.029102767206795457
2025-01-02 20:15:00,G01,GEO,0.7471543702758172,0.13486605278765718,0.4052421056957075,-0.00655576013427468
2025-01-02 20:30:00,G01,GEO,2.0699610902970353,0.1767845794984933,0.5122888661544426,0.01921649337508254
2025-01-02 20:45:00,G01,GEO,3.6173051008017714,0.26877731625841916,0.6576084301644864,0.04875213726817682
2025-01-02 21:00:00,G01,GEO,5.064777684667886,0.3257889583681292,0.818229399628283,0.06576675717297123
2025-01-02 21:15:00,G01,GEO,6.568458656875185,0.4274055438486432,0.9698140988444806,0.0954697125242401
2025-01-02 21:30:00,G01,GEO,8.255451119412966,0.5100492439416832,1.170477514501241,0.13873055671994428
2025-01-02 21:45:00,G01,GEO,9.86361884265551,0.5828494945450662,1.2700978187844678,0.1837844959412003
2025-01-02 22:00:00,G01,GEO,-0.15924421364508493,0.07259640489983102,0.3296058703979377,-0.017200656188472323
2025-01-02 22:15:00,G01,GEO,0.823109766403703,0.13299957602182502,0.46414744967856614,0.020807385415301236
2025-01-02 22:30:00,G01,GEO,2.408816251434655,0.16945366779167192,0.6194432615370363,0.03313441710984515
2025-01-02 22:45:00,G01,GEO,4.211953922748901,0.262668328474415,0.7318894592913491,0.07303125867780831
2025-01-02 23:00:00,G01,GEO,5.645786167303051,0.33145562543185403,0.8947669588546772,0.0941778548460689
2025-01-02 23:15:00,G01,GEO,7.164052536059136,0.39321877018132007,1.0602938917950606,0.1455312276597864
2025-01-02 23:30:00,G01,GEO,8.320353686620772,0.4737824232193104,1.172407345690529,0.1653585686365738
2025-01-02 23:45:00,G01,GEO,10.222843741653726,0.5743109847109391,1.342582660157917,0.20394145718174933
2025-01-03 00:00:00,G01,GEO,0.26859532356418403,0.0516965252784699,0.36283384806746743,-0.0029416486031203356
2025-01-03 00:15:00,G01,GEO,1.112889944268884,0.10399380406233093,0.5919138118870207,0.06728748841596653
2025-01-03 00:30:00,G01,GEO,2.8511396205793496,0.18282977990792681,0.6367160475658878,0.07036190605792342
2025-01-03 00:45:00,G01,GEO,4.087356132606973,0.24434835488699577,0.735895020497342,0.10554030646326802
2025-01-03 01:00:00,G01,GEO,5.689532904969405,0.31307949648432637,0.861480562626533,0.12475219215120784
2025-01-03 01:15:00,G01,GEO,7.3100783493233275,0.36954784128682955,0.9514789371383866,0.16892185794375253
2025-01-03 01:30:00,G01,GEO,9.20824784322371,0.46023742935153433,1.1719138175079962,0.18180970147553982
2025-01-03 01:45:00,G01,GEO,10.274056769043886,0.5136475012471756,1.2016070536347416,0.21389451510221505
2025-01-03 02:00:00,G01,GEO,0.30661025788648705,0.011738492985569412,0.366900373931538,0.013866064858559657
2025-01-03 02:15:00,G01,GEO,1.8025884122039162,0.0805811378307209,0.38340491254604836,0.06762904222293457
2025-01-03 02:30:00,G01,GEO,3.311872773247291,0.15921844529773516,0.5267706908582444,0.07418038802607203
2025-01-03 02:45:00,G01,GEO,4.642343666724695,0.20255465705092757,0.6718631313736079,0.1279790936506472
2025-01-03 03:00:00,G01,GEO,6.067012407356303,0.2849904335544194,0.758115317874229,0.13864688230715572
2025-01-03 03:15:00,G01,GEO,7.560611882245087,0.3584281162778155,0.8220541277770622,0.1799548562409682
2025-01-03 03:30:00,G01,GEO,9.095669395988836,0.41948723958976614,0.9788291078399635,0.21411027364464205
2025-01-03 03:45:00,G01,GEO,10.93604945474755,0.5106824138271548,1.1147798420150625,0.21780112545548064
2025-01-03 04:00:00,G01,GEO,0.6402688524102136,0.002394802800093949,0.11302215746789449,0.04842064293157242
2025-01-03 04:15:00,G01,GEO,1.9489471985778972,0.057125657036842595,0.19685219823655203,0.06415019666195979
2025-01-03 04:30:00,G01,GEO,3.5137954552965183,0.11262190058095238,0.32314288396817076,0.08687686143091533
2025-01-03 04:45:00,G01,GEO,4.591495150066986,0.18311537634406802,0.4229142259869781,0.10903679572474775
2025-01-03 05:00:00,G01,GEO,6.133537779154418,0.25509854227958234,0.529197333879298,0.13687582799371928
2025-01-03 05:15:00,G01,GEO,7.484899674959562,0.3195174756757142,0.6831634136976023,0.1996610868254891
2025-01-03 05:30:00,G01,GEO,9.301546140499855,0.4001097391615788,0.7369789438429939,0.21232927543622263
2025-01-03 05:45:00,G01,GEO,10.7373434704099,0.4601712339152878,0.9409235603976343,0.22483318483764136
2025-01-03 06:00:00,G01,GEO,0.9974791202817456,-0.048368219029704805,-0.04599662122506926,0.038788489304614246
2025-01-03 06:15:00,G01,GEO,2.0391033925172817,0.03446246022743099,0.04883635032277275,0.07088765297579482
2025-01-03 06:30:00,G01,GEO,3.6161265893843657,0.11283832941333799,0.11854162840674777,0.08644115663727261
2025-01-03 06:45:00,G01,GEO,4.374381807567469,0.16436881169017933,0.21175972519502428,0.12803587888748197
2025-01-03 07:00:00,G01,GEO,6.372122753928781,0.2319281396958376,0.29177443332844943,0.1442933461953288
2025-01-03 07:15:00,G01,GEO,7.780886158169723,0.2925042312810362,0.4286272809296801,0.1669346532601996
2025-01-03 07:30:00,G01,GEO,9.118601475915334,0.3757686655579964,0.6040546400048485,0.20175342018324746
2025-01-03 07:45:00,G01,GEO,10.9860594419785,0.43815746755263174,0.7377433892948366,0.219021412929403
2025-01-03 08:00:00,G01,GEO,0.3957336944934598,-0.05072478292027057,-0.20292999148256347,0.040973167477510904
2025-01-03 08:15:00,G01,GEO,1.875097685996114,0.006527824995028094,-0.12919188634657522,0.0596321425845771
2025-01-03 08:30:00,G01,GEO,3.322275711965701,0.060343748147277984,-0.07757841661865336,0.08539617283415675
2025-01-03 08:45:00,G01,GEO,4.653325161766871,0.1707505040279218,0.06358160939945254,0.09758123496494096
2025-01-03 09:00:00,G01,GEO,5.788907586342697,0.21293995239737093,0.19050034970037652,0.14775528453927844
2025-01-03 09:15:00,G01,GEO,7.491707116312773,0.290293356720851,0.3028411576197392,0.14318781548708365
2025-01-03 09:30:00,G01,GEO,8.872620932245635,0.37518493773511485,0.4348266367328052,0.18429741011733825
2025-01-03 09:45:00,G01,GEO,10.331735831481689,0.434212774516039,0.5850555930139696,0.1870693641592025
2025-01-03 10:00:00,G01,GEO,0.14994454114207428,-0.05508935442973212,-0.28178735354992124,0.009065419316222673
2025-01-03 10:15:00,G01,GEO,1.5862257123054107,0.0020902608321211316,-0.2943806935373454,0.022698651771212396
2025-01-03 10:30:00,G01,GEO,2.8248831933705403,0.07241607478474367,-0.14820743627103808,0.07134955106400925
2025-01-03 10:45:00,G01,GEO,4.478674550570814,0.13615193403092113,-0.04101478413024817,0.06363145079359632
2025-01-03 11:00:00,G01,GEO,5.745345763973913,0.22793377924132172,0.13697983338901454,0.09975838297372487
2025-01-03 11:15:00,G01,GEO,6.741222439070158,0.30102441545662306,0.2907002215587679,0.1233030857210497
2025-01-03 11:30:00,G01,GEO,8.569906494227284,0.3825545862261402,0.36680054983226495,0.15948476871824896
2025-01-03 11:45:00,G01,GEO,9.924093383853466,0.454863798764459,0.5366801445971481,0.17825787648726515
2025-01-03 12:00:00,G01,GEO,-0.17137469642630795,-0.046592961499894385,-0.4143783623650657,-0.0033722760814025284
2025-01-03 12:15:00,G01,GEO,1.1882373061437765,0.023010918913443423,-0.30793113746173173,0.023889456574249558
2025-01-03 12:30:00,G01,GEO,2.2335189372693556,0.09891217459544271,-0.1461559619067949,0.02770151279055903
2025-01-03 12:45:00,G01,GEO,3.7242501780745543,0.18290199846931843,-0.01901357160284997,0.05564242981050399
2025-01-03 13:00:00,G01,GEO,5.052693548533285,0.2430598071613446,0.13206954179643032,0.08457924970246825
2025-01-03 13:15:00,G01,GEO,6.729542018365125,0.3246145472187314,0.24357478147310238,0.08795505453557836
2025-01-03 13:30:00,G01,GEO,8.112556401102895,0.4073941838863304,0.4824273194591173,0.13374645948782046
2025-01-03 13:45:00,G01,GEO,9.528971732698226,0.49646298391050986,0.5911163848176377,0.1457506596580594
2025-01-03 14:00:00,G01,GEO,-0.2514831490300381,-0.01821047602970238,-0.2906526376341013,-0.04925832179522559
2025-01-03 14:15:00,G01,GEO,0.7767962200459202,0.05650327948891244,-0.13966282265425276,-0.007410019929712458
2025-01-03 14:30:00,G01,GEO,2.2066147416768054,0.13125974766682877,-0.021306467002297085,0.002375099097841919
2025-01-03 14:45:00,G01,GEO,3.685879234880639,0.21790124697414792,0.11551324495689991,0.04133231555987207
2025-01-03 15:00:00,G01,GEO,5.1722487769311,0.2922549280800146,0.27612343786656474,0.04453924967633618
2025-01-03 15:15:00,G01,GEO,6.5071095456679755,0.3594407009187395,0.45963768579828496,0.10751914029506293
2025-01-03 15:30:00,G01,GEO,7.6036922291512425,0.44514041570155805,0.6569256433576578,0.1191470233301348
2025-01-03 15:45:00,G01,GEO,9.485764557572546,0.51552086207588,0.7652031179098592,0.13210463527286836
2025-01-03 16:00:00,G01,GEO,-0.6246848956491997,0.0034341232512980014,-0.11463520914321695,-0.05086414767266159
2025-01-03 16:15:00,G01,GEO,0.8055741078979852,0.08852587279989091,-0.04813475146695712,-0.04357557392520316
2025-01-03 16:30:00,G01,GEO,1.8736826558987427,0.14221424810784292,0.1743798872480555,-0.0032567828423127818
2025-01-03 16:45:00,G01,GEO,3.352830975736359,0.22354871994323025,0.3158687078093126,0.02073252780738088
2025-01-03 17:00:00,G01,GEO,4.573397376047921,0.30312256609553573,0.40961351117402883,0.03724266197468642
2025-01-03 17:15:00,G01,GEO,6.254501837711579,0.3943761619447683,0.5930943077378876,0.07938492003428542
2025-01-03 17:30:00,G01,GEO,7.5129568785252046,0.4590111625862565,0.7452550351778193,0.12436846681208884
2025-01-03 17:45:00,G01,GEO,9.51586120173386,0.541243209654136,0.9648189885655648,0.1315713656714433
2025-01-03 18:00:00,G01,GEO,-0.7589424258152709,0.02406366780537485,0.06017286975535879,-0.03902275357391807
2025-01-03 18:15:00,G01,GEO,0.5683348647199193,0.10571622040118075,0.2153941761498262,-0.024933021882385064
2025-01-03 18:30:00,G01,GEO,1.8773542053514753,0.18442486969384433,0.35290986068993263,0.01757245019819948
2025-01-03 18:45:00,G01,GEO,3.269714310505576,0.24249818783379032,0.5108823456390127,0.02581405106318141
2025-01-03 19:00:00,G01,GEO,4.7407281200839595,0.3319537066594825,0.6715868433587546,0.04551694959624157
2025-01-03 19:15:00,G01,GEO,6.493324669671799,0.3944675263552732,0.7926971533200612,0.09804805512110928
2025-01-03 19:30:00,G01,GEO,7.8479348048279896,0.4928077624842862,1.0176847228548171,0.1240244383507667
2025-01-03 19:45:00,G01,GEO,9.619991344290916,0.5917164733477073,1.1266887513697872,0.15221901154356146
2025-01-03 20:00:00,G01,GEO,-0.6471733815762903,0.04882986980587828,0.2160146957920418,-0.0473565616841653
2025-01-03 20:15:00,G01,GEO,0.8185556971218858,0.12108258401021005,0.34361906717019186,-0.007923769664098346
2025-01-03 20:30:00,G01,GEO,2.126903892509555,0.20226143811018482,0.565155842655363,0.008809627355999664
2025-01-03 20:45:00,G01,GEO,3.490591673033101,0.2709796305213799,0.631588771870279,0.07099306104193494
2025-01-03 21:00:00,G01,GEO,5.115185255511575,0.3489178044791664,0.8579111436665178,0.08011335387963231
2025-01-03 21:15:00,G01,GEO,6.403569556654456,0.43129526908574706,0.985066067735201,0.0965671788658149
2025-01-03 21:30:00,G01,GEO,8.185777428901524,0.47638592226238463,1.1362875470458085,0.1542024622573036
2025-01-03 21:45:00,G01,GEO,9.566747934154911,0.566766119312241,1.2983969790216192,0.14937592978964273
2025-01-03 22:00:00,G01,GEO,-0.02768927935320764,0.05756368254530354,0.3702120663879226,-0.019003557488711503
2025-01-03 22:15:00,G01,GEO,1.200339377172277,0.10894312387921223,0.46375064001862437,0.024537098641107227
2025-01-03 22:30:00,G01,GEO,2.4416213768586457,0.19308183262171205,0.5542795628077632,0.02677857865183067
2025-01-03 22:45:00,G01,GEO,3.7344303406979726,0.24633578402400405,0.7820154496568137,0.057695751003185164
2025-01-03 23:00:00,G01,GEO,5.612589970102469,0.33267393296305403,0.9250834764056718,0.1268190168311258
2025-01-03 23:15:00,G01,GEO,7.003392548464974,0.4162253669790261,1.0367848663950272,0.12407854813817369
2025-01-03 23:30:00,G01,GEO,8.613099142747961,0.5027324400793115,1.1588784565835772,0.17702106685001645
2025-01-03 23:45:00,G01,GEO,10.361437861401836,0.5422817681050487,1.2654127400326938,0.18519830999635398
2025-01-04 00:00:00,G01,GEO,0.3083712597715179,0.03962334202421902,0.43121881074824514,0.010460427217117943
2025-01-04 00:15:00,G01,GEO,1.6421558607869857,0.10869771265068402,0.45762599229336215,0.053166030210255615
2025-01-04 00:30:00,G01,GEO,2.7650091106759143,0.15271364895765727,0.6617307701548578,0.06096994789036474
2025-01-04 00:45:00,G01,GEO,4.180373485926548,0.22269219381445585,0.7375288440980308,0.09730245772378482
2025-01-04 01:00:00,G01,GEO,5.878326608435607,0.31048102672814487,0.8399587518460531,0.12444888655690776
2025-01-04 01:15:00,G01,GEO,7.108516943093946,0.3829665971722823,1.0288845634180064,0.15480835695578826
2025-01-04 01:30:00,G01,GEO,8.869872782399321,0.4626243797419144,1.1048187185715501,0.18602043912681215
2025-01-04 01:45:00,G01,GEO,10.808106805432864,0.5512157306350334,1.2705819646587568,0.22653723351986046
2025-01-04 02:00:00,G01,GEO,0.5185123308815138,0.024331632785907838,0.3218667819902506,0.021317777353019478
2025-01-04 02:15:00,G01,GEO,1.8093634004255004,0.0586438729790965,0.36028245995502606,0.057291337135282276
2025-01-04 02:30:00,G01,GEO,3.375449665245499,0.13505640042092143,0.4983608856295065,0.09286566288513884
2025-01-04 02:45:00,G01,GEO,4.528073834946321,0.22535445287840297,0.6022427169635352,0.12756820565783475
2025-01-04 03:00:00,G01,GEO,5.956768372144717,0.27739553142264156,0.6714209782146145,0.12267739810571242
2025-01-04 03:15:00,G01,GEO,7.845564301275478,0.33245735100225177,0.8284475067222601,0.14818396609417633
2025-01-04 03:30:00,G01,GEO,8.995329496251834,0.4326207671235985,0.9434840929034437,0.21476637104736038
2025-01-04 03:45:00,G01,GEO,10.768318152448124,0.5017621339466043,1.0445912798315469,0.23449186550063958
2025-01-04 04:00:00,G01,GEO,0.6589974358480101,0.0019497816099219001,0.11421864910544043,0.05289971447680362
2025-01-04 04:15:00,G01,GEO,2.3772888883719983,0.05559456799431886,0.23474981116020197,0.06589035712162794
2025-01-04 04:30:00,G01,GEO,3.091412423020629,0.12290734963948104,0.3756707094194394,0.10441795051945124
2025-01-04 04:45:00,G01,GEO,4.717414554018689,0.19762134504714826,0.493241474949223,0.12195500660607167
2025-01-04 05:00:00,G01,GEO,6.190991314610796,0.22834544849261082,0.6432405621457798,0.16191579572899426
2025-01-04 05:15:00,G01,GEO,7.762100682941401,0.3229218170495353,0.6926392291839155,0.17617604860671884
2025-01-04 05:30:00,G01,GEO,9.257228189236349,0.38311898897935237,0.7661594935280682,0.19368839309090638
2025-01-04 05:45:00,G01,GEO,10.790847301829588,0.4685500911580736,0.9362663261500332,0.23891960487578634
2025-01-04 06:00:00,G01,GEO,0.8498454571614465,-0.04905951287378565,-0.007264666787758086,0.04842774173227298
2025-01-04 06:15:00,G01,GEO,2.1925353920704795,0.015554305032352727,0.042606368628630105,0.043757637797883726
2025-01-04 06:30:00,G01,GEO,3.0902246378134177,0.10191814892683912,0.07718762434703591,0.0724439053016516
2025-01-04 06:45:00,G01,GEO,4.410226672211183,0.13774827558600763,0.2838447644841417,0.11151337570094143
2025-01-04 07:00:00,G01,GEO,6.129891459865624,0.24452375851287741,0.30729068883626454,0.13464062053698472
2025-01-04 07:15:00,G01,GEO,7.572025106372739,0.2941901482764515,0.395132850071931,0.16216257378048357
2025-01-04 07:30:00,G01,GEO,9.047462866032966,0.36510053444154456,0.5786972424091659,0.21560527735094442
2025-01-04 07:45:00,G01,GEO,10.789147593512483,0.4255061071554496,0.7138504513683481,0.2153403146512898
2025-01-04 08:00:00,G01,GEO,0.25866571091434537,-0.07264003093277613,-0.2397266037083129,0.02028241140232451
2025-01-04 08:15:00,G01,GEO,1.9308056655565358,0.0152089190183572,-0.14234911743081308,0.042204345435209706
2025-01-04 08:30:00,G01,GEO,3.2922838936289494,0.06726959611855324,-0.03847833566723016,0.07791324154202352
2025-01-04 08:45:00,G01,GEO,4.412588800771236,0.15282709793007795,0.04995154481823282,0.11391155286093868
2025-01-04 09:00:00,G01,GEO,5.7313101134499265,0.21794412560766807,0.24306992320017418,0.1349028303442943
2025-01-04 09:15:00,G01,GEO,7.684704858044889,0.29158556316349266,0.2228381856633248,0.14728327328718038
2025-01-04 09:30:00,G01,GEO,8.576011862253738,0.38530147963803135,0.4480964425918352,0.16503332562120315
2025-01-04 09:45:00,G01,GEO,10.464530723140971,0.46842659118808494,0.5402954082721921,0.2004275208007667
2025-01-04 10:00:00,G01,GEO,0.22350461273493058,-0.06581043573577819,-0.3792432482196941,0.012140406968375754
2025-01-04 10:15:00,G01,GEO,1.7026000961820045,0.007163177624149175,-0.2322416884161232,0.02882364075431484
2025-01-04 10:30:00,G01,GEO,2.754215030584262,0.086106968541203,-0.1022864041057578,0.06500531042637639
2025-01-04 10:45:00,G01,GEO,4.229451904362991,0.14439526836247932,-0.0386867614674438,0.08518697475358349
2025-01-04 11:00:00,G01,GEO,5.6619032678655365,0.21296501430047782,0.046885844811049106,0.0915408226866304
2025-01-04 11:15:00,G01,GEO,7.039870412622124,0.2982033627523318,0.23856844953686185,0.11956201943113265
2025-01-04 11:30:00,G01,GEO,8.643256730379333,0.3736398812031349,0.35610254570244476,0.15272342063909103
2025-01-04 11:45:00,G01,GEO,9.943410093443308,0.45116048922869406,0.5497610410838669,0.18049300369679766
2025-01-04 12:00:00,G01,GEO,-0.2090455437436916,-0.04659830738006063,-0.3862005055687769,-0.021724903347642134
2025-01-04 12:15:00,G01,GEO,0.7906947743578712,0.020041381845912528,-0.2731206491737879,0.001257096752232711
2025-01-04 12:30:00,G01,GEO,2.3346452068510986,0.097904271567502,-0.1447017544745163,0.0439557174041238
2025-01-04 12:45:00,G01,GEO,3.6980510707301413,0.16553536578573855,-0.027087127274204058,0.049817896772529804
2025-01-04 13:00:00,G01,GEO,5.35533674770544,0.2667223044208604,0.13828307705660198,0.06652953697910204
2025-01-04 13:15:00,G01,GEO,6.909998154630114,0.30152416535031673,0.23990389113911037,0.1079070509540798
2025-01-04 13:30:00,G01,GEO,8.141757382075745,0.41171573669773937,0.43862885815212826,0.13604104828247512
2025-01-04 13:45:00,G01,GEO,9.771616878474383,0.4871966353268568,0.564228998998346,0.1535427310077035
2025-01-04 14:00:00,G01,GEO,-0.35140797696356196,-0.03472155607279801,-0.2918149138792093,-0.01942523915899469
2025-01-04 14:15:00,G01,GEO,0.5956275481809209,0.04672355821096388,-0.183194836598254,-0.0356598493917486
2025-01-04 14:30:00,G01,GEO,2.2568576765374435,0.1310152598381674,-0.020923653034828904,0.010609257301666354
2025-01-04 14:45:00,G01,GEO,3.254615354669881,0.19993351314324903,0.11309286990859868,0.04270543377915092
2025-01-04 15:00:00,G01,GEO,4.771333286050955,0.2753285058049511,0.3157244641193318,0.06197460668515928
2025-01-04 15:15:00,G01,GEO,6.404180113905636,0.34534823467076037,0.4124608969759279,0.07484197284356413
2025-01-04 15:30:00,G01,GEO,7.818378546044103,0.4232836544977791,0.6110032370272782,0.11220608568055468
2025-01-04 15:45:00,G01,GEO,9.383672529395009,0.5360413309918506,0.784376839675515,0.1400946153761057
2025-01-04 16:00:00,G01,GEO,-0.5062211281628405,0.018805832030449523,-0.1796906441054859,-0.03585238908144158
2025-01-04 16:15:00,G01,GEO,0.8286868834346357,0.08638200038055345,0.0050851794641313414,-0.019742657685544125
2025-01-04 16:30:00,G01,GEO,1.9576310427633414,0.16289854150877622,0.15338767926478597,-0.01091701612155762
2025-01-04 16:45:00,G01,GEO,3.3438301698264477,0.24306539571749075,0.3198984338639269,0.032228449977684315
2025-01-04 17:00:00,G01,GEO,4.54775085012827,0.3141715893377817,0.520051234552554,0.05739635157216661
2025-01-04 17:15:00,G01,GEO,6.184109819855703,0.3932996859265356,0.6173045587165886,0.06589319677062085
2025-01-04 17:30:00,G01,GEO,7.792011524471724,0.46203083029340036,0.8204196072506387,0.09599399170196478
2025-01-04 17:45:00,G01,GEO,9.05882032987198,0.5509144809657683,0.9422785222921808,0.15212454621156535
2025-01-04 18:00:00,G01,GEO,-0.5444416454193088,0.05490338631288172,0.022862179328148182,-0.0580132384071814
2025-01-04 18:15:00,G01,GEO,0.5546243072366123,0.10874774975693179,0.18336238935218224,-0.00652574255490101
2025-01-04 18:30:00,G01,GEO,1.9845175324741815,0.1804704027097963,0.4254921732007924,0.01967840332632353
2025-01-04 18:45:00,G01,GEO,3.6739836990357038,0.2648138801985249,0.4585983330425495,0.01928397719514075
2025-01-04 19:00:00,G01,GEO,5.071853095895102,0.31966189369589365,0.7217159319210572,0.060044119517152536
2025-01-04 19:15:00,G01,GEO,6.1068399071628106,0.38587995706614037,0.8252759345990188,0.09653132692281023
2025-01-04 19:30:00,G01,GEO,7.976053618087326,0.4970838470501269,1.0078316944813934,0.10639667165579783
2025-01-04 19:45:00,G01,GEO,9.657039911200322,0.5695745912842645,1.1515823322680858,0.1689321366755248
2025-01-04 20:00:00,G01,GEO,-0.662925225392869,0.03900464708171851,0.23833201478849356,-0.0341162405979855
2025-01-04 20:15:00,G01,GEO,1.0396382969190623,0.14099546029278465,0.35527820460711323,-0.014923917272443127
2025-01-04 20:30:00,G01,GEO,2.399997170985421,0.18150678756400349,0.44858527064063963,0.029224379020301956
2025-01-04 20:45:00,G01,GEO,3.5259317676991233,0.27452802157030365,0.6808279790963215,0.04092238443160313
2025-01-04 21:00:00,G01,GEO,4.982501843389013,0.3467495706534666,0.8932388608036398,0.08297007672689853
2025-01-04 21:15:00,G01,GEO,6.313536510264183,0.4185080381898795,0.9788761658173547,0.10616584922643803
2025-01-04 21:30:00,G01,GEO,8.221168327274867,0.47433300668076644,1.1013047718658957,0.14228608092246098
2025-01-04 21:45:00,G01,GEO,9.77347514579004,0.5831086832729642,1.286344639143092,0.1809421977188212
2025-01-04 22:00:00,G01,GEO,-0.19548576486676703,0.05116149896234625,0.44211392896931584,-0.03225769489246493
2025-01-04 22:15:00,G01,GEO,0.9286519622912961,0.13733766231631644,0.4768300075462485,0.026417659649999876
2025-01-04 22:30:00,G01,GEO,2.6166628380918833,0.1859227776877665,0.6158511173766582,0.06111439196896257
2025-01-04 22:45:00,G01,GEO,3.809887995912903,0.25956683364874467,0.7540398712183761,0.06924944632837127
2025-01-04 23:00:00,G01,GEO,5.3294059585250375,0.3174626925489011,0.9484250325882285,0.1000747027625759
2025-01-04 23:15:00,G01,GEO,6.54358272767373,0.3878385117367394,1.0178925780431967,0.14817003646567567
2025-01-04 23:30:00,G01,GEO,8.57738547732746,0.4878935634348246,1.1336779858939612,0.16875077554123902
2025-01-04 23:45:00,G01,GEO,10.203907589574452,0.5606400117242446,1.2788220082114052,0.18636647236379505
2025-01-05 00:00:00,G01,GEO,0.28035164838115123,0.040744719780384374,0.38565981098659974,0.021853214734363982
2025-01-05 00:15:00,G01,GEO,1.6980759936537373,0.09181952869451662,0.4542782565952244,0.02541710423311355
2025-01-05 00:30:00,G01,GEO,2.8913461522065296,0.17370355104002583,0.5477291364091411,0.07826170588753162
2025-01-05 00:45:00,G01,GEO,4.227285393910541,0.23721237697155578,0.7187034728991208,0.08446478887620733
2025-01-05 01:00:00,G01,GEO,5.566110620010012,0.31286269101689784,0.8440895080977633,0.12888801128673674
2025-01-05 01:15:00,G01,GEO,7.38751236627024,0.37583194172431816,0.9752323600725359,0.16738268317581695
2025-01-05 01:30:00,G01,GEO,8.99041307927958,0.44348278974910316,1.033631006063482,0.19843217470292066
2025-01-05 01:45:00,G01,GEO,10.644508866754613,0.526892363531191,1.218271330514196,0.23667695110807752
2025-01-05 02:00:00,G01,GEO,0.16240837474830133,0.014741300781033988,0.30561920975751555,0.03010706663669808
2025-01-05 02:15:00,G01,GEO,2.0499214720697863,0.08816660175072867,0.394025310174874,0.043629214399492834
2025-01-05 02:30:00,G01,GEO,3.1749355277944904,0.14143088773344245,0.5051417237314018,0.09081026762531805
2025-01-05 02:45:00,G01,GEO,4.536362023373951,0.21038192392869157,0.5791649474957165,0.10537808704960085
2025-01-05 03:00:00,G01,GEO,6.152461704551567,0.29093626747059775,0.7414704870699587,0.16280415242209392
2025-01-05 03:15:00,G01,GEO,7.246884326583117,0.3478687178424931,0.8408343612764194,0.16151645700175934
2025-01-05 03:30:00,G01,GEO,9.261656568554487,0.416380856589856,0.9678232063864595,0.20711642283970688
2025-01-05 03:45:00,G01,GEO,10.664817975146,0.5080342884279693,1.122303904628226,0.24781822053274474
2025-01-05 04:00:00,G01,GEO,0.5380431553814142,-0.038296651165455595,0.17254798189284182,0.023787282861425105
2025-01-05 04:15:00,G01,GEO,2.1895029282277925,0.04865157865381177,0.21674670845359692,0.07059586872306174
2025-01-05 04:30:00,G01,GEO,3.72889285952346,0.11297887385390624,0.24527911616356202,0.07694794571883089
2025-01-05 04:45:00,G01,GEO,4.987294904952376,0.15811110506140338,0.4200030284546127,0.11621741175640264
2025-01-05 05:00:00,G01,GEO,6.153074700435165,0.2301809424765404,0.5322438133751854,0.138304440465798
2025-01-05 05:15:00,G01,GEO,7.436918716282162,0.3240384966195831,0.632849704712185,0.19669852259813456
2025-01-05 05:30:00,G01,GEO,9.1099378014198,0.38143603307627805,0.7893067771021228,0.2030974931420912
2025-01-05 05:45:00,G01,GEO,10.900538948044032,0.4575409519883484,0.8841573929706638,0.21843399554832477
2025-01-05 06:00:00,G01,GEO,0.7217378183319069,-0.03505367418782225,-0.0857938587230267,0.033472117449494354
2025-01-05 06:15:00,G01,GEO,2.046854759686914,0.028710332303895178,0.10851038561228625,0.06348836297392547
2025-01-05 06:30:00,G01,GEO,3.400721209262527,0.09468754262159944,0.07414011629596845,0.09926556032582738
2025-01-05 06:45:00,G01,GEO,4.469736587373325,0.14193485143104592,0.22085018226353692,0.11621581491739535
2025-01-05 07:00:00,G01,GEO,6.339388971497195,0.23014235085625748,0.38481066060136915,0.13920085647692587
2025-01-05 07:15:00,G01,GEO,7.869453454949414,0.31530059600920357,0.460498644912644,0.19452366829238077
2025-01-05 07:30:00,G01,GEO,9.0231460496976,0.37048057259710604,0.5286412305522576,0.1657724055472484
2025-01-05 07:45:00,G01,GEO,10.517952692839756,0.4516476388772143,0.6411970518308526,0.21978469888267377
2025-01-05 08:00:00,G01,GEO,0.8542741612334828,-0.04779862456210269,-0.30527504108517345,0.03804073482059431
2025-01-05 08:15:00,G01,GEO,1.9586181348851228,0.021042926114361295,-0.13191512718314147,0.04846546648472276
2025-01-05 08:30:00,G01,GEO,2.8437350851013035,0.08993506593390922,-0.04375866168859785,0.07580115259610672
2025-01-05 08:45:00,G01,GEO,4.5340064929875465,0.14716664600040588,0.035853266536342535,0.0843634126046965
2025-01-05 09:00:00,G01,GEO,5.775895930351231,0.21695239592946144,0.16440849745051692,0.1210961549138477
2025-01-05 09:15:00,G01,GEO,7.169239422128088,0.3022267035320533,0.3002898810950549,0.15582919970639264
2025-01-05 09:30:00,G01,GEO,8.722577086388416,0.3810458748397407,0.43229484213949604,0.18581139531939123
2025-01-05 09:45:00,G01,GEO,10.444882693419883,0.4478908995449116,0.6097634965639381,0.21449861960096053
2025-01-05 10:00:00,G01,GEO,0.2612477893448874,-0.04244530275998185,-0.4161829504248307,0.030540166807769137
2025-01-05 10:15:00,G01,GEO,1.3065760620930436,-0.0073236264236257315,-0.2916866026297671,0.024079794911668458
2025-01-05 10:30:00,G01,GEO,2.645818900144069,0.08330400752172847,-0.13228800269814647,0.06000228278713508
2025-01-05 10:45:00,G01,GEO,3.9045011395071847,0.1485369341588196,0.04553673013068089,0.10596013106189722
2025-01-05 11:00:00,G01,GEO,5.478651596014367,0.21835280943180863,0.07400809192343738,0.1043142633736241
2025-01-05 11:15:00,G01,GEO,6.92340453955612,0.3037851166967067,0.25083883048149863,0.12037862660112318
2025-01-05 11:30:00,G01,GEO,8.550416855692568,0.3736493876439837,0.3758328115147416,0.14923602755498364
2025-01-05 11:45:00,G01,GEO,10.272429251347463,0.4554789582574353,0.5409234057760695,0.18291647249101467
2025-01-05 12:00:00,G01,GEO,-0.19226470312871213,-0.038988655982359066,-0.40715212677323015,-0.019876125336440537
2025-01-05 12:15:00,G01,GEO,1.134228225497832,0.03876886648501342,-0.29969573321140974,0.010891954648268025
2025-01-05 12:30:00,G01,GEO,2.6402653979227133,0.10495706278888864,-0.1440646883832465,0.03257666066754162
2025-01-05 12:45:00,G01,GEO,3.6128973546140672,0.14633421744560363,-0.006474034926290586,0.0442275821028802
2025-01-05 13:00:00,G01,GEO,4.99255273664826,0.2607368314918215,0.09697613421811553,0.060174226537916035
2025-01-05 13:15:00,G01,GEO,6.494255895610869,0.31757599241230094,0.23344967317218723,0.10638288516879699
2025-01-05 13:30:00,G01,GEO,8.06834426563303,0.39306820128898196,0.4312701655902168,0.1252618812470887
2025-01-05 13:45:00,G01,GEO,9.864975778965507,0.47986051916428124,0.6129376797724512,0.1621456837379465
2025-01-05 14:00:00,G01,GEO,-0.6371152944795117,-0.027379962006268133,-0.3343874329184766,-0.031727284959686894
2025-01-05 14:15:00,G01,GEO,0.6125347164942665,0.05842772641594963,-0.10754247536422,-0.014650040969808938
2025-01-05 14:30:00,G01,GEO,2.152031453857112,0.11197451783671739,-0.002792492204002666,0.029874385217243393
2025-01-05 14:45:00,G01,GEO,3.417653212878086,0.1856605664725587,0.12007455453357875,0.042085255495415884
2025-01-05 15:00:00,G01,GEO,4.656854745021904,0.2628069899383301,0.2811115769459464,0.0502992398107323
2025-01-05 15:15:00,G01,GEO,6.178385911051297,0.3756589621827702,0.40917541195266216,0.078913067387047
2025-01-05 15:30:00,G01,GEO,7.84699984922596,0.4027360235376672,0.5834598367127375,0.11148915643458766
2025-01-05 15:45:00,G01,GEO,9.210603243910601,0.5128232740107999,0.723896765354989,0.1374925654090434
2025-01-05 16:00:00,G01,GEO,-0.43196949283680197,-0.01075210466683926,-0.05357401256713669,-0.05167595419637143
2025-01-05 16:15:00,G01,GEO,0.47458610166586934,0.08564499432531686,0.04740681335658464,-0.0211020094491043
2025-01-05 16:30:00,G01,GEO,1.8191863366871277,0.14554959910954274,0.16561838422202707,-0.011005005938009025
2025-01-05 16:45:00,G01,GEO,3.3746604984219126,0.22724180906831928,0.34146903938758666,0.022032979005200667
2025-01-05 17:00:00,G01,GEO,4.566799810537433,0.30070935623097445,0.4859028021681686,0.0541714951289475
2025-01-05 17:15:00,G01,GEO,6.316757170397208,0.40584935560248203,0.7162939039844187,0.0757842111121819
2025-01-05 17:30:00,G01,GEO,7.765990085312329,0.4864562078126422,0.8067997835344016,0.11039444375193207
2025-01-05 17:45:00,G01,GEO,9.509796402728883,0.5459980084809879,0.9788141210905688,0.15118346878146935
2025-01-05 18:00:00,G01,GEO,-0.411142773604318,0.05493462609403078,0.13907285528386562,-0.048163583296887275
2025-01-05 18:15:00,G01,GEO,0.4039887753419297,0.12053580034927479,0.17075798415436222,-0.032513828913577986
2025-01-05 18:30:00,G01,GEO,1.9056458701629078,0.17816480214494593,0.41251812160902984,0.03388458162222163
2025-01-05 18:45:00,G01,GEO,3.560869892657698,0.2432849474523101,0.50283071805944,0.031493203568449674
2025-01-05 19:00:00,G01,GEO,4.7756892655899845,0.33042594544667736,0.7094535385037375,0.05388515444110225
2025-01-05 19:15:00,G01,GEO,6.492438165976137,0.4011855864843295,0.7833188052361599,0.0918781367490726
2025-01-05 19:30:00,G01,GEO,7.812438052492222,0.4920182309835019,0.9706111201308464,0.11982907899436847
2025-01-05 19:45:00,G01,GEO,9.682730969193809,0.5552360059616166,1.1373406945101703,0.1522843688670042
2025-01-05 20:00:00,G01,GEO,-0.38398074660601317,0.06412076612767956,0.2821096553592071,-0.019140141802006586
2025-01-05 20:15:00,G01,GEO,0.8932998376970421,0.11380780617410603,0.3741358276633087,-0.007734944722025182
2025-01-05 20:30:00,G01,GEO,2.0704689138217973,0.1972090661792843,0.5421009109324143,0.02383957783313205
2025-01-05 20:45:00,G01,GEO,3.6881086468933058,0.2709915617744906,0.6246885822586383,0.05144131893689322
2025-01-05 21:00:00,G01,GEO,5.134000065139698,0.347986853423553,0.8908534560659956,0.04948552883736594
2025-01-05 21:15:00,G01,GEO,6.421771150790752,0.4232349956895571,0.9399946139183721,0.0999073205535811
2025-01-05 21:30:00,G01,GEO,8.062807674804645,0.4762126771157509,1.1474675067104816,0.1440672916124749
2025-01-05 21:45:00,G01,GEO,9.638662206063156,0.5732403730792182,1.276083595674849,0.1788355860611067
2025-01-05 22:00:00,G01,GEO,0.03439523975389667,0.06781187633658185,0.39727421034184174,-0.020983722217920706
2025-01-05 22:15:00,G01,GEO,1.5015547474441922,0.12523807199810225,0.4576839404939576,0.012119200463960044
2025-01-05 22:30:00,G01,GEO,2.4834858397481705,0.18259389669979992,0.6147289121244606,0.035958914805758184
2025-01-05 22:45:00,G01,GEO,3.973580455419841,0.26848058536911107,0.7465052120048378,0.07658861609478838
2025-01-05 23:00:00,G01,GEO,5.584512226488085,0.3291084796554799,0.9467109060792037,0.10318719136727114
2025-01-05 23:15:00,G01,GEO,7.103595678684669,0.41758339083092655,1.0273074015562738,0.14305434244211215
2025-01-05 23:30:00,G01,GEO,8.651088469094452,0.46964617410964044,1.2010279809363165,0.15804597823695002
2025-01-05 23:45:00,G01,GEO,10.34632610125712,0.5425999326182842,1.3059326159575546,0.19461505369228665
2025-01-06 00:00:00,G01,GEO,0.011156602006650088,0.048685686775716656,0.34041533680958624,0.015443686677523888
2025-01-06 00:15:00,G01,GEO,1.3317202251911011,0.12974125682501678,0.550582053704112,0.032192832856391546
2025-01-06 00:30:00,G01,GEO,3.028418376770899,0.16169584785403485,0.6042582688411053,0.07376814803661273
2025-01-06 00:45:00,G01,GEO,4.456387663742925,0.23356872510324117,0.738884244474618,0.07572068847002285
2025-01-06 01:00:00,G01,GEO,5.832090009280888,0.31687571328270486,0.8421862171920899,0.13768332444113368
2025-01-06 01:15:00,G01,GEO,7.406547531081576,0.36724025547008327,0.9567778637589208,0.16920693942567397
2025-01-06 01:30:00,G01,GEO,8.879135107299613,0.45406201299152715,1.1464660823948267,0.20113778255029527
2025-01-06 01:45:00,G01,GEO,10.659168615962045,0.5261226955508528,1.2129889652279993,0.21838405495189225
2025-01-06 02:00:00,G01,GEO,0.7395173325581844,0.0016575402206870093,0.3597941588836406,0.022315026609247852
2025-01-06 02:15:00,G01,GEO,1.921066667258232,0.09337970943289187,0.3917084301824599,0.06664442881506441
2025-01-06 02:30:00,G01,GEO,3.374426950094196,0.13534947672633452,0.48688127283624855,0.11632083314843474
2025-01-06 02:45:00,G01,GEO,4.721780259371972,0.20689412861033038,0.5838413253811848,0.11954477542610943
2025-01-06 03:00:00,G01,GEO,6.006285700925643,0.27954032299499704,0.6508861267230985,0.13952098926691542
2025-01-06 03:15:00,G01,GEO,7.492096367624697,0.34464082332704277,0.8253579335349704,0.18528602048815498
2025-01-06 03:30:00,G01,GEO,9.117734490245306,0.4244898690326741,0.9709863370123899,0.21277805957986318
2025-01-06 03:45:00,G01,GEO,10.604162416124597,0.47587013220919516,1.0471576099777866,0.24234155650616956
2025-01-06 04:00:00,G01,GEO,0.7326896641038568,-0.01662014299921516,0.131056284983849,0.048093065678261035
2025-01-06 04:15:00,G01,GEO,2.024580968560344,0.029237815128126773,0.2509546985632046,0.0564280142674173
2025-01-06 04:30:00,G01,GEO,3.4973407458034114,0.10061650273283175,0.3625855755068036,0.09650134622217035
2025-01-06 04:45:00,G01,GEO,4.88641141404823,0.1829349297276283,0.4111938248526473,0.13052091222882312
2025-01-06 05:00:00,G01,GEO,6.186721559983527,0.24797506730606836,0.5420415201325164,0.15394934484516334
2025-01-06 05:15:00,G01,GEO,7.684332683937441,0.3041267065831189,0.6153820831218115,0.1714562738303875
2025-01-06 05:30:00,G01,GEO,9.22940723811049,0.400814549690709,0.7463815267278314,0.19824727427109443
2025-01-06 05:45:00,G01,GEO,10.603317098791031,0.4798261606909108,0.870584223535384,0.2324664601773822
2025-01-06 06:00:00,G01,GEO,0.5945638956824042,-0.04667192216570136,-0.0983595856315497,0.0312747348149092
2025-01-06 06:15:00,G01,GEO,2.081895516334994,0.014899378274557017,0.022341086118315555,0.06029551239704013
2025-01-06 06:30:00,G01,GEO,3.309449295604636,0.07011303026063417,0.10224734449328782,0.09833136261150939
2025-01-06 06:45:00,G01,GEO,4.678412298306917,0.1472293638257826,0.20948352144011712,0.09059230797807476
2025-01-06 07:00:00,G01,GEO,5.908334169195914,0.2437802250658411,0.2839563714960927,0.13388188486441238
2025-01-06 07:15:00,G01,GEO,7.578525058827622,0.2944228489869978,0.4854993377587065,0.1609488708059509
2025-01-06 07:30:00,G01,GEO,9.068554186268663,0.36469075639368215,0.5841730434143986,0.19791931814621846
2025-01-06 07:45:00,G01,GEO,10.659039534035394,0.45607483292383283,0.7155036483241873,0.24533556163879502
2025-01-06 08:00:00,G01,GEO,0.44586597783825843,-0.0547954736067268,-0.23606308602376713,0.02638264201546312
2025-01-06 08:15:00,G01,GEO,1.5634866963548626,-0.0071951270938875826,-0.19455252830934477,0.05984899688255614
2025-01-06 08:30:00,G01,GEO,3.448256852893897,0.0759511742674688,-0.06411720977473352,0.0855738677983404
2025-01-06 08:45:00,G01,GEO,4.161571415272244,0.12695612456051786,0.061778584001850725,0.07583341225362472
2025-01-06 09:00:00,G01,GEO,5.829463949206619,0.2381779101278891,0.19930064059815839,0.13152585830169453
2025-01-06 09:15:00,G01,GEO,7.112381530069041,0.2981237787836915,0.2848305536091228,0.14861389756883459
2025-01-06 09:30:00,G01,GEO,9.08059400667115,0.35851490841339323,0.3634586961595742,0.15516013276127044
2025-01-06 09:45:00,G01,GEO,10.504457690135856,0.44705601410346424,0.5425895912213887,0.2203056451818977
2025-01-06 10:00:00,G01,GEO,0.44485339962310844,-0.04621007031106656,-0.3704879000994446,0.010939874828949528
2025-01-06 10:15:00,G01,GEO,1.6123629463167028,0.010615125187632017,-0.26423742379005927,0.016385107064215216
2025-01-06 10:30:00,G01,GEO,2.751002551642014,0.08547163021170226,-0.17843911025018006,0.05092886838196204
2025-01-06 10:45:00,G01,GEO,3.939837601023342,0.1582209704554952,-0.03599424790403922,0.0743827932588459
2025-01-06 11:00:00,G01,GEO,5.3324575496547775,0.20744403688888588,0.12089854777067435,0.10056158338331819
2025-01-06 11:15:00,G01,GEO,6.9461295266060485,0.3101251646062448,0.22438165499052637,0.11739644964571931
2025-01-06 11:30:00,G01,GEO,8.538459786961052,0.36606128091175605,0.3542176584448053,0.15722835446360753
2025-01-06 11:45:00,G01,GEO,9.904987015593118,0.4672329339950751,0.5367567924611979,0.16673541303653736
2025-01-06 12:00:00,G01,GEO,0.03185899909384343,-0.023416753000066824,-0.38990371562637705,-0.012742366111120179
2025-01-06 12:15:00,G01,GEO,1.260563700617054,0.021955422945537737,-0.2868158359577606,0.0010906596787203533
2025-01-06 12:30:00,G01,GEO,2.1249952325127883,0.10417221451042741,-0.16552266691827136,0.005520586457652319
2025-01-06 12:45:00,G01,GEO,3.896299254404054,0.1672580757443684,0.0018725697848849397,0.06243741962033508
2025-01-06 13:00:00,G01,GEO,4.950230747520286,0.24800484017141763,0.1817769913630448,0.07301813862751547
2025-01-06 13:15:00,G01,GEO,6.495021960611185,0.309777498048503,0.32904125816873714,0.08515228904084866
2025-01-06 13:30:00,G01,GEO,7.896254032398826,0.38211302695305116,0.44938616837541323,0.13180824673095723
2025-01-06 13:45:00,G01,GEO,9.845397690392767,0.4908153205271368,0.5672000320052919,0.16027281753445555
2025-01-06 14:00:00,G01,GEO,-0.3290216418442015,-0.014765805232903835,-0.33685645252594704,-0.027173756592023344
2025-01-06 14:15:00,G01,GEO,0.6341253053973791,0.0577934413635183,-0.16485860093098417,-0.014161036278133306
2025-01-06 14:30:00,G01,GEO,2.3161143856026287,0.12872942107763594,-0.08853394312138128,0.027459135572495824
2025-01-06 14:45:00,G01,GEO,3.176136060801039,0.20350122203559434,0.15692086423331922,0.016504667484093925
2025-01-06 15:00:00,G01,GEO,4.906678673334809,0.27538782551698576,0.294956152475948,0.0591869308352369
2025-01-06 15:15:00,G01,GEO,6.279146746752681,0.3777997045144755,0.4587915749486079,0.09142612997764019
2025-01-06 15:30:00,G01,GEO,7.659359216862337,0.44634539888152824,0.6025911541855589,0.09201394621253996
2025-01-06 15:45:00,G01,GEO,9.603686634250192,0.5247048760725956,0.781466258323785,0.14553576394850146
2025-01-06 16:00:00,G01,GEO,-0.5339162691581788,0.0028131237443015855,-0.07986312773583433,-0.04668857884261931
2025-01-06 16:15:00,G01,GEO,0.5772038681845467,0.08213425607296884,0.06307978469938298,-0.025107549624424966
2025-01-06 16:30:00,G01,GEO,1.834077612464988,0.1379938994465338,0.16571331640394676,0.0017898830936298323
2025-01-06 16:45:00,G01,GEO,3.3773149409775707,0.22854992033257446,0.3294779230340795,0.03053571174584373
2025-01-06 17:00:00,G01,GEO,4.574008902880205,0.3183472627067987,0.4734809460333954,0.06550009767167658
2025-01-06 17:15:00,G01,GEO,6.231454060171617,0.39655283599646923,0.6493759868830251,0.06829120825904703
2025-01-06 17:30:00,G01,GEO,7.49901345583743,0.43094079285641274,0.7685663298324823,0.08664632930845041
2025-01-06 17:45:00,G01,GEO,8.867777009164174,0.5466049339842444,0.962853587605299,0.15914761691934692
2025-01-06 18:00:00,G01,GEO,-0.704529112126819,0.03632485714559545,0.10093700756716559,-0.053084365344496245
2025-01-06 18:15:00,G01,GEO,0.6515324022715059,0.10980536295063024,0.13676006109455555,-0.028813349518263733
2025-01-06 18:30:00,G01,GEO,1.8776015827316088,0.17267959939122926,0.37281436281823016,0.016715488313434123
2025-01-06 18:45:00,G01,GEO,3.3324826655826407,0.28024768417390783,0.585216723766678,0.04013976407527438
2025-01-06 19:00:00,G01,GEO,5.078454100268533,0.34651793292224725,0.6992022391342066,0.050779644394659276
2025-01-06 19:15:00,G01,GEO,6.2046145568630156,0.4050580426962485,0.8176749117464889,0.08870143722666059
2025-01-06 19:30:00,G01,GEO,7.77457467763531,0.4830768860643386,1.0345686107624044,0.1278164761870335
2025-01-06 19:45:00,G01,GEO,9.39025141598051,0.5430601957001273,1.1503587326128832,0.15822280306859826
2025-01-06 20:00:00,G01,GEO,-0.3572879273458062,0.06357810922943798,0.2933131131965772,-0.03298484287922106
2025-01-06 20:15:00,G01,GEO,0.45964619628778114,0.117717904645187,0.37361336717249266,-0.020025830386371873
2025-01-06 20:30:00,G01,GEO,2.1372286255957422,0.2048427851850972,0.5446394766945843,0.014360358749021331
2025-01-06 20:45:00,G01,GEO,3.6047672265721142,0.2602751846282909,0.6668741119648746,0.037994516847968354
2025-01-06 21:00:00,G01,GEO,5.0660742110968515,0.3330350656073613,0.815536832700626,0.07153085777237332
2025-01-06 21:15:00,G01,GEO,6.566388807543714,0.42372829944115925,0.9528455110257267,0.11310402592139744
2025-01-06 21:30:00,G01,GEO,8.327535956227399,0.4869433088399514,1.1064674628483195,0.1567874462154827
2025-01-06 21:45:00,G01,GEO,9.755950539213554,0.5702307509566905,1.3109021037457387,0.1812398500276455
2025-01-06 22:00:00,G01,GEO,-0.5301680133544602,0.060822525902656424,0.37497648507283315,-0.028469423326547928
2025-01-06 22:15:00,G01,GEO,1.0740979238340704,0.1424170649418069,0.48399483130359094,0.02786176360779095
2025-01-06 22:30:00,G01,GEO,2.3717164469018313,0.20074099747080165,0.6620248172277932,0.04925978223738367
2025-01-06 22:45:00,G01,GEO,4.059223855145376,0.2548856980737124,0.6994987619544734,0.08798460892738806
2025-01-06 23:00:00,G01,GEO,5.422382121556895,0.33816920629955766,0.8931394801662561,0.10379324583489663
2025-01-06 23:15:00,G01,GEO,6.971021582969912,0.41533059443399634,1.0521733354040896,0.14543073435378803
2025-01-06 23:30:00,G01,GEO,8.536801893335992,0.47032564770508667,1.1446025843120604,0.1427595856685909
2025-01-06 23:45:00,G01,GEO,9.892942257476141,0.5632558313671999,1.3644756927331025,0.1870855164915758
2025-01-07 00:00:00,G01,GEO,0.025378830961685788,0.05836277028478683,0.35373684515876164,0.0021883744565552553
2025-01-07 00:15:00,G01,GEO,1.043946954468932,0.09140490013920746,0.4527703628457248,0.03365397490314635
2025-01-07 00:30:00,G01,GEO,2.772286280790459,0.17901133311305745,0.625348781206048,0.05656760309151822
2025-01-07 00:45:00,G01,GEO,4.349135357265865,0.20463858360630885,0.7484631027970681,0.09348841649529684
2025-01-07 01:00:00,G01,GEO,5.822572930808423,0.3105963672009984,0.9083441746520653,0.1257389115268983
2025-01-07 01:15:00,G01,GEO,7.300210129210787,0.37634768969391147,0.9307182247779706,0.17141413231750177
2025-01-07 01:30:00,G01,GEO,9.163213651917504,0.4578387678833315,1.0970152835664904,0.16295319940851444
2025-01-07 01:45:00,G01,GEO,10.422699738235016,0.537178499970199,1.2255688413352421,0.2213813186851628
2025-01-07 02:00:00,G01,GEO,0.6488965898589119,0.025264552552180797,0.3803830457470855,0.011222677721664215
2025-01-07 02:15:00,G01,GEO,1.848332704582424,0.0842419510731438,0.41708802254924365,0.045735121122807004
2025-01-07 02:30:00,G01,GEO,3.132091664006387,0.1335272183560344,0.48391722140972204,0.10007116090295086
2025-01-07 02:45:00,G01,GEO,4.49199765381283,0.194855226807143,0.6362872457827436,0.11213136845196112
2025-01-07 03:00:00,G01,GEO,6.2284220640694645,0.25154975226670184,0.6923727205196705,0.1307373490433732
2025-01-07 03:15:00,G01,GEO,7.606121209270781,0.35088244052683876,0.8161659027083166,0.16758875229740008
2025-01-07 03:30:00,G01,GEO,9.524183575213888,0.43863614881849605,0.9788910016819344,0.22912718770372165
2025-01-07 03:45:00,G01,GEO,10.842439526190999,0.5019197142002976,1.0687166297030277,0.22438911627208386
2025-01-07 04:00:00,G01,GEO,0.733114442854871,-0.022495435909980363,0.08718353096185587,0.05090771093744073
2025-01-07 04:15:00,G01,GEO,2.1128053295718527,0.016389839168849167,0.22067066356510914,0.08553219769994778
2025-01-07 04:30:00,G01,GEO,3.4768545466189775,0.11173977003625286,0.2973485843205056,0.06699308286144683
2025-01-07 04:45:00,G01,GEO,5.130418591607848,0.19010780765997323,0.38615124874920764,0.11409538690217749
2025-01-07 05:00:00,G01,GEO,6.1047745154779465,0.2510124428264288,0.5742025760144334,0.13798866799552562
2025-01-07 05:15:00,G01,GEO,7.553101393548929,0.3069724037005135,0.6005776636551577,0.19030589906082346
2025-01-07 05:30:00,G01,GEO,8.94928529723837,0.37533855629332025,0.7339988133050174,0.20844459587266295
2025-01-07 05:45:00,G01,GEO,10.860398832886222,0.45001854902811544,0.8814731464242839,0.24251753219115074
2025-01-07 06:00:00,G01,GEO,0.4639609750294862,-0.041539483311478276,-0.06791647944948778,0.04280225950226628
2025-01-07 06:15:00,G01,GEO,2.0813143399762417,0.026314394094991107,0.03934437386765471,0.042449312818781025
2025-01-07 06:30:00,G01,GEO,3.1245623881928815,0.09330363652197605,0.1531438966397927,0.08732603216497228
2025-01-07 06:45:00,G01,GEO,4.783686557641113,0.17168678107218355,0.2138046810155674,0.11357589132976294
2025-01-07 07:00:00,G01,GEO,6.171528733724703,0.22628559832791617,0.34361194044248605,0.12462784374761861
2025-01-07 07:15:00,G01,GEO,7.437834633436036,0.29746465566060143,0.43944689081253824,0.1813899405739838
2025-01-07 07:30:00,G01,GEO,9.26992728956864,0.36016702160277325,0.5575395613744822,0.21569024317913185
2025-01-07 07:45:00,G01,GEO,10.582651349302822,0.44776134031071235,0.6981421813682328,0.21529988486973614
2025-01-07 08:00:00,G01,GEO,0.3818848789403131,-0.0327516868284954,-0.2805083358711739,0.021215791069129304
2025-01-07 08:15:00,G01,GEO,1.8044231682012446,0.00920155371312529,-0.14998186466522556,0.06271321925565049
2025-01-07 08:30:00,G01,GEO,3.2140722332009264,0.07500169524106748,-0.01621806184850933,0.07553378955743792
2025-01-07 08:45:00,G01,GEO,4.217159219642494,0.15658433015944942,0.02574124326235707,0.09535902085027428
2025-01-07 09:00:00,G01,GEO,5.975905525743838,0.20518487422001222,0.18413130066524205,0.11360875052668129
2025-01-07 09:15:00,G01,GEO,7.2855040522792445,0.3182163520255169,0.3137005696842095,0.14177226063161896
2025-01-07 09:30:00,G01,GEO,8.780306977970579,0.36165605038906484,0.37320801004728904,0.16363130695776335
2025-01-07 09:45:00,G01,GEO,10.113898964087808,0.45755959124312734,0.5965549866315885,0.2145110612511863
2025-01-07 10:00:00,G01,GEO,0.18480510291044608,-0.046539615845755944,-0.4121778989948158,0.0023706865409816955
2025-01-07 10:15:00,G01,GEO,1.3774763032226987,0.014344747417834923,-0.1939483027480844,0.02322286833255284
2025-01-07 10:30:00,G01,GEO,2.312448420382658,0.0827073418765149,-0.19450041147277033,0.04463596298870074
2025-01-07 10:45:00,G01,GEO,4.177296322918315,0.1442573668865894,-0.026925538849709992,0.0777205434329953
2025-01-07 11:00:00,G01,GEO,5.4887059514496555,0.21925736858136244,0.14428548265501753,0.0945252719288613
2025-01-07 11:15:00,G01,GEO,6.849110697623912,0.3002700705093047,0.2703268407746447,0.11966770010318226
2025-01-07 11:30:00,G01,GEO,8.315919347937173,0.3824315650011595,0.38482569879502854,0.1631044045780099
2025-01-07 11:45:00,G01,GEO,9.868352303955369,0.46739119566562115,0.5523132288163553,0.17246803839604755
2025-01-07 12:00:00,G01,GEO,-0.43326191685323356,-0.04490898620450959,-0.3620188042465991,-0.011399589543475126
2025-01-07 12:15:00,G01,GEO,0.9417842887890804,0.037338897690389894,-0.29285649620194637,0.015535105779846348
2025-01-07 12:30:00,G01,GEO,2.423814337251337,0.10100018223348166,-0.21772170193028897,0.043244084984147835
2025-01-07 12:45:00,G01,GEO,3.7823405002356685,0.16056637114931704,0.00846193255737118,0.046681014279017455
2025-01-07 13:00:00,G01,GEO,5.267362281768482,0.24690550372609382,0.14035830471755856,0.08077823251761973
2025-01-07 13:15:00,G01,GEO,6.566818944334896,0.3162390825265622,0.3075300625523508,0.1155261671009153
2025-01-07 13:30:00,G01,GEO,8.198444925675657,0.4103432973219048,0.4744409280164496,0.14622647794892757
2025-01-07 13:45:00,G01,GEO,9.73076569631861,0.4917783953474654,0.6305311810221889,0.14014986252884976
2025-01-07 14:00:00,G01,GEO,-0.5742351145508137,-0.009077139174477394,-0.25535706462038016,-0.027200433299959366
2025-01-07 14:15:00,G01,GEO,0.8145783105784918,0.056824610570931765,-0.19590670156793485,9.963962242804103e-06
2025-01-07 14:30:00,G01,GEO,1.9225746833521067,0.1267838190292756,-0.017379214320717068,0.03380472568369132
2025-01-07 14:45:00,G01,GEO,3.3428284139247277,0.19436982439357778,0.16148881905615436,0.045446470005102775
2025-01-07 15:00:00,G01,GEO,5.031341924638706,0.28850927981411345,0.29967406028155136,0.07298082912917331
2025-01-07 15:15:00,G01,GEO,6.305909290253366,0.3697736968541682,0.40746390140389904,0.06094556356385178
2025-01-07 15:30:00,G01,GEO,8.275046122155464,0.43268760901717807,0.6133501330203286,0.1254703621561001
2025-01-07 15:45:00,G01,GEO,9.747517959643675,0.5283391741957265,0.7321890145563035,0.1514700712123028
2025-01-07 16:00:00,G01,GEO,-1.1336631821226817,0.02597688584117234,-0.13914406251437955,-0.02718331408580222
2025-01-07 16:15:00,G01,GEO,0.636731180947569,0.09075766586011229,0.02858038060617331,-0.011255935921181074
2025-01-07 16:30:00,G01,GEO,1.8619485707374628,0.15127704131666278,0.17655749981482724,0.02155108773234477
2025-01-07 16:45:00,G01,GEO,3.4416714103817383,0.23104309933117634,0.3336936726333498,0.049450071496691436
2025-01-07 17:00:00,G01,GEO,4.678193411627909,0.32510375079282494,0.48588741449315515,0.07032999019812038
2025-01-07 17:15:00,G01,GEO,5.846475641936099,0.3908822844785912,0.6640699066838117,0.10093670828835151
2025-01-07 17:30:00,G01,GEO,7.721950088586012,0.464185041037563,0.811579338878638,0.11506348342358577
2025-01-07 17:45:00,G01,GEO,9.466558425313226,0.5422708706551519,0.9468936829084453,0.16074939397943144
2025-01-07 18:00:00,G01,GEO,-0.8090326239689376,0.030492412760524727,0.05247897241666255,-0.06962000247233202
2025-01-07 18:15:00,G01,GEO,0.8655164417167956,0.0911666218464451,0.20440322165729571,-0.017218640552761868
2025-01-07 18:30:00,G01,GEO,1.8416681943116133,0.17909787023393364,0.3708281313579406,-0.00803315258548412
2025-01-07 18:45:00,G01,GEO,3.6216447143872426,0.2620316107422495,0.5710945502494702,0.02664863918645283
2025-01-07 19:00:00,G01,GEO,4.732621496836497,0.34414412812738665,0.6699410231131212,0.06330417405153084
2025-01-07 19:15:00,G01,GEO,6.1660024703789675,0.41422961495294464,0.9034704293267914,0.10608031632383794
2025-01-07 19:30:00,G01,GEO,7.945177320212314,0.5041564050061443,0.9468200857847303,0.1289748706154704
2025-01-07 19:45:00,G01,GEO,9.827868563974983,0.5680049491279956,1.1416387152823253,0.12284895442818138
2025-01-07 20:00:00,G01,GEO,-0.4860701648584331,0.0391661323816998,0.22999147311087859,-0.030871088034588726
2025-01-07 20:15:00,G01,GEO,0.8018559409150341,0.11133412590990413,0.4446902830354683,-0.01547955892801806
2025-01-07 20:30:00,G01,GEO,2.2679950134516997,0.21217429447250585,0.48252900804108934,0.025418204479889486
2025-01-07 20:45:00,G01,GEO,3.2314280739261245,0.2479208961803553,0.678603569737423,0.05216753541573998
2025-01-07 21:00:00,G01,GEO,5.349403688346078,0.3381011602631879,0.776474363646304,0.0854062686363921
2025-01-07 21:15:00,G01,GEO,6.917085110741405,0.4051113859746775,0.9610481341448072,0.10342908423014403
2025-01-07 21:30:00,G01,GEO,8.486996721228481,0.4934174476087751,1.0873168670661155,0.12665409396837454
2025-01-07 21:45:00,G01,GEO,9.886218873322322,0.5623933418595323,1.3363367409907947,0.16692228011175653
2025-01-07 22:00:00,G01,GEO,-0.17729281495843663,0.08166931779903486,0.42193960274761805,-0.01072791826003099
2025-01-07 22:15:00,G01,GEO,1.1156618113686942,0.1221129489928095,0.5747737713609956,0.014104113868757054
2025-01-07 22:30:00,G01,GEO,2.748731277476062,0.18349093099786917,0.619731600458718,0.06626209184497908
2025-01-07 22:45:00,G01,GEO,4.119113937929352,0.2739972413491702,0.732072522970545,0.06826424870453189
2025-01-07 23:00:00,G01,GEO,5.307363784640473,0.33624547918956516,0.8786950886393708,0.09161054770956248
2025-01-07 23:15:00,G01,GEO,6.8059155046303585,0.4089452789839207,1.0655081980718069,0.15287611448292251
2025-01-07 23:30:00,G01,GEO,8.73586220341686,0.46910008612269494,1.198003141481174,0.1581024124428445
2025-01-07 23:45:00,G01,GEO,10.242720951706739,0.5336204155586344,1.2840165800086842,0.20933181904922601
2025-01-08 00:00:00,G01,GEO,0.2980271560760624,0.03642810970271519,0.4051728834933095,0.014325250747974414
2025-01-08 00:15:00,G01,GEO,1.9051609512561727,0.09626309466776133,0.5089065574864936,0.028697105102130537
2025-01-08 00:30:00,G01,GEO,3.226519851587221,0.16931360354194172,0.589067413418008,0.05929704481187704
2025-01-08 00:45:00,G01,GEO,4.51691493567433,0.24421971691575314,0.7750939959412334,0.09367642631492322
2025-01-08 01:00:00,G01,GEO,5.777319809818156,0.31061826886830024,0.8793642581497134,0.12677632722350066
2025-01-08 01:15:00,G01,GEO,7.482284318281976,0.4003343656817212,0.933869776677188,0.14989357835536624
2025-01-08 01:30:00,G01,GEO,8.793014565728312,0.45746277739302765,1.1545762178204138,0.18148887119708934
2025-01-08 01:45:00,G01,GEO,10.593205474950159,0.5135764942235562,1.2362729246224466,0.21150566259191492
2025-01-08 02:00:00,G01,GEO,0.4951361504163261,0.03139877010303258,0.24727101942668286,0.033292492980014264
2025-01-08 02:15:00,G01,GEO,1.9275341116299816,0.08844645668044038,0.3872525637777498,0.08202813636484023
2025-01-08 02:30:00,G01,GEO,3.3812150713243123,0.1329136298449646,0.44707603755166975,0.08729278666837843
2025-01-08 02:45:00,G01,GEO,4.85202022473096,0.18597227933492755,0.6108439685742965,0.10437177801076598
2025-01-08 03:00:00,G01,GEO,6.0887594089722255,0.26314814454701957,0.6927848633867599,0.1638762478967337
2025-01-08 03:15:00,G01,GEO,7.422462960561344,0.3493600193557836,0.8214094007626942,0.17480882213776366
2025-01-08 03:30:00,G01,GEO,9.342345880532307,0.4424628722723079,0.9334916992924456,0.19003736845380398
2025-01-08 03:45:00,G01,GEO,10.966091327537415,0.505893149838216,1.0414499748000527,0.22779514920264343
2025-01-08 04:00:00,G01,GEO,0.7954250570614267,-0.016988662777487562,0.12712047452877076,0.056109024382630775
2025-01-08 04:15:00,G01,GEO,1.9767491150100636,0.04686590072042761,0.16043621452908174,0.06159991836189147
2025-01-08 04:30:00,G01,GEO,3.3080885977273757,0.08034333142794893,0.33538286394137845,0.09232611003516245
2025-01-08 04:45:00,G01,GEO,4.760728283556286,0.17926368393278153,0.37960729543797633,0.11632827634557541
2025-01-08 05:00:00,G01,GEO,6.49070432818179,0.24256143245224446,0.48984650305715893,0.13813141061446363
2025-01-08 05:15:00,G01,GEO,7.350144338570641,0.3042379041570667,0.5975150361116293,0.17170960657925
2025-01-08 05:30:00,G01,GEO,9.132285716198671,0.3885482682055918,0.6681337724378803,0.21919629893099388
2025-01-08 05:45:00,G01,GEO,11.017542614040774,0.4806426085379113,0.9219095381798006,0.22282239191032602
2025-01-08 06:00:00,G01,GEO,0.7416374563615722,-0.04442497804356938,-0.16411803293786204,0.04294990496482962
2025-01-08 06:15:00,G01,GEO,2.449315760390315,0.012063915237549594,0.02391024244972327,0.05568798597082889
2025-01-08 06:30:00,G01,GEO,3.486815147193215,0.09326865252168322,0.06908756179069551,0.09293279116603574
2025-01-08 06:45:00,G01,GEO,4.423765010473794,0.1381939338496515,0.22073526201781665,0.11147867975748547
2025-01-08 07:00:00,G01,GEO,5.975527696306737,0.22741899922412442,0.26579953014201013,0.15335597654515482
2025-01-08 07:15:00,G01,GEO,7.7314796973465185,0.28696197380023925,0.4438925094247318,0.16797427983348176
2025-01-08 07:30:00,G01,GEO,8.830322225658001,0.37708397934721866,0.49808184039327,0.19030130384322405
2025-01-08 07:45:00,G01,GEO,10.561213887928137,0.4416312068069021,0.690057960015376,0.22333336964378886
2025-01-08 08:00:00,G01,GEO,0.6446966213160529,-0.056233620701946374,-0.2447259280543175,0.011397773925239258
2025-01-08 08:15:00,G01,GEO,1.6717632571526657,-0.006900771903572359,-0.2954130140935385,0.041015668911620055
2025-01-08 08:30:00,G01,GEO,3.3366170417277314,0.06321237304305988,-0.10223876718415623,0.0906876685394991
2025-01-08 08:45:00,G01,GEO,4.317649058925919,0.1559291640808206,0.09626060654719173,0.10993731119690218
2025-01-08 09:00:00,G01,GEO,5.773987755620043,0.22843232979777847,0.19633612699480513,0.10553555802587472
2025-01-08 09:15:00,G01,GEO,7.5014707029033145,0.29979085134880973,0.304195244140474,0.15973516039352673
2025-01-08 09:30:00,G01,GEO,8.750948837791592,0.36533797198497087,0.4092449077314137,0.16141314030199364
2025-01-08 09:45:00,G01,GEO,10.232991789613399,0.47071817207774486,0.5246640000317737,0.19402649468477737
2025-01-08 10:00:00,G01,GEO,0.1136202364816388,-0.06302073042225909,-0.4334512466568863,-0.008079629074297065
2025-01-08 10:15:00,G01,GEO,1.2368751630671375,0.01039694118050484,-0.29998538537052033,0.030381977432479914
2025-01-08 10:30:00,G01,GEO,2.6182705401005606,0.07220574356701026,-0.16902996661439823,0.05213209678657189
2025-01-08 10:45:00,G01,GEO,4.302318415938978,0.13610596278279394,-0.02662574182756069,0.08450079759930976
2025-01-08 11:00:00,G01,GEO,5.478501914635889,0.23366429261066393,0.07838655748013404,0.09526970603088072
2025-01-08 11:15:00,G01,GEO,7.064313042520832,0.3018733186131416,0.25058458707014364,0.113784816056643
2025-01-08 11:30:00,G01,GEO,8.04102196725968,0.39064727412063094,0.3309787184528152,0.14824697318801613
2025-01-08 11:45:00,G01,GEO,9.612316926635694,0.48052542945770793,0.49421293349153916,0.17464859908165484
2025-01-08 12:00:00,G01,GEO,-0.09535012213564403,-0.032263388057664134,-0.385327718224509,-0.005065378291830272
2025-01-08 12:15:00,G01,GEO,1.0189962747508883,0.041969908013018496,-0.22674734345372735,0.014150979054875645
2025-01-08 12:30:00,G01,GEO,2.531933137173112,0.11219711889468525,-0.11924232141967653,0.034394609052893224
2025-01-08 12:45:00,G01,GEO,3.5357128416066663,0.160288674997822,0.01057669049517136,0.07606327822467061
2025-01-08 13:00:00,G01,GEO,4.91180233708126,0.24119969221938303,0.20352271050883924,0.06897555638342148
2025-01-08 13:15:00,G01,GEO,6.6214522526816895,0.3436298784458373,0.23575679256251775,0.10942780572584411
2025-01-08 13:30:00,G01,GEO,8.063560710139855,0.4119491457688921,0.46647340898349443,0.14112143552601603
2025-01-08 13:45:00,G01,GEO,9.728219657503013,0.48177160739217856,0.6180526597911373,0.1623521785613947
2025-01-08 14:00:00,G01,GEO,-0.5342892693691716,-0.015306676512030132,-0.2844791069433045,-0.04238539164122032
2025-01-08 14:15:00,G01,GEO,0.8926488841152839,0.05886751513461648,-0.10180051772174557,-0.016509840676396943
2025-01-08 14:30:00,G01,GEO,1.9334551550598058,0.1468223284073613,0.015402665723651737,-0.008897771525572735
2025-01-08 14:45:00,G01,GEO,3.0579474465446888,0.19160232142038877,0.10847509886103776,0.030500689990623407
2025-01-08 15:00:00,G01,GEO,4.618826495667987,0.2814776301610492,0.29525839376376695,0.0701826080208767
2025-01-08 15:15:00,G01,GEO,6.402127319905375,0.35375560589453087,0.4616549053517412,0.09522718252038644
2025-01-08 15:30:00,G01,GEO,7.888213855774796,0.4260569977466842,0.6205853741118403,0.12271054946530792
2025-01-08 15:45:00,G01,GEO,9.363130150996884,0.5377169253936994,0.7115772886502723,0.13119710185145805
2025-01-08 16:00:00,G01,GEO,-0.5258277255019278,0.022634053606477886,-0.09803806976422114,-0.013250763179646713
2025-01-08 16:15:00,G01,GEO,0.5795615077566296,0.07748798402013726,0.08089369762634507,-0.05135501672624887
2025-01-08 16:30:00,G01,GEO,1.713952789003348,0.16210681661103696,0.14910574301789328,0.026784546494155678
2025-01-08 16:45:00,G01,GEO,3.430971686295069,0.2407779229556682,0.2996218569358623,0.022536277725199023
2025-01-08 17:00:00,G01,GEO,4.764550878891589,0.30232221605039106,0.4613299883713512,0.0720804621806851
2025-01-08 17:15:00,G01,GEO,6.155448802839585,0.3689949848129594,0.7022698907850418,0.07658624948518307
2025-01-08 17:30:00,G01,GEO,7.396344454081622,0.49034267198221254,0.8182631622699672,0.10198940520147859
2025-01-08 17:45:00,G01,GEO,9.171622955394254,0.549060468613679,0.9577707957555592,0.15398750521030916
2025-01-08 18:00:00,G01,GEO,-0.8291636784328091,0.05274881379693107,0.06684923573740466,-0.03365264739302404
2025-01-08 18:15:00,G01,GEO,1.075250707897117,0.09262615283583167,0.31878832693339754,-0.008907814465083867
2025-01-08 18:30:00,G01,GEO,2.103716185463402,0.17108351772615024,0.39048276853437625,0.00269471793999193
2025-01-08 18:45:00,G01,GEO,3.38766119706633,0.26869064835818557,0.5288814288730862,0.035744654478218785
2025-01-08 19:00:00,G01,GEO,4.8352899310633255,0.3146202446730163,0.7631222018930433,0.056181222245322564
2025-01-08 19:15:00,G01,GEO,6.308600337152643,0.41076949693839837,0.8766371781639709,0.10121374242134497
2025-01-08 19:30:00,G01,GEO,7.942476280519433,0.49004809482413264,0.9707976304269303,0.13517272949046605
2025-01-08 19:45:00,G01,GEO,9.790725578287233,0.5743449026201493,1.1549529786096282,0.15908345883836852
2025-01-08 20:00:00,G01,GEO,-0.3077573604384905,0.039984054360949005,0.27266946697700606,-0.023693875882529383
2025-01-08 20:15:00,G01,GEO,0.7595147957307363,0.13028304448532194,0.3593444530134552,-0.022066647176366118
2025-01-08 20:30:00,G01,GEO,2.515097600617901,0.22141740452209885,0.49649889570378286,0.006129304078592799
2025-01-08 20:45:00,G01,GEO,3.3816113311965266,0.26766745019494764,0.6735635236871282,0.04157833666889634
2025-01-08 21:00:00,G01,GEO,5.210038513714233,0.3420805020495905,0.8482829024430071,0.0872821516647362
2025-01-08 21:15:00,G01,GEO,6.458931490297293,0.43027439116082455,0.9689108729001858,0.10103622685070836
2025-01-08 21:30:00,G01,GEO,8.296630526983181,0.4847556229001074,1.1749389019046186,0.13910575122743207
2025-01-08 21:45:00,G01,GEO,9.747102103100369,0.5739759267570885,1.282056917951426,0.1579976010777996
2025-01-08 22:00:00,G01,GEO,-0.30754417172505655,0.055568467357761976,0.36809695246859947,-0.019386043540580298
2025-01-08 22:15:00,G01,GEO,1.0819333643360243,0.11840659932585484,0.5137278137577317,0.028935418105492376
2025-01-08 22:30:00,G01,GEO,2.3750282325732965,0.192471737301191,0.6047090732439866,0.04054757537257742
2025-01-08 22:45:00,G01,GEO,4.607579330255552,0.2568071996558606,0.7909468480858929,0.07933300397729477
2025-01-08 23:00:00,G01,GEO,5.549126007968478,0.3387527306064978,0.8524788973875234,0.12098342121761205
2025-01-08 23:15:00,G01,GEO,7.10452182402281,0.3974985032932601,1.0722940620682517,0.1381999872063579
2025-01-08 23:30:00,G01,GEO,8.634901214209291,0.4839385121092438,1.1540338935811292,0.1704367261704573
2025-01-08 23:45:00,G01,GEO,10.343031480281665,0.5631269735911721,1.2840184208941485,0.16656985803209123
2025-01-01 00:00:00,G02,GEO,0.5729900519313775,0.03225036583685396,0.2945636101086056,-0.004052361779452205
2025-01-01 00:15:00,G02,GEO,2.0928869970338715,0.11179867029411669,0.5399192032499114,0.010343973890796615
2025-01-01 00:30:00,G02,GEO,3.8055136991895506,0.19259545990290144,0.807886133512226,0.07487769574741811
2025-01-01 00:45:00,G02,GEO,5.300154222283248,0.2867990408753255,1.1544323902571803,0.09043970840419259
2025-01-01 01:00:00,G02,GEO,7.093829407431201,0.3782564961218972,1.4165020027563975,0.1520252687018499
2025-01-01 01:15:00,G02,GEO,9.14181988049945,0.4856573252591697,1.8348142198338302,0.16822710966608878
2025-01-01 01:30:00,G02,GEO,10.961320039997345,0.5646710187349887,2.1320503900324383,0.22133335802582446
2025-01-01 01:45:00,G02,GEO,13.331223188686272,0.6318368120824827,2.416959081185807,0.264001530524074
2025-01-01 02:00:00,G02,GEO,0.09574511318923618,0.017744838023853928,0.21873525384821474,0.028298701454339874
2025-01-01 02:15:00,G02,GEO,1.6597221586752768,0.0839694003720051,0.3976055976505788,0.04872817395310719
2025-01-01 02:30:00,G02,GEO,3.472134867843763,0.17258418142476167,0.8182569058676995,0.08861897504547038
2025-01-01 02:45:00,G02,GEO,5.089926006364385,0.242801016464254,0.9724968457351247,0.10493679264478153
2025-01-01 03:00:00,G02,GEO,6.963424541498892,0.3462912485212208,1.265024654642519,0.1434701142245216
2025-01-01 03:15:00,G02,GEO,8.739180243380593,0.4083235042166789,1.7040085718383808,0.16880891689235494
2025-01-01 03:30:00,G02,GEO,10.63112204091251,0.5139940795061788,1.9168412799187944,0.2336273360148235
2025-01-01 03:45:00,G02,GEO,12.695307696489275,0.602532475085802,2.3072690764131676,0.2679381451216912
2025-01-01 04:00:00,G02,GEO,0.10893941022664294,-0.018660461677243258,0.003657187642445876,0.02363528973273432
2025-01-01 04:15:00,G02,GEO,1.4714836004121001,0.0436193048883088,0.29206316286504524,0.04687761413921716
2025-01-01 04:30:00,G02,GEO,2.878591734634849,0.13808479601154247,0.6155735979300477,0.08420658666447334
2025-01-01 04:45:00,G02,GEO,4.729660903946479,0.20937633678467077,0.8522597837639927,0.1386229052068663
2025-01-01 05:00:00,G02,GEO,6.645571131201856,0.286519291602688,1.1855408553543605,0.15200400257730431
2025-01-01 05:15:00,G02,GEO,8.251841136690775,0.37648957719525195,1.481723931418788,0.18804474013890157
2025-01-01 05:30:00,G02,GEO,10.574886160904729,0.4684112867265213,1.7950616491174474,0.22542720749507825
2025-01-01 05:45:00,G02,GEO,12.300402901710997,0.5697324470404735,2.147194172919563,0.2836839031170895
2025-01-01 06:00:00,G02,GEO,-0.47055621830894556,-0.06622333768960094,-0.052532502863718106,0.05762004901473499
2025-01-01 06:15:00,G02,GEO,1.4741252587347975,0.01956272811809487,0.1259243402633395,0.05740108195462747
2025-01-01 06:30:00,G02,GEO,2.9044096623280202,0.09345948545812398,0.44626016271011537,0.10113630191642874
2025-01-01 06:45:00,G02,GEO,4.503211618341712,0.19021849367358884,0.6809177585108844,0.13977532673185872
2025-01-01 07:00:00,G02,GEO,6.443495407698159,0.2599369707029158,0.9684153896646331,0.148053675935179
2025-01-01 07:15:00,G02,GEO,8.223127006171104,0.33555454128896955,1.3091676514164372,0.19679034618548333
2025-01-01 07:30:00,G02,GEO,10.235264967107923,0.4361279375484315,1.6907533740479017,0.23584697802387425
2025-01-01 07:45:00,G02,GEO,12.326955595095653,0.5439514165640331,1.9968484780021738,0.2681253805291124
2025-01-01 08:00:00,G02,GEO,-0.3379058231771858,-0.06505249093512273,-0.1920266597723432,0.044482266282921734
2025-01-01 08:15:00,G02,GEO,1.1333238555712966,0.008406849854110155,0.022981128493536854,0.049485000460982614
2025-01-01 08:30:00,G02,GEO,2.8570088435158243,0.11029990260044652,0.3253886790607003,0.09896058593943226
2025-01-01 08:45:00,G02,GEO,4.614775396433783,0.1742749967426935,0.6377581578937713,0.12354545605805467
2025-01-01 09:00:00,G02,GEO,6.452788512261849,0.2665520601464958,0.9149510700990845,0.15324006584934216
2025-01-01 09:15:00,G02,GEO,8.546127861704743,0.3511106557288368,1.2559472866329566,0.19328700069993593
2025-01-01 09:30:00,G02,GEO,10.205549015611439,0.45939553211069706,1.5378208764123125,0.22061456004905056
2025-01-01 09:45:00,G02,GEO,12.34138373256463,0.5394146979357062,1.895560507143943,0.2554519443433226
2025-01-01 10:00:00,G02,GEO,-0.48141897041272,-0.08746099198605424,-0.2806318581299769,0.02518719325246174
2025-01-01 10:15:00,G02,GEO,1.3237660164422456,0.014483441633804722,-0.032073069564192896,0.0554399567821204
2025-01-01 10:30:00,G02,GEO,2.982956864812748,0.1018781912893567,0.2539081042240694,0.06810201854732097
2025-01-01 10:45:00,G02,GEO,4.977546022346759,0.18447882814736144,0.5615860075550585,0.11140316888798055
2025-01-01 11:00:00,G02,GEO,6.430814592590712,0.307654317053615,0.9018835790824352,0.14158845902158845
2025-01-01 11:15:00,G02,GEO,8.723317094831488,0.3752325775352856,1.3217035508346104,0.174154729352335
2025-01-01 11:30:00,G02,GEO,10.327880450027957,0.4725706037793329,1.5961420057124514,0.22548963060229577
2025-01-01 11:45:00,G02,GEO,12.456578709058672,0.565653555142829,1.8603537628619178,0.242646852651391
2025-01-01 12:00:00,G02,GEO,-0.2410184028899231,-0.04615727142014993,-0.24905716917260953,0.019348396397263285
2025-01-01 12:15:00,G02,GEO,1.1452734528330353,0.05515704301528418,0.05181190820039097,0.01120795912541412
2025-01-01 12:30:00,G02,GEO,3.0045409613818803,0.1168947971309104,0.34357716595396526,0.0779924972141944
2025-01-01 12:45:00,G02,GEO,4.9244125518326465,0.2121068548893493,0.603968069251765,0.08265125577414757
2025-01-01 13:00:00,G02,GEO,6.873531202677386,0.2912250358702711,0.978941352289021,0.13331814432585576
2025-01-01 13:15:00,G02,GEO,8.750614051262952,0.4029574286714634,1.3458601995691164,0.16077767642813343
2025-01-01 13:30:00,G02,GEO,10.426872411079037,0.5031744198048891,1.6947724416670884,0.17342745029272855
2025-01-01 13:45:00,G02,GEO,13.201687852921483,0.5837091830375436,2.014552184439887,0.18654506909284077
2025-01-01 14:00:00,G02,GEO,-0.12298128702527134,-0.017810156822077587,-0.19479783159571631,-0.015706741671347425
2025-01-01 14:15:00,G02,GEO,1.9197924823948045,0.06653753802139739,0.16467353775005233,0.019631138858413763
2025-01-01 14:30:00,G02,GEO,3.5535045466715833,0.15084634970381014,0.4255953593820556,0.04387942994574677
2025-01-01 14:45:00,G02,GEO,5.497785499523878,0.22843752245086982,0.8160271273348207,0.08006544653603857
2025-01-01 15:00:00,G02,GEO,6.792053954114063,0.32848576222818426,1.0815874495284377,0.09439682709504041
2025-01-01 15:15:00,G02,GEO,9.351188298667418,0.4229339216175379,1.4482797768468982,0.14627237814221183
2025-01-01 15:30:00,G02,GEO,11.11670197900532,0.5346072428273014,1.7925011665876023,0.17173979572789458
2025-01-01 15:45:00,G02,GEO,12.947355470938142,0.6515649812655321,2.15698275879397,0.20638466415435108
2025-01-01 16:00:00,G02,GEO,0.3114958750138018,0.029354878157847014,-0.05497365069859574,-0.027850085666658832
2025-01-01 16:15:00,G02,GEO,2.2796336146058835,0.07764567428174468,0.25055812090738805,-0.016739900524607134
2025-01-01 16:30:00,G02,GEO,3.4932299942240497,0.1852375845179234,0.5940486349020797,0.011546998698042219
2025-01-01 16:45:00,G02,GEO,5.71491618590557,0.273674768773751,0.887819152381796,0.06576684394742252
2025-01-01 17:00:00,G02,GEO,7.17852425273945,0.38656838543061656,1.2065946532060996,0.0981099573208036
2025-01-01 17:15:00,G02,GEO,9.35180994734082,0.4661991304745591,1.6643313460198543,0.15086972293558076
2025-01-01 17:30:00,G02,GEO,11.411816466395548,0.5906286089851069,1.9743314321199095,0.1882423412036383
2025-01-01 17:45:00,G02,GEO,13.265573183279237,0.6553487821350246,2.34622684530343,0.19261900192938336
2025-01-01 18:00:00,G02,GEO,0.5890767675165349,0.07506107741033215,0.13276652405865344,-0.053035655595015
2025-01-01 18:15:00,G02,GEO,2.1645275684811267,0.12897722114368074,0.4370180560898021,-0.011760037772525
2025-01-01 18:30:00,G02,GEO,4.1305070274559945,0.22378581362855737,0.7585885586892896,0.03072576753991144
2025-01-01 18:45:00,G02,GEO,5.989383794381925,0.3051021467986747,1.1070392734235677,0.05859022034862795
2025-01-01 19:00:00,G02,GEO,7.4042085865984495,0.3923112953284691,1.38336917490214,0.1033242643420687
2025-01-01 19:15:00,G02,GEO,9.779501349178844,0.47696065444309516,1.763022895114205,0.12212400816048721
2025-01-01 19:30:00,G02,GEO,11.447849517030486,0.5788294464147896,2.128159718099138,0.16838254844857303
2025-01-01 19:45:00,G02,GEO,13.639869892320904,0.6812879229952626,2.46259482488456,0.22122639189020804
2025-01-01 20:00:00,G02,GEO,0.3803335636035899,0.09126555474406903,0.22687963744217327,-0.02771465444250297
2025-01-01 20:15:00,G02,GEO,2.2054536370183637,0.16289385780587484,0.5595213988201095,0.023199432676415457
2025-01-01 20:30:00,G02,GEO,4.089682857004769,0.22441039993328166,0.8510382765049497,0.04621963704466758
2025-01-01 20:45:00,G02,GEO,5.7566999417897105,0.3296407489088436,1.1981873651046506,0.07476248464325709
2025-01-01 21:00:00,G02,GEO,7.703317283178315,0.39824480186504885,1.4913240375270775,0.08588540414851044
2025-01-01 21:15:00,G02,GEO,9.31287879105266,0.4814944574000816,1.7920265913716713,0.13007560766551368
2025-01-01 21:30:00,G02,GEO,11.465426991033146,0.5847839898332883,2.1137052830460266,0.1734442180858906
2025-01-01 21:45:00,G02,GEO,13.63865965009143,0.6728219935251748,2.4700460832590894,0.23989729515115243
2025-01-01 22:00:00,G02,GEO,0.7829492372199833,0.05782998153333941,0.2682392891181827,0.0006183007521379995
2025-01-01 22:15:00,G02,GEO,1.9809434232100913,0.15942139609295644,0.627028998908195,0.03241569686427139
2025-01-01 22:30:00,G02,GEO,4.078257494901479,0.22099125032206404,0.9288021960068858,0.04895543652105553
2025-01-01 22:45:00,G02,GEO,5.655577873166517,0.2828380645599764,1.188213759144622,0.0817934927206344
2025-01-01 23:00:00,G02,GEO,7.759480687937035,0.38774431717163527,1.4745049370563625,0.10775941182333186
2025-01-01 23:15:00,G02,GEO,9.298923133938464,0.47897829888951826,1.80822020338181,0.15768272347675724
2025-01-01 23:30:00,G02,GEO,11.326824230898854,0.5359059729443637,2.1559943246133546,0.20233362360299137
2025-01-01 23:45:00,G02,GEO,13.333918347033356,0.6664918196032287,2.5387816239815693,0.25095688860522053
2025-01-02 00:00:00,G02,GEO,0.1649369968660372,0.04471722533736842,0.26033678087613543,0.01126463162257393
2025-01-02 00:15:00,G02,GEO,1.8349570351013433,0.12393945323254558,0.5662586853289646,0.03659527457394021
2025-01-02 00:30:00,G02,GEO,3.7291731169900344,0.2136409670467907,0.824733099845967,0.10479159829017635
2025-01-02 00:45:00,G02,GEO,5.575026070591214,0.2902643636975306,1.164169723797032,0.0860942068336044
2025-01-02 01:00:00,G02,GEO,7.31773058743343,0.3587163016952723,1.4165620371806464,0.13920453978480615
2025-01-02 01:15:00,G02,GEO,8.945353529065143,0.456294804601644,1.7869653160987533,0.18793787221235128
2025-01-02 01:30:00,G02,GEO,10.781291702954954,0.5352166344930815,2.113581512606584,0.21893420616525489
2025-01-02 01:45:00,G02,GEO,12.910558962313988,0.6195891338859407,2.4430906092404605,0.26582232253280824
2025-01-02 02:00:00,G02,GEO,-0.3772496667212766,0.00813170887387795,0.16427049906158853,0.018792432933005913
2025-01-02 02:15:00,G02,GEO,1.2933317983898562,0.08102574295943005,0.44336526387554787,0.07041832963999368
2025-01-02 02:30:00,G02,GEO,3.765234864064753,0.16349599678894622,0.6941881973131788,0.08284081712777623
2025-01-02 02:45:00,G02,GEO,4.89839304728202,0.23553752834445402,0.9644550472650355,0.132504868421212
2025-01-02 03:00:00,G02,GEO,7.119118590428242,0.31143979273663225,1.3288193143161258,0.17317563733275065
2025-01-02 03:15:00,G02,GEO,8.661651805451214,0.41276563290472,1.644290653922409,0.1903060127455737
2025-01-02 03:30:00,G02,GEO,10.58154902668857,0.4908613347234085,1.9550252088438278,0.2469721183263479
2025-01-02 03:45:00,G02,GEO,12.556484800277598,0.5976745048925983,2.2896775792162902,0.27545346534651516
2025-01-02 04:00:00,G02,GEO,-0.1040864151926544,-0.029942445687552024,0.11215849845557196,0.04061218650138969
2025-01-02 04:15:00,G02,GEO,1.349094227375492,0.05374674688267189,0.338320268759256,0.07088033378915244
2025-01-02 04:30:00,G02,GEO,3.4410961491562797,0.13843205016428828,0.5848750669837935,0.0904867222163213
2025-01-02 04:45:00,G02,GEO,4.579061962924402,0.19701986172998506,0.8659248245544154,0.12919928776859696
2025-01-02 05:00:00,G02,GEO,6.794074386146432,0.26588362787259445,1.1564028117031637,0.16324823333996286
2025-01-02 05:15:00,G02,GEO,8.779667076996024,0.39246712094482944,1.410666162669889,0.19689414596982105
2025-01-02 05:30:00,G02,GEO,10.20752720036301,0.45999001442457893,1.7760482780932738,0.23088292708040506
2025-01-02 05:45:00,G02,GEO,12.59753857153066,0.5627078693290162,2.128305842954923,0.26590034079113023
2025-01-02 06:00:00,G02,GEO,-0.622336779857197,-0.062435797806744485,-0.13069131839470402,0.03333946438020305
2025-01-02 06:15:00,G02,GEO,0.9721002198278758,0.004217130111365978,0.12723720711064754,0.05640310289549669
2025-01-02 06:30:00,G02,GEO,2.885311263583173,0.10690827431156424,0.43483120798999547,0.09327941136404758
2025-01-02 06:45:00,G02,GEO,4.661469145431153,0.17592102334242551,0.6921292990999388,0.11248365015068823
2025-01-02 07:00:00,G02,GEO,6.517924480706541,0.27396339689620947,0.9754527311472629,0.1610299367963757
2025-01-02 07:15:00,G02,GEO,8.146661841197172,0.36530873513882683,1.306491158744933,0.18768348715812722
2025-01-02 07:30:00,G02,GEO,10.463727732455894,0.47695819262440553,1.6682613709582252,0.25901843745018066
2025-01-02 07:45:00,G02,GEO,12.329738179506252,0.5319634089254042,1.944350092614731,0.27714346764811315
2025-01-02 08:00:00,G02,GEO,-0.5177247432836061,-0.07353678480238186,-0.28794950117705287,0.028285570960584695
2025-01-02 08:15:00,G02,GEO,0.8144528023888543,0.00028072934344190053,0.06083611972682654,0.0642966778595997
2025-01-02 08:30:00,G02,GEO,2.646736578817965,0.08057067322089628,0.3416257410746739,0.09366916932481789
2025-01-02 08:45:00,G02,GEO,4.931328670256969,0.1795512110499484,0.5821448838006145,0.12784395262469087
2025-01-02 09:00:00,G02,GEO,6.388306204914629,0.25453294962636686,0.8918203804881765,0.1553332040034277
2025-01-02 09:15:00,G02,GEO,8.318211424844783,0.360004928391164,1.1654847488226587,0.180687569370673
2025-01-02 09:30:00,G02,GEO,10.232912893140488,0.4533521296413155,1.5403358342117146,0.21912029704391206
2025-01-02 09:45:00,G02,GEO,12.479687678146252,0.5451470628971458,1.8944564406115312,0.2366939306269732
2025-01-02 10:00:00,G02,GEO,-0.16649672373098273,-0.06115403873611301,-0.3088606108083541,0.01427955415993278
2025-01-02 10:15:00,G02,GEO,1.2187181327675032,0.03216381438989049,0.0039766713441852855,0.023889100844201067
2025-01-02 10:30:00,G02,GEO,3.1718329116452852,0.09803017569494732,0.3265126362190493,0.07489483790245904
2025-01-02 10:45:00,G02,GEO,4.64742827691414,0.1866323005479605,0.6064889860173313,0.09121653253935755
2025-01-02 11:00:00,G02,GEO,6.89421132584397,0.26520241180945736,0.9633166196519053,0.13860032637747635
2025-01-02 11:15:00,G02,GEO,8.296648239621081,0.37503474041095425,1.1996853495351762,0.1602329617502906
2025-01-02 11:30:00,G02,GEO,10.70490402039105,0.48100032855332947,1.6213433969432889,0.20221657231317886
2025-01-02 11:45:00,G02,GEO,12.767029089504994,0.565243961074435,1.9310514687890703,0.2410387924703824
2025-01-02 12:00:00,G02,GEO,-0.43180326145904313,-0.05740349363920899,-0.28910189020680693,-0.03124465831726534
2025-01-02 12:15:00,G02,GEO,1.5064325492703599,0.055628867326808155,-0.013570741253287619,0.032478322889705015
2025-01-02 12:30:00,G02,GEO,3.022524214322604,0.13622901222490397,0.3446765842698176,0.037466701190220185
2025-01-02 12:45:00,G02,GEO,4.8154942275497845,0.20716708003283965,0.7269117206232517,0.08213198627508272
2025-01-02 13:00:00,G02,GEO,6.607531155115843,0.29542998577794505,0.9936340718478246,0.12781741389167686
2025-01-02 13:15:00,G02,GEO,8.612613983216889,0.40049732005970384,1.3054302490508576,0.1567693956137827
2025-01-02 13:30:00,G02,GEO,10.641449915794583,0.4921713452152422,1.7133140571925016,0.17990870186737953
2025-01-02 13:45:00,G02,GEO,12.883628771739549,0.5949812632301694,2.0364548436456915,0.2244015038465093
2025-01-02 14:00:00,G02,GEO,0.22491310370637335,-0.006705103525652232,-0.1388863101765667,-0.03338424948028257
2025-01-02 14:15:00,G02,GEO,1.6815479182725759,0.06013609781727054,0.14108002596281116,0.004099150119139286
2025-01-02 14:30:00,G02,GEO,3.3411473280601007,0.15473754649069388,0.5138445377646483,0.027577708428810327
2025-01-02 14:45:00,G02,GEO,5.434991481550846,0.24944542690265245,0.7856356758446802,0.08048318788215822
2025-01-02 15:00:00,G02,GEO,7.076638997531577,0.33473890557005825,1.1180730696380443,0.11471499943381865
2025-01-02 15:15:00,G02,GEO,9.139203461200974,0.4556899858942685,1.4062964200746153,0.1562368428553646
2025-01-02 15:30:00,G02,GEO,11.1347966284798,0.5350488308335751,1.8813680142722113,0.1699816164164615
2025-01-02 15:45:00,G02,GEO,13.11927877658875,0.6442535159953872,2.1509793864591327,0.20951189488314706
2025-01-02 16:00:00,G02,GEO,0.1320923797886785,0.023135653700779964,-0.04545179506853302,-0.025909775178220452
2025-01-02 16:15:00,G02,GEO,1.9624594516941785,0.11865173309107653,0.3087889665233434,-0.0039900084776598186
2025-01-02 16:30:00,G02,GEO,3.8476681851453147,0.1967989059331941,0.6005855803183865,0.015540250476772774
2025-01-02 16:45:00,G02,GEO,5.435470772582417,0.2932266238841348,1.0053560217423292,0.07688744733750001
2025-01-02 17:00:00,G02,GEO,7.460176068918286,0.3830554418820229,1.3644751025301067,0.08486877069123379
2025-01-02 17:15:00,G02,GEO,9.521755064294748,0.47121444189342465,1.6073574007677554,0.13942058739537322
2025-01-02 17:30:00,G02,GEO,11.49543032821562,0.5855974283159489,2.00410602703042,0.15568968788024043
2025-01-02 17:45:00,G02,GEO,13.443308002015119,0.6693726111677065,2.364503562789873,0.2003935727686616
2025-01-02 18:00:00,G02,GEO,0.5081648076959535,0.06088251814322916,0.12141542021345993,-0.01466529118707215
2025-01-02 18:15:00,G02,GEO,2.2487499340558736,0.13668554471785788,0.42757373060791576,-0.008950715205881985
2025-01-02 18:30:00,G02,GEO,3.8807547050794713,0.2269259291937156,0.7552170158539808,0.036646732321821834
2025-01-02 18:45:00,G02,GEO,5.951648655461788,0.3074348924965017,1.076441778959673,0.0663484402818094
2025-01-02 19:00:00,G02,GEO,7.494116050932389,0.4120731937006654,1.4166232294513312,0.09151251019952604
2025-01-02 19:15:00,G02,GEO,10.084795406907288,0.5172938420353561,1.8020296902717565,0.1306401389317492
2025-01-02 19:30:00,G02,GEO,11.541948699319988,0.6174287834456399,2.072629273456077,0.19651932323616905
2025-01-02 19:45:00,G02,GEO,13.487134449902085,0.6835515903538228,2.4949557535777753,0.204656309482671
2025-01-02 20:00:00,G02,GEO,0.7825175482985343,0.06865756554092672,0.2380201904523055,-0.02712520926729281
2025-01-02 20:15:00,G02,GEO,2.536574770924085,0.1401797052052238,0.5328868612330239,0.005822517015795878
2025-01-02 20:30:00,G02,GEO,4.188560998042575,0.23957426022334177,0.9203422244658805,0.04128987609938745
2025-01-02 20:45:00,G02,GEO,5.821133189376728,0.3070500215711366,1.1401573353244905,0.06972822857063966
2025-01-02 21:00:00,G02,GEO,7.871659899544561,0.4166157932341179,1.538005283297543,0.12035998151586609
2025-01-02 21:15:00,G02,GEO,9.598469066456545,0.47880827135742976,1.8500636325361328,0.13849460191591
2025-01-02 21:30:00,G02,GEO,11.5131067152698,0.6160322917991602,2.2369283158514786,0.19401886902515048
2025-01-02 21:45:00,G02,GEO,13.302195539768856,0.6777257187194664,2.5575714032953636,0.23864908694385392
2025-01-02 22:00:00,G02,GEO,0.6259589401899113,0.04431915906818874,0.3150582610789334,-0.03480482633802654
2025-01-02 22:15:00,G02,GEO,1.802546823202982,0.14026726234539533,0.5901548840296035,0.008900377164341482
2025-01-02 22:30:00,G02,GEO,3.785459153988543,0.23421896419153335,0.8734575219619546,0.051789560028465985
2025-01-02 22:45:00,G02,GEO,5.952979444319704,0.29229161693024686,1.137286401011518,0.08387126656518354
2025-01-02 23:00:00,G02,GEO,7.471465838289424,0.4021537552055321,1.5068802434447521,0.1355384512278196
2025-01-02 23:15:00,G02,GEO,9.306266615192605,0.4733502918225387,1.8139295506027955,0.15104208975203143
2025-01-02 23:30:00,G02,GEO,11.064895662915223,0.5596909049867176,2.180337708739825,0.18634197729103769
2025-01-02 23:45:00,G02,GEO,13.228047040162762,0.6508289015678005,2.5291418739452656,0.2536818395238042
2025-01-03 00:00:00,G02,GEO,0.1912192839090298,0.04727518874623237,0.2242540716503827,0.0043648998622501855
2025-01-03 00:15:00,G02,GEO,1.7085616632529317,0.12642514702109844,0.5885977037690551,0.04454728667995879
2025-01-03 00:30:00,G02,GEO,3.1722377575787735,0.21330609373742768,0.8445639855499185,0.05924283485289606
2025-01-03 00:45:00,G02,GEO,5.517873163602054,0.2739961150717405,1.0570879420980377,0.09954630945509763
2025-01-03 01:00:00,G02,GEO,7.381689929851483,0.3588176311586965,1.4517199990236658,0.13763910119579856
2025-01-03 01:15:00,G02,GEO,8.956798836285953,0.45781729559840023,1.7471570053698637,0.18365537450201855
2025-01-03 01:30:00,G02,GEO,11.095839523465756,0.5458678530660183,2.0445916974931895,0.22957165250972847
2025-01-03 01:45:00,G02,GEO,12.8153929999313,0.62350725755909,2.409278005723805,0.2563300948604466
2025-01-03 02:00:00,G02,GEO,0.19400556539813177,0.013379599215667129,0.2016469401887623,0.028271947768944886
2025-01-03 02:15:00,G02,GEO,1.3539251237573993,0.08586985256204063,0.43913483575933765,0.053946985819730724
2025-01-03 02:30:00,G02,GEO,3.4589291172730854,0.15537548352258201,0.7212152087735761,0.09481804800629111
2025-01-03 02:45:00,G02,GEO,5.040994503954652,0.2462066815428815,0.9572820427264213,0.11752030883133681
2025-01-03 03:00:00,G02,GEO,6.670219619311157,0.3008566371572327,1.294916580129677,0.16286858480081795
2025-01-03 03:15:00,G02,GEO,8.848640169346996,0.4159293692913884,1.6070779526614145,0.19228336699966453
2025-01-03 03:30:00,G02,GEO,11.00015079508718,0.5059240494610513,1.9495182341268584,0.23442915754839252
2025-01-03 03:45:00,G02,GEO,12.690313743112426,0.5826848060388997,2.2844030849469132,0.2956257671034351
2025-01-03 04:00:00,G02,GEO,-0.2824392855635791,-0.02825952521454857,0.05093163922463788,0.01777124448656455
2025-01-03 04:15:00,G02,GEO,1.388129989152687,0.053852932536337765,0.3362278440894986,0.05443329761238669
2025-01-03 04:30:00,G02,GEO,3.059332576745011,0.11273795117287745,0.5089804179446465,0.10890028141293831
2025-01-03 04:45:00,G02,GEO,4.940195801088302,0.2057538110276934,0.8282415619111965,0.12940683788545365
2025-01-03 05:00:00,G02,GEO,6.795504217175282,0.30352239874822373,1.15523197688545,0.16009757797689894
2025-01-03 05:15:00,G02,GEO,8.176977263794045,0.39231774224496785,1.4519836802905277,0.21645928443656495
2025-01-03 05:30:00,G02,GEO,10.491524451741393,0.4604775059979261,1.8219599881202069,0.2500242618483902
2025-01-03 05:45:00,G02,GEO,12.462290817062561,0.5574400689073756,2.057469017216433,0.2659316490839392
2025-01-03 06:00:00,G02,GEO,-0.260846545192647,-0.0694703162507608,-0.14527493716393772,0.02404942869742766
2025-01-03 06:15:00,G02,GEO,1.2423278643934046,0.02055826034335171,0.1281091364404163,0.07198930200917014
2025-01-03 06:30:00,G02,GEO,2.989844042685469,0.10345484174570313,0.3432871896634719,0.10118771632849462
2025-01-03 06:45:00,G02,GEO,4.432209202926089,0.18147022119209472,0.7073807591924414,0.14853135746157842
2025-01-03 07:00:00,G02,GEO,6.186263163556512,0.26443200932687666,1.0512521719407977,0.15586218947712518
2025-01-03 07:15:00,G02,GEO,8.370307355154253,0.3839413277138985,1.322038425566619,0.20315243369368893
2025-01-03 07:30:00,G02,GEO,10.352885319680114,0.46651590149474476,1.6382441915516932,0.2458156736438829
2025-01-03 07:45:00,G02,GEO,12.523371261209485,0.5459391630354837,1.9838017688994902,0.2456440103963592
2025-01-03 08:00:00,G02,GEO,-0.5855594827429336,-0.06707896549695538,-0.25847821322047826,0.03437574436923236
2025-01-03 08:15:00,G02,GEO,1.2047472099838585,0.008058185783423256,0.03870790406565726,0.03012677947869171
2025-01-03 08:30:00,G02,GEO,2.9075471486014823,0.10259130785028413,0.2923996078204504,0.0775554838825871
2025-01-03 08:45:00,G02,GEO,4.488939895219465,0.18802770049187223,0.604528997629597,0.12913106446408076
2025-01-03 09:00:00,G02,GEO,6.318701197939698,0.24682563784009287,0.9217167060847804,0.14707671782984175
2025-01-03 09:15:00,G02,GEO,8.092839196170686,0.3528487799564002,1.1828433029144783,0.18213843700226448
2025-01-03 09:30:00,G02,GEO,10.296979755159636,0.4534959104309289,1.5455338610308738,0.21916862184327363
2025-01-03 09:45:00,G02,GEO,12.435636090016203,0.5618850831112708,1.9120455751554497,0.2518900722209014
2025-01-03 10:00:00,G02,GEO,-0.38415697068301524,-0.0775002895115844,-0.3204602480600203,0.028417527802026898
2025-01-03 10:15:00,G02,GEO,1.4368019209054799,0.012507615085870836,-0.05265869355087572,0.03309267205655212
2025-01-03 10:30:00,G02,GEO,2.7271029608408903,0.0916707932015677,0.23816362508966582,0.06589163393643555
2025-01-03 10:45:00,G02,GEO,4.276513892229295,0.18436448362543018,0.658529613737042,0.1007988072970628
2025-01-03 11:00:00,G02,GEO,6.698041685751104,0.2761917868499488,0.9242865684498376,0.14632033944582437
2025-01-03 11:15:00,G02,GEO,8.540735761248646,0.37763167982983353,1.2368117888223347,0.181774042310666
2025-01-03 11:30:00,G02,GEO,10.609616914322817,0.4551034331891619,1.5647816956877874,0.1976456488602468
2025-01-03 11:45:00,G02,GEO,12.350016960732304,0.5577932684765062,1.9385856983987941,0.231407531555627
2025-01-03 12:00:00,G02,GEO,-0.27656760034958644,-0.06255844071725433,-0.31430714327908266,-0.017437360433566598
2025-01-03 12:15:00,G02,GEO,1.663203281487426,0.03705019112547109,0.025712736354538572,0.04427577006902654
2025-01-03 12:30:00,G02,GEO,2.8950527652385594,0.13413839257766694,0.36248030124503167,0.04758996875782893
2025-01-03 12:45:00,G02,GEO,5.11172989517024,0.21036973167900921,0.71305256051492,0.0903718783486267
2025-01-03 13:00:00,G02,GEO,6.7271362956733105,0.31577157296792757,1.0027993465231047,0.11498057745650751
2025-01-03 13:15:00,G02,GEO,8.614785379659919,0.40390853715158226,1.2641442839627437,0.15483665718682063
2025-01-03 13:30:00,G02,GEO,10.864337624050393,0.4978467720515057,1.6297277662901781,0.20321287636007984
2025-01-03 13:45:00,G02,GEO,13.178611554423556,0.5796322993766445,1.9838076796090613,0.20753055874728962
2025-01-03 14:00:00,G02,GEO,-0.2000071487582823,-0.007429467487721157,-0.1754524197130249,-0.022804215728869138
2025-01-03 14:15:00,G02,GEO,1.458620625711863,0.07754028771359757,0.16031168408533553,0.0011073667168295088
2025-01-03 14:30:00,G02,GEO,3.4968578537345225,0.15069663594388352,0.43858041289138483,0.022353666488345865
2025-01-03 14:45:00,G02,GEO,5.360214068445797,0.24505568041390483,0.7283705556954461,0.05976957608776175
2025-01-03 15:00:00,G02,GEO,7.063977146850666,0.3378890312037262,1.1038758869292065,0.11514124981141023
2025-01-03 15:15:00,G02,GEO,9.122982605234881,0.4274203934521036,1.4296568433026187,0.13480431360960365
2025-01-03 15:30:00,G02,GEO,10.9876659053238,0.5268179100684025,1.8295514179176484,0.1565554753164315
2025-01-03 15:45:00,G02,GEO,13.36828079389416,0.6276109439151811,2.230786378907344,0.22024981579772362
2025-01-03 16:00:00,G02,GEO,0.43398675184180363,0.03308412437773227,-0.014458135184924475,-0.01702229322220024
2025-01-03 16:15:00,G02,GEO,1.827023946274956,0.1247446493283413,0.3127737691821394,-0.004005122478611085
2025-01-03 16:30:00,G02,GEO,3.6121685182549372,0.19994557765672352,0.5854762082609376,0.0299910068518475
2025-01-03 16:45:00,G02,GEO,5.606848341567052,0.27315087996677306,0.9315799970905991,0.06010413478874207
2025-01-03 17:00:00,G02,GEO,7.652328571500561,0.38055373303645795,1.2654725334214822,0.0980692274242337
2025-01-03 17:15:00,G02,GEO,9.53310372780047,0.47276110518010445,1.6518516333321343,0.1516985899465337
2025-01-03 17:30:00,G02,GEO,11.328345596023226,0.5743513798935036,1.9393482391462011,0.16019451937442675
2025-01-03 17:45:00,G02,GEO,13.367037775560998,0.6626821226951238,2.3647278431391316,0.2039605160968401
2025-01-03 18:00:00,G02,GEO,0.49521152639621663,0.037853170846071094,0.17115835832060158,-0.025449438429082063
2025-01-03 18:15:00,G02,GEO,2.419741491569509,0.14220285046808903,0.4415165325491076,0.0006986915961411603
2025-01-03 18:30:00,G02,GEO,4.029320899594805,0.21621332927416792,0.737692966446755,0.02610142705608044
2025-01-03 18:45:00,G02,GEO,5.712610118181804,0.3232336197476892,1.0798915622033813,0.07347609091807611
2025-01-03 19:00:00,G02,GEO,7.610880818541376,0.3945324532718377,1.3912776016474835,0.08946728367356091
2025-01-03 19:15:00,G02,GEO,9.563407638468426,0.5173385468794504,1.770401574552161,0.13540385430195725
2025-01-03 19:30:00,G02,GEO,11.680467994893416,0.570674181236126,2.0603954989401307,0.1851043649284725
2025-01-03 19:45:00,G02,GEO,13.258923498697717,0.7080600080163639,2.4708875667930013,0.19570227248028502
2025-01-03 20:00:00,G02,GEO,0.6032554494795233,0.07000768975736309,0.2461611431867235,-0.0012728167431394436
2025-01-03 20:15:00,G02,GEO,2.42496055994007,0.1535973410287171,0.4897607503409092,0.007127630194131602
2025-01-03 20:30:00,G02,GEO,4.279204081378252,0.2371515270188377,0.9475864686731723,0.027468064558721455
2025-01-03 20:45:00,G02,GEO,5.90442336909752,0.33178551087907104,1.222590995449934,0.08445708031544483
2025-01-03 21:00:00,G02,GEO,7.8963261157228715,0.4144337680038958,1.5214379656354968,0.09861116570893272
2025-01-03 21:15:00,G02,GEO,9.631416738181938,0.5028647424994235,1.8766222949310702,0.15030766736992565
2025-01-03 21:30:00,G02,GEO,11.201388364038314,0.5760728780398385,2.187992479033687,0.18593460692271624
2025-01-03 21:45:00,G02,GEO,13.270530084320436,0.6865204019428004,2.576563767351264,0.20925938246178968
2025-01-03 22:00:00,G02,GEO,0.34969155520142864,0.05888005857771124,0.30085637251484043,-0.024192768542769617
2025-01-03 22:15:00,G02,GEO,2.223895915984359,0.13469628712593268,0.5834716779739552,0.03515205642677765
2025-01-03 22:30:00,G02,GEO,3.8458982021199106,0.23155483960077922,0.9122876134393298,0.056186238744553876
2025-01-03 22:45:00,G02,GEO,5.59810373925294,0.2997083031649254,1.1719663931763107,0.09523938191906903
2025-01-03 23:00:00,G02,GEO,7.657314792883986,0.40761340375126115,1.545361768355786,0.12816292941405452
2025-01-03 23:15:00,G02,GEO,8.960702106445146,0.4954945990669308,1.8678755021287827,0.1671243946106839
2025-01-03 23:30:00,G02,GEO,11.012897033303137,0.5770029991967716,2.122131780761467,0.20419072120443968
2025-01-03 23:45:00,G02,GEO,13.700462057841873,0.6697764318909432,2.4605867061564486,0.2521434284163616
2025-01-04 00:00:00,G02,GEO,0.33097656220599775,0.05773867999408835,0.2534115014128486,-0.005081336134111174
2025-01-04 00:15:00,G02,GEO,1.8005344171976687,0.11781148582336462,0.47392159872024825,0.03524146099785923
2025-01-04 00:30:00,G02,GEO,3.4891730201041207,0.1904586680467183,0.8891751727875832,0.06757913804275098
2025-01-04 00:45:00,G02,GEO,5.558022860248497,0.2712994178673047,1.115540183047512,0.10404165324037147
2025-01-04 01:00:00,G02,GEO,7.263206184583138,0.35563325486764363,1.4771225923909634,0.14401460113300987
2025-01-04 01:15:00,G02,GEO,9.190853015375579,0.4444263744698759,1.7572462163865525,0.17071723313458015
2025-01-04 01:30:00,G02,GEO,10.820514494871821,0.5201700013194704,2.126894412845267,0.23624451570996116
2025-01-04 01:45:00,G02,GEO,12.986122873784417,0.6234677939434852,2.337092982622301,0.25027546022288505
2025-01-04 02:00:00,G02,GEO,-0.0923838762961085,0.02831341425114875,0.16465763737709613,0.04671592539113424
2025-01-04 02:15:00,G02,GEO,1.648809673828099,0.08293743579376803,0.43312218769829436,0.04967394683222617
2025-01-04 02:30:00,G02,GEO,3.1262282438967155,0.14254528623797394,0.7105162971268907,0.08733544997677095
2025-01-04 02:45:00,G02,GEO,5.1678264070871744,0.2417146791160531,1.0676592267761265,0.1396334688066466
2025-01-04 03:00:00,G02,GEO,7.021629342464271,0.3215050089684282,1.2592737038779953,0.13135116741824923
2025-01-04 03:15:00,G02,GEO,8.498542443977803,0.382032957357757,1.605301582751059,0.1950789194499244
2025-01-04 03:30:00,G02,GEO,10.854825167624796,0.486710134575034,1.9469273848173438,0.23080472296899357
2025-01-04 03:45:00,G02,GEO,12.922602159089987,0.5872616644175703,2.298114602094238,0.26755963381534525
2025-01-04 04:00:00,G02,GEO,-0.22849410551550076,-0.02221148537215921,-0.0038535604053000143,0.04822135943022594
2025-01-04 04:15:00,G02,GEO,1.2321399846470402,0.032171143147326366,0.25528472985445216,0.060497736055855574
2025-01-04 04:30:00,G02,GEO,3.048564471384299,0.13616157464971534,0.5091832456536395,0.11462017757866459
2025-01-04 04:45:00,G02,GEO,4.811101001841301,0.20940409575684119,0.8704317808757628,0.1254104144990804
2025-01-04 05:00:00,G02,GEO,6.610604542397184,0.3153448238687722,1.1392618049211967,0.16030194896262487
2025-01-04 05:15:00,G02,GEO,8.251635553283018,0.38498979086910806,1.3638792192473503,0.21189284527536995
2025-01-04 05:30:00,G02,GEO,10.360041195876464,0.4907116678019702,1.7481380619408446,0.21201835560838314
2025-01-04 05:45:00,G02,GEO,12.366500049056233,0.5812591431401156,2.1173538601806925,0.27046698150358006
2025-01-04 06:00:00,G02,GEO,-0.8994654544309049,-0.06194340777180429,-0.1404951614230674,0.049009237697482576
2025-01-04 06:15:00,G02,GEO,1.2986206536925688,0.033519215373453426,0.12819001085752532,0.07086317786070132
2025-01-04 06:30:00,G02,GEO,2.5277838786804563,0.12482286921459901,0.4003935203778268,0.08474796385595074
2025-01-04 06:45:00,G02,GEO,4.81312369610632,0.19503992340372484,0.72265669388751,0.11686512514829908
2025-01-04 07:00:00,G02,GEO,6.240155683037756,0.27124237047228344,1.0698278183050602,0.15497206030160937
2025-01-04 07:15:00,G02,GEO,8.48003494568877,0.3473266747734658,1.3100322276995358,0.1969248080440912
2025-01-04 07:30:00,G02,GEO,10.32560007174857,0.46295066159439535,1.6079411107652768,0.21649233075123422
2025-01-04 07:45:00,G02,GEO,12.143202454616738,0.5480940207693273,1.9662691855159755,0.2874962608687737
2025-01-04 08:00:00,G02,GEO,-0.7053578413385206,-0.0657070942761005,-0.23829017868063715,0.016375263235110876
2025-01-04 08:15:00,G02,GEO,0.7634565531526738,0.018974610764109872,0.07554130939398662,0.07864271196753171
2025-01-04 08:30:00,G02,GEO,2.6424834612295984,0.09794090923967361,0.3104224856329114,0.08777268032575504
2025-01-04 08:45:00,G02,GEO,4.661851000735357,0.16383432702558767,0.6004575864422812,0.1364050842735378
2025-01-04 09:00:00,G02,GEO,6.1999342844540735,0.2739757396576741,0.9480374008265653,0.16694883877536149
2025-01-04 09:15:00,G02,GEO,8.138456660557615,0.36402946442813516,1.2354959965495096,0.18349830011206927
2025-01-04 09:30:00,G02,GEO,10.432962925359803,0.45079998752069683,1.5769423468769936,0.24156841612342972
2025-01-04 09:45:00,G02,GEO,12.435947728356187,0.5446919358266854,1.925751493777373,0.2513732478139669
2025-01-04 10:00:00,G02,GEO,-0.543601526541199,-0.062489171015494144,-0.30630614163896347,0.026906854789169928
2025-01-04 10:15:00,G02,GEO,1.120135463797622,0.02290151076304483,-0.005240687845458395,0.05553026635773107
2025-01-04 10:30:00,G02,GEO,3.1453993203565833,0.10711879853719485,0.23336513344726106,0.06275634430652571
2025-01-04 10:45:00,G02,GEO,4.696466678189055,0.19662787804263684,0.584125585448922,0.0957616018207713
2025-01-04 11:00:00,G02,GEO,6.558230100296323,0.2644805787889288,0.8533633633063417,0.11751855580274015
2025-01-04 11:15:00,G02,GEO,8.507627843868455,0.36148776532464855,1.198797691550219,0.16094005797844177
2025-01-04 11:30:00,G02,GEO,10.6881876815117,0.4690403189421342,1.6002419205757528,0.20141767135587532
2025-01-04 11:45:00,G02,GEO,12.755397834287105,0.5652764472545069,1.9180203657917327,0.20978737502376804
2025-01-04 12:00:00,G02,GEO,-0.27957754762846443,-0.04359862712267684,-0.2660268451573623,-0.017812273526920042
2025-01-04 12:15:00,G02,GEO,1.9210612393811597,0.025397637755933337,0.02018447031552641,0.0060879865688552425
2025-01-04 12:30:00,G02,GEO,3.0893400091654306,0.11923009358582201,0.3361857383764298,0.059373668475611326
2025-01-04 12:45:00,G02,GEO,5.122040151726936,0.2172553192363091,0.7087089705657715,0.08328834468698973
2025-01-04 13:00:00,G02,GEO,7.219778753022017,0.3109174688769489,0.9816705400140903,0.13968075479641784
2025-01-04 13:15:00,G02,GEO,8.860193242394843,0.40113290965231374,1.3392384420821914,0.1528738372321512
2025-01-04 13:30:00,G02,GEO,10.886641727942441,0.5032612174996727,1.6170910008931847,0.19744272310590913
2025-01-04 13:45:00,G02,GEO,12.871153896517036,0.6093676219318009,2.029051394930195,0.224546302559693
2025-01-04 14:00:00,G02,GEO,0.045215057505912606,-0.011519050364956346,-0.15222729162063184,-0.028515356411172223
2025-01-04 14:15:00,G02,GEO,1.469718343993071,0.07381682229908706,0.1634572695228389,0.009701181813503334
2025-01-04 14:30:00,G02,GEO,3.206317604033962,0.15906428638310266,0.4661710661385805,0.051388775680207555
2025-01-04 14:45:00,G02,GEO,5.009771422036062,0.25938830830104737,0.8025309115235151,0.07603674736817005
2025-01-04 15:00:00,G02,GEO,6.782514611185658,0.3511642983866596,1.1865482456026517,0.1045258431742353
2025-01-04 15:15:00,G02,GEO,9.244586749873129,0.4481903913137005,1.4601417250109185,0.13288632326256483
2025-01-04 15:30:00,G02,GEO,11.123352233837277,0.5477490013481648,1.8673902182819744,0.1695725767688326
2025-01-04 15:45:00,G02,GEO,13.087111486933113,0.6330021563565699,2.231054212590132,0.2070971967514118
2025-01-04 16:00:00,G02,GEO,0.4199984216704315,0.03500535135447866,-0.0015433774316688381,-0.024211162427747037
2025-01-04 16:15:00,G02,GEO,1.8150041514307587,0.11094190987497408,0.3175239103587479,0.0005690276796385639
2025-01-04 16:30:00,G02,GEO,3.9011437245740055,0.22480779602401718,0.6159129587154043,0.023075613458973118
2025-01-04 16:45:00,G02,GEO,5.829319334980896,0.29242774259813376,0.9582425618008634,0.07071772453649718
2025-01-04 17:00:00,G02,GEO,7.183867336606158,0.40125519844364327,1.2642180209097356,0.09044940245682007
2025-01-04 17:15:00,G02,GEO,9.514797839672477,0.4737332648443897,1.5705753913020641,0.13384344501167253
2025-01-04 17:30:00,G02,GEO,11.381427646540203,0.5779807493046293,1.9549395318440461,0.18040854217581273
2025-01-04 17:45:00,G02,GEO,13.522605916075955,0.6793514658293018,2.350436534563475,0.20295005621852136
2025-01-04 18:00:00,G02,GEO,0.5264818278492598,0.0490773968763627,0.124844731707526,-0.026833879793355636
2025-01-04 18:15:00,G02,GEO,2.071272075961809,0.14164794401568723,0.4892494992530715,-0.00881005752234093
2025-01-04 18:30:00,G02,GEO,3.641891554435592,0.21795898704903136,0.7968674245422396,0.01892009374110383
2025-01-04 18:45:00,G02,GEO,5.52973301370724,0.312990856362991,1.1069454041337496,0.07028948495133297
2025-01-04 19:00:00,G02,GEO,7.5012244185839,0.40359665395908195,1.4167915320930096,0.10524203227647569
2025-01-04 19:15:00,G02,GEO,9.77922832489061,0.4951990298794129,1.7848291746459957,0.14027020266351248
2025-01-04 19:30:00,G02,GEO,11.708624541522422,0.5867145357976481,2.147994999397318,0.16153671071559983
2025-01-04 19:45:00,G02,GEO,13.541390236796081,0.6860394619939013,2.4699683375250534,0.21131755141063913
2025-01-04 20:00:00,G02,GEO,0.9166385568715314,0.08355763753041148,0.2546023012947887,-0.03931814900727336
2025-01-04 20:15:00,G02,GEO,1.9950333606591693,0.13488100777939097,0.5405494962994879,0.003153863617224943
2025-01-04 20:30:00,G02,GEO,3.749856999745031,0.20103525815950363,0.8810700346049557,0.05101239116220731
2025-01-04 20:45:00,G02,GEO,5.589877612705525,0.32059630356350416,1.2333740643691047,0.07993566841714358
2025-01-04 21:00:00,G02,GEO,7.580175457132025,0.4037547095024039,1.481797176686099,0.10446458761356879
2025-01-04 21:15:00,G02,GEO,9.210630558135485,0.49280670707031093,1.847913075251688,0.1489701548940272
2025-01-04 21:30:00,G02,GEO,11.286228836088789,0.5944495213249196,2.1960318675866803,0.18528327352722085
2025-01-04 21:45:00,G02,GEO,13.706402684869992,0.6832499809866239,2.53824751200549,0.20446711570555537
2025-01-04 22:00:00,G02,GEO,0.572979105200771,0.07113351599014003,0.29837990028919664,-0.027358627585554525
2025-01-04 22:15:00,G02,GEO,2.3629964366597376,0.15475070640162625,0.5759011225869698,0.023099008906638442
2025-01-04 22:30:00,G02,GEO,3.8270069103346422,0.22289346894351747,0.8726845147898985,0.06006240727296037
2025-01-04 22:45:00,G02,GEO,5.6037632507789485,0.30367012378489155,1.2157837133958966,0.0973211671550873
2025-01-04 23:00:00,G02,GEO,7.4884435017673665,0.3711595503612554,1.5060545831539356,0.11116571521691322
2025-01-04 23:15:00,G02,GEO,9.202019858587583,0.46522485184327034,1.8042045855785016,0.17312221650864545
2025-01-04 23:30:00,G02,GEO,11.313468395637674,0.5775171272449381,2.1606866650261503,0.20957815337640365
2025-01-04 23:45:00,G02,GEO,13.240824123122513,0.659607359476976,2.4999051584934846,0.2237451031645371
2025-01-05 00:00:00,G02,GEO,0.47520341946291306,0.03420958958474084,0.3009799730671322,0.017337881160857837
2025-01-05 00:15:00,G02,GEO,1.9874217294110417,0.12460992969688447,0.5104319184674699,0.022841729909945204
2025-01-05 00:30:00,G02,GEO,3.8521717778795077,0.17210849427614952,0.8520743867188437,0.0797726859565626
2025-01-05 00:45:00,G02,GEO,5.447915790974155,0.2809415560335823,1.1571285952630017,0.10375732790471018
2025-01-05 01:00:00,G02,GEO,7.154432345757055,0.36797773051903976,1.4063528842276969,0.13240439943534313
2025-01-05 01:15:00,G02,GEO,9.236977222264644,0.4426152971174087,1.8160979512256237,0.17562113360723183
2025-01-05 01:30:00,G02,GEO,10.919856083561708,0.5545668511056103,2.0315778539907416,0.20857893841523173
2025-01-05 01:45:00,G02,GEO,12.796986096972756,0.6386078954923705,2.4188680480068037,0.23997949483472103
2025-01-05 02:00:00,G02,GEO,-0.2373401649072647,-0.0013844244683925838,0.18041046446142536,0.02265418272546022
2025-01-05 02:15:00,G02,GEO,1.49243479162449,0.07669032686252708,0.4500049609226616,0.04172117737324039
2025-01-05 02:30:00,G02,GEO,3.3793026442041842,0.1524753961132923,0.656264788960641,0.08831794477393451
2025-01-05 02:45:00,G02,GEO,5.120024911263415,0.2480149406832782,1.0023072041127568,0.12766657354528688
2025-01-05 03:00:00,G02,GEO,6.804792014174816,0.32277911966537387,1.2683765597330747,0.1404818561550303
2025-01-05 03:15:00,G02,GEO,8.713065625567353,0.4057525250121439,1.580293454641203,0.17903528085992967
2025-01-05 03:30:00,G02,GEO,10.609827659149902,0.48653121481865447,1.8294494392952245,0.22784434920290195
2025-01-05 03:45:00,G02,GEO,12.880085928515024,0.5935512180255065,2.2936612225148987,0.27376774873921056
2025-01-05 04:00:00,G02,GEO,-0.3925689416915803,-0.016493402843527512,0.031759065101404096,0.03050888610953928
2025-01-05 04:15:00,G02,GEO,1.1706781719086221,0.047416048072833575,0.2588575447652425,0.07375251528444249
2025-01-05 04:30:00,G02,GEO,3.104083674765277,0.10636337655452033,0.4924761071522876,0.09019143844347723
2025-01-05 04:45:00,G02,GEO,4.668129370939016,0.20602479103995902,0.8023712552994536,0.12746647066739658
2025-01-05 05:00:00,G02,GEO,6.636108721862405,0.29393396202179656,1.191573000419391,0.15886563590005415
2025-01-05 05:15:00,G02,GEO,8.756946617016295,0.37734593805330074,1.4575138209884921,0.20132883998463494
2025-01-05 05:30:00,G02,GEO,10.500590715825325,0.4869944559046635,1.734779974335341,0.2378692620477073
2025-01-05 05:45:00,G02,GEO,12.391151699115904,0.5417994037247209,2.1288808996711257,0.2700248598418705
2025-01-05 06:00:00,G02,GEO,-0.4657384317196028,-0.04324576720945578,-0.2189071114864199,0.019681662833348282
2025-01-05 06:15:00,G02,GEO,0.9943615643893692,0.029046987525351287,0.051034007597754415,0.06183425362015407
2025-01-05 06:30:00,G02,GEO,3.0491815671623,0.09326139554700925,0.43570649269595363,0.0962185685635983
2025-01-05 06:45:00,G02,GEO,4.730728214683172,0.19919768417316183,0.6486191628292938,0.14272261612153225
2025-01-05 07:00:00,G02,GEO,6.646818745079332,0.23826360276236508,1.0211929194045666,0.16146653881558803
2025-01-05 07:15:00,G02,GEO,7.820598899669764,0.3455287101574548,1.3394025978977184,0.19997150727326068
2025-01-05 07:30:00,G02,GEO,10.432107304671334,0.46375321469264774,1.628046298649709,0.23060311619370322
2025-01-05 07:45:00,G02,GEO,12.39390122878102,0.5374808373376544,2.006506597697468,0.2734235336436389
2025-01-05 08:00:00,G02,GEO,-0.5182768697009447,-0.07293624301093858,-0.2904056358254401,0.01773265488354569
2025-01-05 08:15:00,G02,GEO,1.0771577258643228,-0.004254690475982778,-0.03493142507086321,0.051421318875399954
2025-01-05 08:30:00,G02,GEO,2.634864655595392,0.08996185334003103,0.3041252534631198,0.06555913693663931
2025-01-05 08:45:00,G02,GEO,4.742867452191843,0.16997741641641623,0.5960935980198231,0.11608964822693942
2025-01-05 09:00:00,G02,GEO,6.407171416674707,0.28349691126964044,0.8743442456425548,0.14438158122608502
2025-01-05 09:15:00,G02,GEO,8.31950005602998,0.3437129780715056,1.2688447451571454,0.17533070430652528
2025-01-05 09:30:00,G02,GEO,10.277274192203016,0.4459363157897628,1.5318633397283026,0.21929881603463644
2025-01-05 09:45:00,G02,GEO,12.274224755358953,0.5372622852162975,1.9104103331743734,0.2661280186072414
2025-01-05 10:00:00,G02,GEO,-0.4878533381290166,-0.07162731526406803,-0.26466964493446693,0.0028905415055552244
2025-01-05 10:15:00,G02,GEO,1.2411264222162182,0.02493220446849572,0.04403488120787683,0.038720176338043
2025-01-05 10:30:00,G02,GEO,2.90744048428762,0.08774667497462146,0.33113389248031744,0.03577865880181748
2025-01-05 10:45:00,G02,GEO,4.698079120629246,0.18773156164943,0.6057215727203356,0.08860452460683227
2025-01-05 11:00:00,G02,GEO,6.5700273793159685,0.28717443649714214,0.9277478410792173,0.13528517586068012
2025-01-05 11:15:00,G02,GEO,8.566822037230173,0.3777892312174738,1.2640974295611092,0.1733829069334962
2025-01-05 11:30:00,G02,GEO,10.377414738234956,0.48357859903888567,1.5679012912560057,0.20930311649210243
2025-01-05 11:45:00,G02,GEO,12.580966606722601,0.5763096445849379,1.8498988058900443,0.22453637470425336
2025-01-05 12:00:00,G02,GEO,-0.29519064326081335,-0.0401303216649985,-0.2830671186763927,-0.0094921857703922
2025-01-05 12:15:00,G02,GEO,1.274014877545633,0.039696974346699596,-0.033647286077263666,0.03745275402756992
2025-01-05 12:30:00,G02,GEO,3.2180236913399076,0.11919157325370276,0.2963178393446528,0.06337326363953742
2025-01-05 12:45:00,G02,GEO,5.252384294186848,0.20852103850951617,0.6647538720659054,0.06405134374910922
2025-01-05 13:00:00,G02,GEO,6.937164294010681,0.3158541618283407,1.0121968430750863,0.10829353824574335
2025-01-05 13:15:00,G02,GEO,9.071187577946409,0.39020461670169776,1.2635455724378193,0.1552862017910859
2025-01-05 13:30:00,G02,GEO,10.919484646451966,0.49786726227781897,1.5995660243544094,0.18205120101809563
2025-01-05 13:45:00,G02,GEO,12.935858999582814,0.6155649624186771,2.0247415901537207,0.21636672500550594
2025-01-05 14:00:00,G02,GEO,0.18643494599916666,-0.02314121380668251,-0.20617853593055138,-0.017220750355065505
2025-01-05 14:15:00,G02,GEO,1.9731203363421024,0.06509611196042293,0.14482239981336698,0.017813779730734808
2025-01-05 14:30:00,G02,GEO,3.307893828222179,0.17377613551956048,0.40483108354026104,0.04332090603423788
2025-01-05 14:45:00,G02,GEO,5.497464219884932,0.24855742682164267,0.7952608844814015,0.0663897793135097
2025-01-05 15:00:00,G02,GEO,7.3334928103545325,0.3471176891920358,1.1472221810025827,0.09753437170393037
2025-01-05 15:15:00,G02,GEO,9.018330294569717,0.4360419158038456,1.4759660065104363,0.13994300002511798
2025-01-05 15:30:00,G02,GEO,11.229430262799509,0.5379381475839019,1.8579864223265523,0.15509972806385672
2025-01-05 15:45:00,G02,GEO,13.327248075883057,0.6402279843083841,2.276332279429807,0.21205296863005815
2025-01-05 16:00:00,G02,GEO,0.2191613688795246,0.023242484639099184,0.016711363134955234,-0.012909563367300878
2025-01-05 16:15:00,G02,GEO,2.072869295343422,0.10975673729422084,0.29432821352914745,-0.010906523830910871
2025-01-05 16:30:00,G02,GEO,3.5611601876116987,0.20304940684877912,0.6632863451574667,0.03095250100396494
2025-01-05 16:45:00,G02,GEO,5.3585747632129,0.29616275037251183,0.8620935510443004,0.07273594093362475
2025-01-05 17:00:00,G02,GEO,7.2786350991333615,0.37285571041875765,1.235374064124809,0.09615837257018021
2025-01-05 17:15:00,G02,GEO,9.409506651601545,0.4684886191356286,1.6721959871475751,0.12225694248846106
2025-01-05 17:30:00,G02,GEO,11.3856846775617,0.5745038662581317,1.9761563562042506,0.16404666606968127
2025-01-05 17:45:00,G02,GEO,13.372173027827456,0.680672190440723,2.367530384909073,0.20332636891766873
2025-01-05 18:00:00,G02,GEO,0.4665655339490825,0.07216477116177622,0.12986195975477804,-0.026495890161939994
2025-01-05 18:15:00,G02,GEO,2.233505507978433,0.13047220202038773,0.45976285609086587,-0.023427052183602866
2025-01-05 18:30:00,G02,GEO,3.93574382480497,0.23434417468023058,0.686439193166515,0.01704062319907091
2025-01-05 18:45:00,G02,GEO,5.680337967444693,0.3227374862068139,1.0818446540674196,0.06895952034372628
2025-01-05 19:00:00,G02,GEO,7.545522478286668,0.40718080165735876,1.422781725141048,0.10184367237123099
2025-01-05 19:15:00,G02,GEO,9.514942054720617,0.49260463682678013,1.7701559112171272,0.11389887007555655
2025-01-05 19:30:00,G02,GEO,11.599377714227876,0.6156354793228656,2.0945713562111172,0.17127348818733212
2025-01-05 19:45:00,G02,GEO,13.753315806788823,0.6892305738674438,2.3936099124579178,0.22148963525021817
2025-01-05 20:00:00,G02,GEO,0.6233090881153879,0.07095854573801462,0.2965604459718129,-0.03059166788218358
2025-01-05 20:15:00,G02,GEO,2.0297741047290416,0.1463913037501817,0.5830392147930247,-0.00853808892369742
2025-01-05 20:30:00,G02,GEO,4.1478671740017745,0.2482333588224797,0.8892475453738363,0.026040651911464825
2025-01-05 20:45:00,G02,GEO,5.6974212726449,0.31127115026407026,1.2225985338415248,0.07101241155300062
2025-01-05 21:00:00,G02,GEO,7.990004805290688,0.4322941258194023,1.5533290237028563,0.11015214003315169
2025-01-05 21:15:00,G02,GEO,9.573270429005747,0.497549883489888,1.829902838311633,0.1498262388140759
2025-01-05 21:30:00,G02,GEO,11.664120748791484,0.5873701797662888,2.20871577925326,0.17957376391947252
2025-01-05 21:45:00,G02,GEO,13.090374346591606,0.6821946217288463,2.5423026575313292,0.2287024520611729
2025-01-05 22:00:00,G02,GEO,0.39633520718426424,0.05185164341287258,0.3290192400685665,-0.006615070566471088
2025-01-05 22:15:00,G02,GEO,1.9912470916021692,0.1284960717614546,0.6466429642998033,0.012454578093140335
2025-01-05 22:30:00,G02,GEO,3.912154932367205,0.22099286825240796,0.8965936670637813,0.054241052341432366
2025-01-05 22:45:00,G02,GEO,5.515348290117028,0.2886705245510426,1.233986911959651,0.08601835137887646
2025-01-05 23:00:00,G02,GEO,7.343097827664003,0.37369146009228216,1.5289739968157743,0.12028157417638578
2025-01-05 23:15:00,G02,GEO,9.35890394406564,0.4712533731502753,1.863207580187276,0.18629047819859007
2025-01-05 23:30:00,G02,GEO,11.260419377695952,0.5652847380042916,2.206101455278162,0.18999515118250643
2025-01-05 23:45:00,G02,GEO,13.299099418797761,0.6690760969016971,2.526373068724227,0.23757932623277211
2025-01-06 00:00:00,G02,GEO,0.3032848690469837,0.039650447646862194,0.23855335072253395,-0.013739896011152566
2025-01-06 00:15:00,G02,GEO,1.6918579144615293,0.13399180105119077,0.553721585553913,0.04020425236114075
2025-01-06 00:30:00,G02,GEO,3.623929784340376,0.19379953812443879,0.8219739443632923,0.09175105107536476
2025-01-06 00:45:00,G02,GEO,5.202924520431667,0.2741017772307837,1.098705625242093,0.11507340537245618
2025-01-06 01:00:00,G02,GEO,7.214437251207718,0.3591592955378165,1.4032372429137787,0.1369193258765969
2025-01-06 01:15:00,G02,GEO,9.08922970913318,0.468078800741127,1.7482757099309596,0.19102736766559028
2025-01-06 01:30:00,G02,GEO,10.80966967380502,0.5364356154645609,2.1316458307312054,0.2345352011245551
2025-01-06 01:45:00,G02,GEO,12.993481617938725,0.6507858406754279,2.3851483482435496,0.2821762654123688
2025-01-06 02:00:00,G02,GEO,0.16285600849107745,0.03622665347568061,0.2350873664786472,0.014885492444239992
2025-01-06 02:15:00,G02,GEO,1.7131888328602558,0.07919983309552124,0.3437648900346571,0.05301169168136982
2025-01-06 02:30:00,G02,GEO,3.2582080205489374,0.15097991569583552,0.7124904199951089,0.09753177012667934
2025-01-06 02:45:00,G02,GEO,5.2457201639393505,0.24614757991769387,1.0206679160553882,0.11642541434375882
2025-01-06 03:00:00,G02,GEO,6.955274933332042,0.3116279634369738,1.2497776726020322,0.16451990326228066
2025-01-06 03:15:00,G02,GEO,8.674561629909771,0.4003075290895692,1.6528638504662752,0.18451641921183787
2025-01-06 03:30:00,G02,GEO,10.587068846889936,0.4824426707789003,1.931094556815268,0.22069617861587845
2025-01-06 03:45:00,G02,GEO,12.706768181929856,0.6166158287234875,2.28449474335514,0.26517962659446076
2025-01-06 04:00:00,G02,GEO,0.006515170135560716,-0.022991432513102237,-0.046712344155310476,0.039274969180625036
2025-01-06 04:15:00,G02,GEO,1.2687511581082551,0.03599684705184586,0.20200715619798035,0.06374289114173126
2025-01-06 04:30:00,G02,GEO,3.0666400098708646,0.11286080004355276,0.4931439585952154,0.07237490814302038
2025-01-06 04:45:00,G02,GEO,4.679189291499237,0.2167643052213455,0.8594423393469337,0.11502515531477886
2025-01-06 05:00:00,G02,GEO,6.396155507820157,0.29909333621239953,1.0727447994315287,0.1482287747126697
2025-01-06 05:15:00,G02,GEO,8.552922889133308,0.375813405942617,1.3821648421426072,0.19382433646117955
2025-01-06 05:30:00,G02,GEO,10.499103721828966,0.4716761753586141,1.7739450401745522,0.23455696641451187
2025-01-06 05:45:00,G02,GEO,12.396446673044661,0.560733954078438,2.0259775215986497,0.2785965825089665
2025-01-06 06:00:00,G02,GEO,-0.4569373401926574,-0.05294370596887528,-0.16577201525727875,0.024335039292800762
2025-01-06 06:15:00,G02,GEO,1.1672904127128265,0.02423952844464231,0.1277868982579378,0.07526792151737983
2025-01-06 06:30:00,G02,GEO,2.619545952723326,0.08739400918339833,0.3842834569179973,0.08529641616096592
2025-01-06 06:45:00,G02,GEO,4.825990774419409,0.17089182919462953,0.7222024827991772,0.11815621193596833
2025-01-06 07:00:00,G02,GEO,6.264861649459537,0.2717045497913007,0.9958498994818207,0.15711081044789962
2025-01-06 07:15:00,G02,GEO,8.314639087864826,0.3626845123167054,1.3620594745626753,0.20133805932534568
2025-01-06 07:30:00,G02,GEO,10.520102745515894,0.471800358363066,1.683433422244728,0.23168425132688023
2025-01-06 07:45:00,G02,GEO,12.089212534417815,0.5462083202361041,2.004813718164879,0.2652215377917337
2025-01-06 08:00:00,G02,GEO,-0.5949180106800108,-0.07708486655097227,-0.2611656344484089,0.025552736813824434
2025-01-06 08:15:00,G02,GEO,0.786584219449328,-0.002028474204697744,-0.0018438769772818964,0.05537563222388731
2025-01-06 08:30:00,G02,GEO,2.6473045803792603,0.09068698156836043,0.31740700925830057,0.09073665517915168
2025-01-06 08:45:00,G02,GEO,4.62273640233814,0.17949062624078108,0.6031751346434847,0.12258561414935801
2025-01-06 09:00:00,G02,GEO,6.285530044166776,0.2444881140126921,0.9148029303329166,0.15292176605793556
2025-01-06 09:15:00,G02,GEO,8.43745567063055,0.34722611181667523,1.291928393693351,0.17962901685164617
2025-01-06 09:30:00,G02,GEO,10.180054279866859,0.444692316428767,1.596222397695327,0.22001595161193027
2025-01-06 09:45:00,G02,GEO,12.351886889309975,0.5385967457088877,1.944694395132773,0.24893246951106776
2025-01-06 10:00:00,G02,GEO,-0.5106545346499336,-0.05478939850508967,-0.3374112061264382,0.016123959133938146
2025-01-06 10:15:00,G02,GEO,1.2473648992591138,0.005039282973176017,-0.03031282520307503,0.04313178222303355
2025-01-06 10:30:00,G02,GEO,3.0427925267826157,0.0947732767906205,0.2451210020023903,0.06812179816409995
2025-01-06 10:45:00,G02,GEO,4.7125618949147965,0.18831372078079264,0.5388358389681928,0.09693622885865147
2025-01-06 11:00:00,G02,GEO,6.50795888467267,0.2663397772669617,0.9305099298188446,0.10344557585197103
2025-01-06 11:15:00,G02,GEO,8.428317585670897,0.3745387720109584,1.3090984157866004,0.16107112559141332
2025-01-06 11:30:00,G02,GEO,10.736607887320499,0.4677617142790325,1.5136110075721754,0.1983261534223162
2025-01-06 11:45:00,G02,GEO,12.640490462816965,0.5628716589189251,1.937535082320378,0.23906341246400142
2025-01-06 12:00:00,G02,GEO,-0.3679135713581323,-0.0219123264689691,-0.21940772866053573,-0.008015307754320187
2025-01-06 12:15:00,G02,GEO,1.3662694427902993,0.04672631161428072,0.0505650608057518,0.03347125287245232
2025-01-06 12:30:00,G02,GEO,2.991099510599946,0.11138192094768949,0.33389319921920185,0.06674468108255419
2025-01-06 12:45:00,G02,GEO,4.9590435291385715,0.20291744198526868,0.6676535247029807,0.07088573987996472
2025-01-06 13:00:00,G02,GEO,6.831385970012117,0.3008616363184186,1.0398006979321421,0.11674031632391271
2025-01-06 13:15:00,G02,GEO,9.005463080734254,0.41619710608622706,1.3166765764516004,0.15407666101313827
2025-01-06 13:30:00,G02,GEO,10.831515549448767,0.4832178864617377,1.6995680761843786,0.18253523895982937
2025-01-06 13:45:00,G02,GEO,12.850879171967314,0.6128045377439673,2.0330837560183785,0.2181094451603099
2025-01-06 14:00:00,G02,GEO,0.023164893999156763,-0.011636108424304117,-0.1878971069816501,-0.03579280415137252
2025-01-06 14:15:00,G02,GEO,1.8049966081249786,0.07963516883256316,0.22479492545317606,0.022265942858394713
2025-01-06 14:30:00,G02,GEO,3.3527612476633917,0.1853817156297481,0.4512665882499177,0.02713413634360075
2025-01-06 14:45:00,G02,GEO,5.059900445401559,0.26570339018032874,0.7304974513718958,0.05806973418919613
2025-01-06 15:00:00,G02,GEO,7.223470167855432,0.3419850743145045,1.1441556395322046,0.09422261052771297
2025-01-06 15:15:00,G02,GEO,9.4663616097543,0.436435049609465,1.4059996294542225,0.15856978022998203
2025-01-06 15:30:00,G02,GEO,11.180928668030525,0.541098254240966,1.8298417116264731,0.15965938278546574
2025-01-06 15:45:00,G02,GEO,13.035892177987465,0.6419451241034501,2.15343268331688,0.20680732286676587
2025-01-06 16:00:00,G02,GEO,0.5899706123912732,0.023165966878185448,-0.0030446003019960494,-0.04974800483894367
2025-01-06 16:15:00,G02,GEO,1.9231683292008177,0.11443468846539441,0.30014006458843934,-0.004982677114750164
2025-01-06 16:30:00,G02,GEO,3.947902473255398,0.22317289346503663,0.6036483037858755,0.029717274295190964
2025-01-06 16:45:00,G02,GEO,5.877455999041254,0.29653106194879836,0.97398997166347,0.07036467280028984
2025-01-06 17:00:00,G02,GEO,7.4593866689804,0.3922224139942034,1.316265410890071,0.09707218223904593
2025-01-06 17:15:00,G02,GEO,9.649358120910314,0.4724733397201446,1.6469531295894848,0.1332973730705829
2025-01-06 17:30:00,G02,GEO,11.62577669763488,0.5735755973319673,1.9653728348084718,0.15332814876752124
2025-01-06 17:45:00,G02,GEO,13.410129824124992,0.6617820167718761,2.4058627573748717,0.20642536521599136
2025-01-06 18:00:00,G02,GEO,0.676106807387464,0.05724782738651576,0.1521899523575175,-0.02943238992852154
2025-01-06 18:15:00,G02,GEO,2.53371997296324,0.1331188471531952,0.5036945363747136,-0.020941442084347096
2025-01-06 18:30:00,G02,GEO,4.282459482232484,0.23747069762604495,0.8070141316114489,0.03474605733767979
2025-01-06 18:45:00,G02,GEO,5.657775414221648,0.32137538653143854,1.139685322933961,0.07134846118384144
2025-01-06 19:00:00,G02,GEO,7.692661167587871,0.4027115483733472,1.4534412397258571,0.100052518508119
2025-01-06 19:15:00,G02,GEO,9.45665735608525,0.5062514924503221,1.7387877566992693,0.12604978595421124
2025-01-06 19:30:00,G02,GEO,11.495241086978561,0.5799342361994552,2.172722244382964,0.18349855100363857
2025-01-06 19:45:00,G02,GEO,13.363266711397417,0.6622692804211606,2.4708762055070057,0.20444949204781201
2025-01-06 20:00:00,G02,GEO,0.6369609311682775,0.0426979714982922,0.23935244114776436,-0.015502163376733434
2025-01-06 20:15:00,G02,GEO,2.5399023221610184,0.13760333630664637,0.5243940218742635,0.011639851221542586
2025-01-06 20:30:00,G02,GEO,4.233721515660579,0.2155169405992541,0.896508025939248,0.055425681007294184
2025-01-06 20:45:00,G02,GEO,5.523964047916163,0.3077655860229564,1.1826881257511517,0.06696172013982571
2025-01-06 21:00:00,G02,GEO,7.511944010548933,0.3908710404102612,1.5067055711809982,0.11864652142252853
2025-01-06 21:15:00,G02,GEO,9.600231829695526,0.5061462855844799,1.7581755809094453,0.14470586534200733
2025-01-06 21:30:00,G02,GEO,11.794528829722287,0.5519500958644294,2.2385745155078647,0.16770801964445878
2025-01-06 21:45:00,G02,GEO,13.412226450340833,0.6812588292034691,2.545248192550624,0.22065924586322233
2025-01-06 22:00:00,G02,GEO,0.26036622957713185,0.06778697878611259,0.35625520273012945,-0.013077364154353913
2025-01-06 22:15:00,G02,GEO,2.072606484711852,0.13592841592043695,0.5754369379783408,0.018865971063406796
2025-01-06 22:30:00,G02,GEO,3.9742759096462508,0.21966847692134725,0.8643128496213685,0.0514465529528227
2025-01-06 22:45:00,G02,GEO,5.712428508679518,0.3149004347583097,1.2012134029692476,0.0814991840607952
2025-01-06 23:00:00,G02,GEO,7.678909985082357,0.3913223705996945,1.5574313001827313,0.1255867178030109
2025-01-06 23:15:00,G02,GEO,9.453874554877348,0.4429251297076348,1.8182596800736037,0.15844650768410357
2025-01-06 23:30:00,G02,GEO,11.248991048901923,0.574497032540699,2.1849319091819916,0.22235003464468364
2025-01-06 23:45:00,G02,GEO,13.650316368519787,0.645232185671976,2.5061160669733082,0.22283813592236248
2025-01-07 00:00:00,G02,GEO,0.17076877197364052,0.03407539962154429,0.31102668737185923,-0.0020730776822832754
2025-01-07 00:15:00,G02,GEO,1.7763113030951074,0.1325677147704726,0.512551309724952,0.02144691313164982
2025-01-07 00:30:00,G02,GEO,3.772090820393162,0.18259638665121308,0.8364858600290016,0.07274949624728658
2025-01-07 00:45:00,G02,GEO,5.305201606016878,0.2736295911967654,1.1492640897026216,0.08880091310207992
2025-01-07 01:00:00,G02,GEO,7.170980250140604,0.3580084037709806,1.458162684718982,0.14963303430446048
2025-01-07 01:15:00,G02,GEO,9.223881293314658,0.43979608410758975,1.7200468756892209,0.1596145368326205
2025-01-07 01:30:00,G02,GEO,10.835690909944098,0.5395648623973591,2.1169513466985297,0.23736100383830677
2025-01-07 01:45:00,G02,GEO,13.035655962764666,0.6239354637261627,2.3778534092617956,0.2713009921680938
2025-01-07 02:00:00,G02,GEO,-0.05259029727175099,0.0007483161427523429,0.14464647552802418,0.013733288496615568
2025-01-07 02:15:00,G02,GEO,2.1120032658612664,0.0813591508378861,0.40404844594269607,0.06797011439226
2025-01-07 02:30:00,G02,GEO,3.3304624957424247,0.15849415869608752,0.7112958022314525,0.07085716788234535
2025-01-07 02:45:00,G02,GEO,4.941469859536802,0.24811160936753374,0.9648316462447485,0.10835230134068624
2025-01-07 03:00:00,G02,GEO,6.943035677040596,0.33153675469745686,1.3439151982429347,0.16413443248172277
2025-01-07 03:15:00,G02,GEO,8.474040212885269,0.41195379650715475,1.5532804809847462,0.18577503751518887
2025-01-07 03:30:00,G02,GEO,10.645077562256287,0.4813251488330431,1.8390150059590595,0.2102041125313291
2025-01-07 03:45:00,G02,GEO,12.408288118478524,0.5940358726579799,2.171426657045096,0.25651982053241845
2025-01-07 04:00:00,G02,GEO,-0.34391023492996886,-0.032064140997085835,0.020409950229217808,0.05674797811429987
2025-01-07 04:15:00,G02,GEO,1.281348793039134,0.05819495334517914,0.23928929532785767,0.07368106300650605
2025-01-07 04:30:00,G02,GEO,2.8592177926357927,0.1409230701293547,0.5508357686364256,0.09274120928092
2025-01-07 04:45:00,G02,GEO,4.734572495086698,0.1929460335387777,0.8257523876314812,0.12757556851198912
2025-01-07 05:00:00,G02,GEO,6.640669053844733,0.3079169449921083,1.1596946336249194,0.15806105014661193
2025-01-07 05:15:00,G02,GEO,8.406663911713906,0.3718058249671176,1.4051307191027385,0.19731420216108014
2025-01-07 05:30:00,G02,GEO,10.393969303331767,0.49646838884571903,1.7316262096735873,0.2301345112849182
2025-01-07 05:45:00,G02,GEO,12.205619792712199,0.5529663500172776,2.0868767337283782,0.26718998816399175
2025-01-07 06:00:00,G02,GEO,-0.4873420139889879,-0.06814319038973911,-0.13982453618156715,0.03586017270170513
2025-01-07 06:15:00,G02,GEO,0.7277398795947325,0.03177212020640174,0.12119871024646614,0.06061923111926675
2025-01-07 06:30:00,G02,GEO,2.739188493587518,0.090725883308129,0.4049643106503724,0.08612280246395322
2025-01-07 06:45:00,G02,GEO,4.903628031542339,0.17560577430545965,0.7122142755476286,0.11273069984524572
2025-01-07 07:00:00,G02,GEO,6.130589293576425,0.28307597906769766,1.028988556915442,0.13543057044203716
2025-01-07 07:15:00,G02,GEO,8.024466476745836,0.3686346907936482,1.285532386331971,0.17901870351646249
2025-01-07 07:30:00,G02,GEO,10.101403832600967,0.47967916151451145,1.666478596653319,0.22478688826866658
2025-01-07 07:45:00,G02,GEO,12.255549138490982,0.5374540228918006,1.9626681882284533,0.25092982583438916
2025-01-07 08:00:00,G02,GEO,-0.6342849500271204,-0.0628710126007911,-0.2810797074259931,0.0296824364941106
2025-01-07 08:15:00,G02,GEO,1.2270214641825754,0.014223478442947253,0.00140755823876539,0.03988084934435116
2025-01-07 08:30:00,G02,GEO,2.8055247076964833,0.08826145980901115,0.23970625255889216,0.07091487923125622
2025-01-07 08:45:00,G02,GEO,4.3570546942810005,0.1809671698597867,0.6317808123627258,0.11183420597302825
2025-01-07 09:00:00,G02,GEO,6.651906664903726,0.26570604955409405,0.8756493120894696,0.15052042409230162
2025-01-07 09:15:00,G02,GEO,8.336546977758656,0.3564186617176443,1.18252945775922,0.17604610153242228
2025-01-07 09:30:00,G02,GEO,10.391089776510436,0.4596359716777123,1.5949200585116667,0.22556514796757854
2025-01-07 09:45:00,G02,GEO,12.57482555685437,0.5406358590420218,1.9705539156599752,0.2516584729633513
2025-01-07 10:00:00,G02,GEO,-0.38200895389422307,-0.07205580143027275,-0.3460314400164833,0.017795881964915456
2025-01-07 10:15:00,G02,GEO,1.3209692719120107,0.010478061968336352,-0.006028411869635842,0.029397413855539588
2025-01-07 10:30:00,G02,GEO,2.8242551642620692,0.09786465569131536,0.21898482712446976,0.06882190395896416
2025-01-07 10:45:00,G02,GEO,4.783051715494162,0.19282239206260532,0.5672944253110996,0.08820489502032004
2025-01-07 11:00:00,G02,GEO,6.632829192643689,0.266641234266561,0.8981000429285834,0.11047187616476524
2025-01-07 11:15:00,G02,GEO,8.383400888109996,0.37523346814671815,1.2232381395886094,0.18060404995705168
2025-01-07 11:30:00,G02,GEO,10.753212163794721,0.4915192873759356,1.633529498002284,0.207068748386529
2025-01-07 11:45:00,G02,GEO,12.900443198731923,0.571698439028755,1.9652678100427017,0.22346345732800538
2025-01-07 12:00:00,G02,GEO,-0.14612064185653695,-0.02679940271283829,-0.21922321795659247,-0.008672954160455399
2025-01-07 12:15:00,G02,GEO,1.4356359964985401,0.04211600980996328,0.07230935194847274,0.003428094505399956
2025-01-07 12:30:00,G02,GEO,3.0674351492239524,0.1552294138256393,0.37374625751845286,0.05838050175017076
2025-01-07 12:45:00,G02,GEO,4.810026567918055,0.2146355013978706,0.6298273714839119,0.08513804888072327
2025-01-07 13:00:00,G02,GEO,6.784879567247569,0.3075941595033811,0.97270947191393,0.13404913702938986
2025-01-07 13:15:00,G02,GEO,8.737874741020063,0.4087598869401878,1.3163099607933995,0.15076848441137225
2025-01-07 13:30:00,G02,GEO,10.959438827527736,0.5030279053291429,1.7207352045687336,0.18458308313113603
2025-01-07 13:45:00,G02,GEO,12.920404455545583,0.6117338086943837,2.0715785906069386,0.21191747946388406
2025-01-07 14:00:00,G02,GEO,0.1452357867551823,-0.0091939220741579,-0.1546066514780446,-0.024521126193042093
2025-01-07 14:15:00,G02,GEO,1.6227868180296674,0.08573030851035113,0.18315234877480624,0.007573473259312881
2025-01-07 14:30:00,G02,GEO,3.3319428395805493,0.18052732332246593,0.4432551305660596,0.05690764658551316
2025-01-07 14:45:00,G02,GEO,5.510282953574932,0.24758305237006542,0.8225496459907887,0.0979211286302415
2025-01-07 15:00:00,G02,GEO,7.483282624283187,0.35542288896093127,1.0971163662368721,0.08304198638523325
2025-01-07 15:15:00,G02,GEO,8.917818924561933,0.4262439755745441,1.4947679487652117,0.15097579778133965
2025-01-07 15:30:00,G02,GEO,11.16504076266331,0.5370884564411681,1.8758669624550564,0.17489860306698407
2025-01-07 15:45:00,G02,GEO,13.294246543040634,0.6343681623849419,2.2342579711929345,0.2206745095306
2025-01-07 16:00:00,G02,GEO,0.3741252166440707,0.035116003369044774,0.013702566962216476,-0.030168058083913186
2025-01-07 16:15:00,G02,GEO,2.0150437964487677,0.07563861105701991,0.34809961050562066,0.006919968613478173
2025-01-07 16:30:00,G02,GEO,3.763844422649151,0.21356212305255934,0.6120224365464666,0.03787708605792264
2025-01-07 16:45:00,G02,GEO,5.743921029920776,0.2797281401707055,0.9864131406894329,0.05992506040691342
2025-01-07 17:00:00,G02,GEO,7.4335439210711565,0.3863767091482098,1.2792968657389692,0.10326877904683734
2025-01-07 17:15:00,G02,GEO,9.183835522789016,0.4563087449168186,1.5925264921887383,0.13973061338490955
2025-01-07 17:30:00,G02,GEO,11.654655130820169,0.5799579838558097,1.956678153171778,0.19177342305018355
2025-01-07 17:45:00,G02,GEO,13.548470773738098,0.6514191722910317,2.4027388833168595,0.20086162412833072
2025-01-07 18:00:00,G02,GEO,0.40909934035743056,0.05478863005678923,0.1687484116568775,-0.030249844968431087
2025-01-07 18:15:00,G02,GEO,2.3051071665541403,0.1379948857269388,0.443721231632972,0.0008572200609900245
2025-01-07 18:30:00,G02,GEO,3.92836841171983,0.2080581993131061,0.8082568951410397,0.03929011076478627
2025-01-07 18:45:00,G02,GEO,5.844767040610324,0.3123818798485268,1.0903512685466568,0.06673150902704086
2025-01-07 19:00:00,G02,GEO,7.359233136886075,0.41814629693391947,1.434708891104953,0.10059799765354101
2025-01-07 19:15:00,G02,GEO,9.472186765984398,0.4903693024265617,1.7582333641235584,0.14069271753394869
2025-01-07 19:30:00,G02,GEO,11.724572556037723,0.5714360579178875,2.158760312338624,0.16330186504837588
2025-01-07 19:45:00,G02,GEO,13.718613590433336,0.6802062447956476,2.470573616173427,0.21924647721616006
2025-01-07 20:00:00,G02,GEO,0.9577631848838556,0.07621278143796383,0.26610028206676156,-0.022147769336331904
2025-01-07 20:15:00,G02,GEO,2.436356178363087,0.1454663293190685,0.6495395952646135,0.015174551407353246
2025-01-07 20:30:00,G02,GEO,4.260929423843835,0.22669933508974974,0.8538388270656858,0.0472907022521574
2025-01-07 20:45:00,G02,GEO,5.703413609836784,0.284430718295144,1.204650912128625,0.07775658683322542
2025-01-07 21:00:00,G02,GEO,7.475020499825626,0.3969197802527823,1.4586708445601624,0.10140774202675383
2025-01-07 21:15:00,G02,GEO,9.26141211688717,0.47173103739014116,1.830653053835311,0.13321304523338529
2025-01-07 21:30:00,G02,GEO,11.524222875391972,0.5728895002726827,2.137517274280479,0.1944447499241378
2025-01-07 21:45:00,G02,GEO,13.450685800355167,0.6908462339262603,2.5560696075807643,0.22659503576123868
2025-01-07 22:00:00,G02,GEO,0.7875342921730953,0.0658490682023369,0.3125693919653097,-0.0103829827983368
2025-01-07 22:15:00,G02,GEO,2.1688396844441735,0.13967680548028577,0.5533902991629297,0.026481973018540522
2025-01-07 22:30:00,G02,GEO,4.065641259612083,0.2277088492747519,0.8979642613620197,0.044735365829711826
2025-01-07 22:45:00,G02,GEO,5.402137045142835,0.3016199951667902,1.1679542868376396,0.10522882032315033
2025-01-07 23:00:00,G02,GEO,7.690045593196046,0.3687678965444296,1.5442730254530423,0.14186800977885738
2025-01-07 23:15:00,G02,GEO,9.34160526330189,0.48750896964936496,1.8248547332778462,0.14350599202585204
2025-01-07 23:30:00,G02,GEO,11.348153334740358,0.5483795147966438,2.158797857328554,0.19004188330997523
2025-01-07 23:45:00,G02,GEO,13.308047329232895,0.6447874192919832,2.5004231782255384,0.2442203946698711
2025-01-08 00:00:00,G02,GEO,0.0029000479792984646,0.037575361540406686,0.2993244872871656,-0.0034407722132212635
2025-01-08 00:15:00,G02,GEO,2.1147695405131084,0.13917874119347462,0.5858531381628193,0.040890359268270844
2025-01-08 00:30:00,G02,GEO,3.489949758483505,0.18041070001231338,0.8096797805219668,0.08315999834578093
2025-01-08 00:45:00,G02,GEO,5.489548182385645,0.26368684901482253,1.139919086196736,0.1285090055563806
2025-01-08 01:00:00,G02,GEO,7.110389850858646,0.36174893754022175,1.3640662223209006,0.14739172527107916
2025-01-08 01:15:00,G02,GEO,9.140338221728735,0.4505780783153666,1.7525300361701504,0.16450990838292112
2025-01-08 01:30:00,G02,GEO,10.961151604559811,0.5184516440647122,2.035705295968423,0.22805231742104204
2025-01-08 01:45:00,G02,GEO,13.021929890455434,0.6210301493874594,2.4335051715550895,0.24748070013806095
2025-01-08 02:00:00,G02,GEO,0.10263561424245565,-0.011968162866859098,0.16950653154233686,0.022106489207140582
2025-01-08 02:15:00,G02,GEO,1.2779433972579828,0.08997618449585845,0.3894718782148686,0.07179692603152966
2025-01-08 02:30:00,G02,GEO,3.445770782330952,0.157857516245108,0.6931612846440522,0.08455030095526182
2025-01-08 02:45:00,G02,GEO,5.051067871906881,0.2424899505039516,1.008778006508814,0.12855320818408814
2025-01-08 03:00:00,G02,GEO,6.872750660169746,0.321098569004059,1.2829983758461954,0.15415950261461678
2025-01-08 03:15:00,G02,GEO,8.559115660559009,0.3990354137152055,1.569369271860118,0.19837161533227937
2025-01-08 03:30:00,G02,GEO,10.696936110627966,0.48946620057855433,1.904173539527151,0.2442571460181883
2025-01-08 03:45:00,G02,GEO,12.594504613714989,0.6031054220426869,2.2559980416013086,0.2690292903977587
2025-01-08 04:00:00,G02,GEO,-0.1457188525689282,-0.007379704327410457,-0.019000545344889846,0.03764333772421999
2025-01-08 04:15:00,G02,GEO,1.0725329126239878,0.04687324615680393,0.2331276820568169,0.06082970974630948
2025-01-08 04:30:00,G02,GEO,3.323925338733226,0.11528640381543125,0.5214080086264075,0.0888408705018543
2025-01-08 04:45:00,G02,GEO,4.599507201382796,0.22990880133259556,0.8047340749528608,0.13526605992809496
2025-01-08 05:00:00,G02,GEO,6.600819720693187,0.2637133635304811,1.0612063182453004,0.16478306691184738
2025-01-08 05:15:00,G02,GEO,8.4556001338251,0.38146196525307025,1.3723544193375463,0.18476343699532077
2025-01-08 05:30:00,G02,GEO,10.194078526100718,0.4745172173427665,1.7001670645112685,0.23221213222878884
2025-01-08 05:45:00,G02,GEO,12.080902689353959,0.5662801145624855,2.0748156724911366,0.26134088435313535
2025-01-08 06:00:00,G02,GEO,-0.5383569515846707,-0.04464115088476503,-0.1525959516672712,0.02235902512120504
2025-01-08 06:15:00,G02,GEO,0.843840840885047,0.029564634043214258,0.1199261208326182,0.0574967074625015
2025-01-08 06:30:00,G02,GEO,2.6774744171622533,0.08698627379613878,0.440552328751138,0.09989919189361403
2025-01-08 06:45:00,G02,GEO,4.633355317643598,0.19719482499540217,0.6662729895286542,0.1343026105454541
2025-01-08 07:00:00,G02,GEO,6.658779730813147,0.2565739408650913,0.9976370228362373,0.15011871778317368
2025-01-08 07:15:00,G02,GEO,8.430471869610344,0.3574258152879835,1.260762306675368,0.21509929421514237
2025-01-08 07:30:00,G02,GEO,10.039700831960795,0.43791805570706854,1.6107246616380912,0.22007930805877612
2025-01-08 07:45:00,G02,GEO,12.447807694682163,0.5421436240223113,1.9930095383965185,0.26835958609096927
2025-01-08 08:00:00,G02,GEO,-0.7245197399610814,-0.0800664042355672,-0.29544227048014327,0.03554863414724458
2025-01-08 08:15:00,G02,GEO,0.8240398032708032,0.007405004999441633,-0.043929308658942595,0.04345514201861012
2025-01-08 08:30:00,G02,GEO,2.9984230444759485,0.09213809323109842,0.22189372864077092,0.09359271457243858
2025-01-08 08:45:00,G02,GEO,4.69360625224801,0.17719403613808013,0.5368260757659791,0.1207641178217359
2025-01-08 09:00:00,G02,GEO,6.48440455200365,0.26669179099803314,0.9333014226310329,0.13039472995073076
2025-01-08 09:15:00,G02,GEO,8.322801291265117,0.3591536093725929,1.2132211232841614,0.18303332078826676
2025-01-08 09:30:00,G02,GEO,10.073822454219103,0.45110940822306017,1.5402966400288671,0.22630989945141394
2025-01-08 09:45:00,G02,GEO,12.407631993357295,0.5696195107561363,1.9136978927011836,0.26120874953047674
2025-01-08 10:00:00,G02,GEO,-0.6962792153850885,-0.06776249242667004,-0.3275416895534757,0.0170869806076461
2025-01-08 10:15:00,G02,GEO,1.4107565180900845,0.032841816796310014,-0.023856562381465114,0.03437896803953106
2025-01-08 10:30:00,G02,GEO,2.9558369985527624,0.08994830140097065,0.29547033745474544,0.07367546739730474
2025-01-08 10:45:00,G02,GEO,4.707703621164183,0.17751859960558256,0.6034903720907492,0.07759409429851863
2025-01-08 11:00:00,G02,GEO,6.7504138617806335,0.2666554593100073,1.0366740589531187,0.11439098215552042
2025-01-08 11:15:00,G02,GEO,8.577812708718104,0.3737121250562398,1.2737209333403787,0.151247343046572
2025-01-08 11:30:00,G02,GEO,10.850884586208725,0.47266828638364083,1.5622492338921048,0.19541870572935274
2025-01-08 11:45:00,G02,GEO,12.803740051735648,0.5746402093672893,1.951902625926847,0.23927588929417815
2025-01-08 12:00:00,G02,GEO,-0.23416687197604283,-0.01631777556193111,-0.2669335092888054,-0.00920378525464444
2025-01-08 12:15:00,G02,GEO,1.5885127507410959,0.029813738936762948,-0.01290987634633707,0.027817146428579905
2025-01-08 12:30:00,G02,GEO,3.5238585679060863,0.1303790873452562,0.3178142983506043,0.05656423565615917
2025-01-08 12:45:00,G02,GEO,4.752485245472557,0.21669333502726257,0.6880025272603362,0.09287379855755912
2025-01-08 13:00:00,G02,GEO,7.179098990891257,0.29896160728045745,0.9369135093588163,0.12002311801494567
2025-01-08 13:15:00,G02,GEO,8.882634246055357,0.42258859628347617,1.3522923527605972,0.14004755783261635
2025-01-08 13:30:00,G02,GEO,11.085606235085535,0.5207809100345013,1.7344903058832497,0.18553293267815393
2025-01-08 13:45:00,G02,GEO,12.886544215984225,0.6160039765252944,2.120646189725582,0.23440992335304725
2025-01-08 14:00:00,G02,GEO,0.21329606994167255,-0.010597685112189172,-0.17987861703111416,-0.024742595073347872
2025-01-08 14:15:00,G02,GEO,1.653595499903247,0.08538293070415695,0.13967062481357717,0.01862480314221036
2025-01-08 14:30:00,G02,GEO,2.8900085017343504,0.17600771247307745,0.48394133643698944,0.04909631223002004
2025-01-08 14:45:00,G02,GEO,5.228920330157331,0.24813363650177267,0.7741173700765291,0.07572580296123066
2025-01-08 15:00:00,G02,GEO,7.038354900434472,0.3392325820686013,1.1319699562596675,0.12092314049894573
2025-01-08 15:15:00,G02,GEO,9.109926819779746,0.44927714636848537,1.4579988522772154,0.13417102107063486
2025-01-08 15:30:00,G02,GEO,10.763456527354984,0.5485964841341506,1.8642459684704,0.1739346345937374
2025-01-08 15:45:00,G02,GEO,13.331056892916012,0.6539659436163694,2.1996765013100323,0.23384195093148735
2025-01-08 16:00:00,G02,GEO,0.24373794313294417,0.03173232456066725,0.03125348382987231,-0.031886312563260466
2025-01-08 16:15:00,G02,GEO,1.935068949612244,0.11636041200556746,0.2730237083113216,-0.004199241049585651
2025-01-08 16:30:00,G02,GEO,4.061608518063777,0.1949013809440979,0.5663985494413225,0.030205611332511765
2025-01-08 16:45:00,G02,GEO,5.346829578680602,0.30062596359313964,0.9969371327494261,0.07083387069074437
2025-01-08 17:00:00,G02,GEO,7.492818832083228,0.3797791340238299,1.2677952847335534,0.09740769238017795
2025-01-08 17:15:00,G02,GEO,9.616571629338951,0.47273806011566794,1.6760427101745479,0.12576840476824508
2025-01-08 17:30:00,G02,GEO,11.394608399792828,0.563081713939621,1.9517577238235992,0.18155537460598525
2025-01-08 17:45:00,G02,GEO,13.484210533621056,0.6754242953885269,2.3965567195444883,0.19889729293151395
2025-01-08 18:00:00,G02,GEO,0.3007797342628552,0.038945486079297334,0.13866320355156483,-0.036889539531812975
2025-01-08 18:15:00,G02,GEO,2.3781188128751545,0.13221220365809538,0.5604405858366053,0.003439844279356502
2025-01-08 18:30:00,G02,GEO,3.869707952238093,0.2450819186128456,0.7895164478853509,0.02474723478016497
2025-01-08 18:45:00,G02,GEO,5.581030180802095,0.3113277124269697,1.1485702178317385,0.05461586533718983
2025-01-08 19:00:00,G02,GEO,7.632672270436273,0.40215311857165903,1.498254144039453,0.12232799428323815
2025-01-08 19:15:00,G02,GEO,9.58435633004773,0.48089455287956956,1.8066514334251278,0.13064023293222507
2025-01-08 19:30:00,G02,GEO,11.496818077439425,0.596093952098319,2.109169041038528,0.18556085878962042
2025-01-08 19:45:00,G02,GEO,13.633688432635777,0.6802682569789396,2.5498850724291806,0.21843551760335675
2025-01-08 20:00:00,G02,GEO,0.7684499592348749,0.06989212956805294,0.2917095037392304,-0.0337262267434365
2025-01-08 20:15:00,G02,GEO,2.329642528697875,0.16996223325412035,0.5402607553010812,0.0011368043827639715
2025-01-08 20:30:00,G02,GEO,3.847559760837865,0.21601493826220056,0.8764863474588505,0.03080664296403167
2025-01-08 20:45:00,G02,GEO,5.872041228399675,0.3164587072655109,1.2045361907885916,0.07125593705355554
2025-01-08 21:00:00,G02,GEO,7.5953414363781775,0.41850962557102955,1.5106746980611712,0.10415136410567415
2025-01-08 21:15:00,G02,GEO,9.492770281447392,0.5001978254427003,1.8022655434675592,0.16526324376530108
2025-01-08 21:30:00,G02,GEO,11.548100539325743,0.580023359733333,2.222899888800164,0.17040495937298977
2025-01-08 21:45:00,G02,GEO,13.674975558801709,0.6860421360150843,2.532698502464647,0.22084221589676573
2025-01-08 22:00:00,G02,GEO,0.46454807956633315,0.056580505547641685,0.2781984144180714,-0.01633121401884909
2025-01-08 22:15:00,G02,GEO,2.1612944946885104,0.14308176603227044,0.6282442135058417,0.04033535710533964
2025-01-08 22:30:00,G02,GEO,3.7115165787764157,0.22113497844728996,0.8484460136562659,0.047028221804226264
2025-01-08 22:45:00,G02,GEO,5.415711141756024,0.30851635864663357,1.1660028404017835,0.09662849238744313
2025-01-08 23:00:00,G02,GEO,7.350976848013358,0.38115923363343635,1.4580930728071422,0.11395423288768265
2025-01-08 23:15:00,G02,GEO,9.483030843790266,0.4919275600902263,1.7964825433279565,0.16297767797216933
2025-01-08 23:30:00,G02,GEO,11.39895264210986,0.5668744305432717,2.2040058850572177,0.19832625796663683
2025-01-08 23:45:00,G02,GEO,13.184501046333096,0.6493345419410943,2.5023313609567723,0.24454330163897553
2025-01-01 00:00:00,G03,GEO,-0.3157664373842263,0.0683559471361065,0.1805287970121323,-0.027481710799664848
2025-01-01 00:15:00,G03,GEO,0.6565083658573995,0.14254729022298726,0.6735942837725523,0.042228792381958896
2025-01-01 00:30:00,G03,GEO,1.7548358787248495,0.2236124152454339,1.1327505286009467,0.11824107385165249
2025-01-01 00:45:00,G03,GEO,2.934015870165541,0.29139512644811905,1.5588532202103331,0.1431513414115336
2025-01-01 01:00:00,G03,GEO,4.2413937217792235,0.37324344890545247,2.122303371137438,0.21492554231385963
2025-01-01 01:15:00,G03,GEO,5.226982874330175,0.4558113935730982,2.567805530353845,0.26148023727610437
2025-01-01 01:30:00,G03,GEO,6.629162454473038,0.5200347811096163,3.2112820375046423,0.3656983187454265
2025-01-01 01:45:00,G03,GEO,8.002182631702658,0.6122123383478376,3.769461676166135,0.4122506860947827
2025-01-01 02:00:00,G03,GEO,-0.6411700918143607,0.05202457971065862,0.35611115352789147,-0.050121884772620105
2025-01-01 02:15:00,G03,GEO,0.5594608607601996,0.12765421700483537,0.8148918814313392,0.029527663175972874
2025-01-01 02:30:00,G03,GEO,1.6712936125783895,0.17283826658160042,1.301817193680765,0.10491255490917685
2025-01-01 02:45:00,G03,GEO,2.8746698106369655,0.2719997726010819,1.783036512615422,0.14381056685489324
2025-01-01 03:00:00,G03,GEO,3.9556554577716874,0.33564687507175855,2.2255113794655217,0.22797241753509634
2025-01-01 03:15:00,G03,GEO,5.521161673249408,0.43845244522277144,2.78389819917397,0.29097805170551283
2025-01-01 03:30:00,G03,GEO,6.995229228048215,0.4839145115701989,3.2979040937778077,0.3442706677359061
2025-01-01 03:45:00,G03,GEO,8.027227119833906,0.5515746053570852,3.8491341717838288,0.4222827244141867
2025-01-01 04:00:00,G03,GEO,-0.1245491066446476,0.014524922419169708,0.5078442225423202,-0.01581456775860366
2025-01-01 04:15:00,G03,GEO,0.6992213956622321,0.07364797357066849,0.824323560176318,0.025942928878487304
2025-01-01 04:30:00,G03,GEO,1.9480103321672504,0.14934766633247842,1.361740706361118,0.08926914573915291
2025-01-01 04:45:00,G03,GEO,2.99502846136109,0.2549507802583418,1.8171564117690013,0.15297756439829951
2025-01-01 05:00:00,G03,GEO,4.27062564094062,0.29085794790922076,2.198260370891527,0.20964880129173538
2025-01-01 05:15:00,G03,GEO,6.050011386580647,0.38748010159324797,2.747788309283727,0.27865042978612337
2025-01-01 05:30:00,G03,GEO,7.03118938423308,0.4534668714373282,3.298396991433641,0.3722346912559289
2025-01-01 05:45:00,G03,GEO,8.16921994883616,0.5455784116041016,3.7462878489454328,0.4221503993260676
2025-01-01 06:00:00,G03,GEO,0.04433658552861168,-0.0067856862194160626,0.4286252525584999,-0.02376049832688392
2025-01-01 06:15:00,G03,GEO,1.0757830967788957,0.03724921718606701,0.8293413651280753,0.03716167311544438
2025-01-01 06:30:00,G03,GEO,2.3123513262653104,0.11889855970552042,1.18595604752946,0.08877328564174652
2025-01-01 06:45:00,G03,GEO,3.4018475894196505,0.1935139598794755,1.8030367575177715,0.16658600118189967
2025-01-01 07:00:00,G03,GEO,4.546146198409597,0.2623972945536648,2.215144831432159,0.23731513106702165
2025-01-01 07:15:00,G03,GEO,5.988438193852094,0.35629162736259307,2.663676186268868,0.3015393445446082
2025-01-01 07:30:00,G03,GEO,7.070237685452067,0.41911113072768524,3.1505900177327093,0.37276635695043925
2025-01-01 07:45:00,G03,GEO,8.480306423142158,0.49287311438086606,3.657838611735966,0.44753700681121705
2025-01-01 08:00:00,G03,GEO,0.24065399328499004,-0.04504616037856042,0.2477415067787347,-0.006588098848146986
2025-01-01 08:15:00,G03,GEO,1.4023772737315063,0.003391887039810821,0.6709885411093783,0.05441501736787491
2025-01-01 08:30:00,G03,GEO,2.6829811564079904,0.07905893516987153,1.1043502705535604,0.12339253982033745
2025-01-01 08:45:00,G03,GEO,4.062301994031029,0.1662007721264967,1.5308417979085485,0.19358942441687796
2025-01-01 09:00:00,G03,GEO,5.130613071790037,0.22018422800593257,2.09002039841286,0.25595562682459566
2025-01-01 09:15:00,G03,GEO,5.970767226456707,0.32084642314730893,2.562300340965258,0.31270342886854596
2025-01-01 09:30:00,G03,GEO,7.753493299073465,0.41628955295042613,2.960834893194249,0.3904062722366556
2025-01-01 09:45:00,G03,GEO,8.87964052590406,0.49101699525175707,3.4770228403009753,0.4485804032490278
2025-01-01 10:00:00,G03,GEO,0.46137632051254307,-0.05609479453055848,-0.003752246247354502,-0.005777887109773445
2025-01-01 10:15:00,G03,GEO,1.2525701182836804,0.00930571213798316,0.4680509917502363,0.04758364765756769
2025-01-01 10:30:00,G03,GEO,2.569797559477602,0.06998207702434275,0.9070945359818972,0.11982879112072187
2025-01-01 10:45:00,G03,GEO,3.549856337528474,0.1440433386367697,1.333850216565333,0.19615381274769805
2025-01-01 11:00:00,G03,GEO,5.155950305110745,0.2114016631354456,1.7603422706423193,0.25645596497943945
2025-01-01 11:15:00,G03,GEO,6.363223777770502,0.3331753173324078,2.2647186235300234,0.3276391505437553
2025-01-01 11:30:00,G03,GEO,7.607205328508114,0.3856009947838187,2.8087936450260886,0.40166688198656464
2025-01-01 11:45:00,G03,GEO,8.678113707444414,0.4931167274349528,3.3337007878087626,0.46972859883787077
2025-01-01 12:00:00,G03,GEO,0.6975692720895786,-0.06592751873364351,-0.1885051356202438,0.008894264731237615
2025-01-01 12:15:00,G03,GEO,1.4970701684282635,-0.0032705973936306343,0.20352808006576664,0.10269426720376665
2025-01-01 12:30:00,G03,GEO,2.853610149851596,0.09979386439011956,0.6507421343040416,0.14518131079221155
2025-01-01 12:45:00,G03,GEO,3.674447134437599,0.15552180756827805,1.0721364331184624,0.19939142120717188
2025-01-01 13:00:00,G03,GEO,5.043380972875108,0.2743085067691828,1.6052407491070155,0.25958109201019414
2025-01-01 13:15:00,G03,GEO,6.15278934829508,0.3135366172568987,2.042247068277621,0.32443076328831233
2025-01-01 13:30:00,G03,GEO,7.362206953526613,0.411842382774161,2.54224085205822,0.4022694687696823
2025-01-01 13:45:00,G03,GEO,9.041730405414203,0.5219283459970437,3.1267029103032815,0.4710769968808265
2025-01-01 14:00:00,G03,GEO,0.5260806541481818,-0.0463547553068825,-0.3706079310329856,0.030997523524210115
2025-01-01 14:15:00,G03,GEO,1.6328512739652845,0.018582968146925748,0.022454221546470796,0.09581563236227905
2025-01-01 14:30:00,G03,GEO,2.343335979552964,0.11263412059442715,0.5802974675793772,0.15165949012372987
2025-01-01 14:45:00,G03,GEO,3.518897159326437,0.17750340265785094,0.981944827326381,0.20764559178804068
2025-01-01 15:00:00,G03,GEO,4.7851155370197285,0.2571087319305824,1.476497409774739,0.2848223210845062
2025-01-01 15:15:00,G03,GEO,6.3198718415952335,0.36648908444215145,1.8952406535223227,0.32528579376401995
2025-01-01 15:30:00,G03,GEO,7.0280287109304345,0.4371253735594081,2.455272702511841,0.3993918177925637
2025-01-01 15:45:00,G03,GEO,8.774007755474194,0.5517509352046224,3.012035813925273,0.47051773211158665
2025-01-01 16:00:00,G03,GEO,0.07528177859311694,-0.008714987958736894,-0.3814774787830993,0.023662750382119506
2025-01-01 16:15:00,G03,GEO,1.0295162949916203,0.0610395449074332,0.0029482893458231234,0.08554472884160927
2025-01-01 16:30:00,G03,GEO,2.4343338417071534,0.13369006983140733,0.4354730041091972,0.13254187558606917
2025-01-01 16:45:00,G03,GEO,3.242964738798638,0.23123976553483092,0.9839647507818374,0.21938709061550749
2025-01-01 17:00:00,G03,GEO,4.68890340083497,0.3297830769573345,1.5261270904807285,0.26060060478652103
2025-01-01 17:15:00,G03,GEO,6.155313779876006,0.401393844236511,2.0007443794753925,0.3299452812750324
2025-01-01 17:30:00,G03,GEO,7.1454465016506665,0.4661709478847047,2.471937986190778,0.39793882048743623
2025-01-01 17:45:00,G03,GEO,8.298671413399807,0.5722917024915964,3.0681435554336254,0.4830478474504616
2025-01-01 18:00:00,G03,GEO,-0.20654416498839961,0.009543366081107391,-0.37926021795095766,0.016644066466401247
2025-01-01 18:15:00,G03,GEO,0.9618851132241297,0.10384851137137176,0.06930166176129775,0.08584922613223975
2025-01-01 18:30:00,G03,GEO,2.123582816878916,0.18312262989159922,0.524182198149537,0.12422307525461147
2025-01-01 18:45:00,G03,GEO,3.3899069992377315,0.2626955604883986,0.957217757723824,0.20128557017223853
2025-01-01 19:00:00,G03,GEO,4.627421514902093,0.3628308715100582,1.508289294422741,0.2716988027545864
2025-01-01 19:15:00,G03,GEO,5.655159113887186,0.4248370747214719,2.066768205817736,0.3155160314303354
2025-01-01 19:30:00,G03,GEO,7.204142723636678,0.518172283833517,2.5991648643517875,0.40825167384764127
2025-01-01 19:45:00,G03,GEO,8.071486135735134,0.5983920586191686,3.134572646098164,0.45257461455376846
2025-01-01 20:00:00,G03,GEO,-0.4864229133865011,0.05583602570972289,-0.2709109326255684,0.0019890394260290165
2025-01-01 20:15:00,G03,GEO,0.5315874812132689,0.13011152840295895,0.21228601548248122,0.05774436610708969
2025-01-01 20:30:00,G03,GEO,1.6903607267496894,0.22473486021429026,0.7151182682380709,0.10559422084884115
2025-01-01 20:45:00,G03,GEO,2.7707183666965483,0.2820065677368194,1.22738028749962,0.19514567070713343
2025-01-01 21:00:00,G03,GEO,4.017935151032024,0.3382759415123892,1.8120141570656079,0.2487211693456578
2025-01-01 21:15:00,G03,GEO,5.6228516296969975,0.47747025275000543,2.276094732379464,0.30561066268960824
2025-01-01 21:30:00,G03,GEO,6.709036303719996,0.5405578436575196,2.7950408670742224,0.39422871112246377
2025-01-01 21:45:00,G03,GEO,7.979397516860674,0.6019519334196096,3.3427671770965346,0.4332635766235135
2025-01-01 22:00:00,G03,GEO,-0.5227664605211274,0.0621946778376363,0.014327001617568596,-0.006506678114045643
2025-01-01 22:15:00,G03,GEO,0.5552546094824984,0.13611147681315275,0.4664546922910675,0.03212538061661355
2025-01-01 22:30:00,G03,GEO,1.7661391657768137,0.21212001254550825,0.8702573248393294,0.10414195854994544
2025-01-01 22:45:00,G03,GEO,3.016698131256485,0.28781808251210134,1.3649661227447534,0.15957182114394727
2025-01-01 23:00:00,G03,GEO,3.8977359896167414,0.34192369985880183,1.9263281373534598,0.2274731685893033
2025-01-01 23:15:00,G03,GEO,5.256158054819117,0.44435576612356203,2.4772293721883467,0.2923997654530834
2025-01-01 23:30:00,G03,GEO,6.3678110745600565,0.5508624156636885,3.0378321803576904,0.3742648637596673
2025-01-01 23:45:00,G03,GEO,7.8306854256804135,0.59785341940119,3.5383073068593833,0.4157993546631403
2025-01-02 00:00:00,G03,GEO,-0.03354901286452569,0.081168888224366,0.11801588928736209,-0.022082931460482375
2025-01-02 00:15:00,G03,GEO,0.8747965344072074,0.1287720970126708,0.6802601178077178,0.006501733907206239
2025-01-02 00:30:00,G03,GEO,2.018436517600249,0.20086706036609844,1.1190167684415628,0.0882470506895019
2025-01-02 00:45:00,G03,GEO,2.916503125367673,0.2769031317346235,1.560541997638045,0.14373062005899356
2025-01-02 01:00:00,G03,GEO,3.914416136344672,0.3501906042382641,2.1072869486244983,0.24061765603322186
2025-01-02 01:15:00,G03,GEO,5.497421301552298,0.43387671791502375,2.5944993071537414,0.28123188495899903
2025-01-02 01:30:00,G03,GEO,6.4733741256547885,0.5224955265976523,3.221581668372904,0.3608366229902586
2025-01-02 01:45:00,G03,GEO,8.059841126620281,0.6038202929718999,3.7442326781466835,0.4197585861000775
2025-01-02 02:00:00,G03,GEO,-0.8266794537910822,0.07297368886820747,0.3329527447014524,-0.02298422871055811
2025-01-02 02:15:00,G03,GEO,0.7362209578834564,0.11306218400295596,0.7961924483056745,0.0321481933843942
2025-01-02 02:30:00,G03,GEO,1.8972175683535588,0.1934592780198799,1.285036555811428,0.10878161219682515
2025-01-02 02:45:00,G03,GEO,2.986705333250412,0.2481597559338919,1.7536245653336355,0.16610633226326615
2025-01-02 03:00:00,G03,GEO,4.783019096984521,0.31201268863856835,2.234905956214333,0.19896834725590876
2025-01-02 03:15:00,G03,GEO,5.524126244973145,0.3983980112382086,2.8072723823472177,0.26058863368827795
2025-01-02 03:30:00,G03,GEO,6.755894960889508,0.48790296403441374,3.2770345332941053,0.3482432148031117
2025-01-02 03:45:00,G03,GEO,8.07073985435528,0.580921975842304,3.8333672656303226,0.408838456040733
2025-01-02 04:00:00,G03,GEO,0.17928248939593977,0.014775883417793064,0.41460676279426273,-0.025318415081835854
2025-01-02 04:15:00,G03,GEO,0.6202785044012711,0.09837943577838294,0.9214011920852698,0.05276822990096199
2025-01-02 04:30:00,G03,GEO,2.348588256611348,0.12016645198115224,1.408883978653271,0.1036558100353704
2025-01-02 04:45:00,G03,GEO,3.1062455805133036,0.2043726209069921,1.836581047841342,0.14602207383102742
2025-01-02 05:00:00,G03,GEO,4.422942359698904,0.2907600259904693,2.3284676603424557,0.20044657118510492
2025-01-02 05:15:00,G03,GEO,5.643243534907325,0.37605788558192005,2.80753415169784,0.2753816744082432
2025-01-02 05:30:00,G03,GEO,7.315349791569162,0.43588982691139755,3.2265885990721963,0.3627005242255674
2025-01-02 05:45:00,G03,GEO,8.646426808767592,0.544429462753409,3.8451502594660307,0.4233462875789241
2025-01-02 06:00:00,G03,GEO,0.18550254176341838,-0.022296023654921674,0.3664017454311165,-0.00820330424098812
2025-01-02 06:15:00,G03,GEO,1.077294698208249,0.04232276051784635,0.8463832738430276,0.029511786804691485
2025-01-02 06:30:00,G03,GEO,2.3278651336862306,0.10245815584332446,1.229558688856278,0.1092730650327225
2025-01-02 06:45:00,G03,GEO,3.4008595285337213,0.167060874386073,1.7431847284966742,0.18137967905230779
2025-01-02 07:00:00,G03,GEO,4.518898823444036,0.2538367989931022,2.1602400827199175,0.24331779343626325
2025-01-02 07:15:00,G03,GEO,5.820821604886663,0.3411543781261266,2.6876011073625032,0.28737599145058595
2025-01-02 07:30:00,G03,GEO,7.454585649405968,0.4143993896989227,3.1372955049029696,0.3395125551058339
2025-01-02 07:45:00,G03,GEO,8.542526729433316,0.4790758828532438,3.6678729868999453,0.4549235436509644
2025-01-02 08:00:00,G03,GEO,0.18522940277471683,-0.0404685791321523,0.2258451990258428,-0.025828847256821275
2025-01-02 08:15:00,G03,GEO,1.551555919855245,0.003117239241962567,0.6787579513572909,0.0644065378199566
2025-01-02 08:30:00,G03,GEO,2.577339345824519,0.07800741548521084,1.145015059622627,0.08441018839787318
2025-01-02 08:45:00,G03,GEO,3.666173489397449,0.17524624698409796,1.5744863812204402,0.18301004783934036
2025-01-02 09:00:00,G03,GEO,5.150955378609487,0.24250073828318955,1.9700980019475451,0.2538924874159652
2025-01-02 09:15:00,G03,GEO,6.1995608033865075,0.30077043810952425,2.4909832714123565,0.32032339129930004
2025-01-02 09:30:00,G03,GEO,7.483616840071608,0.37473410749363045,2.9850157681048604,0.40482681104827173
2025-01-02 09:45:00,G03,GEO,8.878506925119352,0.4780071952376423,3.4962175148358985,0.4817246979641428
2025-01-02 10:00:00,G03,GEO,0.6756682617212579,-0.06910588466282928,0.02109705062827427,0.020723527237994015
2025-01-02 10:15:00,G03,GEO,1.6433037094039895,0.006544329947773549,0.43314601960906657,0.06746790395726357
2025-01-02 10:30:00,G03,GEO,2.212584365166395,0.07416355207674435,0.9031106900590052,0.13566857432737658
2025-01-02 10:45:00,G03,GEO,4.152816619647185,0.14711103132459244,1.3198979365563217,0.18718496213554706
2025-01-02 11:00:00,G03,GEO,5.063222663494475,0.2374990575194855,1.8550341664345944,0.21667452109884816
2025-01-02 11:15:00,G03,GEO,6.175575113418436,0.32327597161084437,2.2565190836731777,0.33888382602689066
2025-01-02 11:30:00,G03,GEO,7.520392653819896,0.4174975257990844,2.7339173344539565,0.40791312341024055
2025-01-02 11:45:00,G03,GEO,8.734568487696247,0.5000379952769503,3.2552669397066514,0.464317507728183
2025-01-02 12:00:00,G03,GEO,0.3981088632645706,-0.061466875584770105,-0.15426949952728392,0.017763301559151207
2025-01-02 12:15:00,G03,GEO,1.748292086440049,0.02207797799118655,0.25613142039506365,0.07722957155562254
2025-01-02 12:30:00,G03,GEO,2.7302681810325646,0.08105382125972818,0.7091259331751304,0.14870197506072655
2025-01-02 12:45:00,G03,GEO,3.4569150867326357,0.14482618331071717,1.1243865151149395,0.20474166398149168
2025-01-02 13:00:00,G03,GEO,5.123681929298757,0.2517333743163046,1.6133141387031367,0.2828924369252673
2025-01-02 13:15:00,G03,GEO,6.188427841849471,0.32962198830805983,2.098461071299195,0.31998314574604175
2025-01-02 13:30:00,G03,GEO,7.641229557137837,0.43520954934875977,2.6476066873211788,0.39431881930118506
2025-01-02 13:45:00,G03,GEO,8.867525025039237,0.49339743314785406,3.0759165212376622,0.4875214687554661
2025-01-02 14:00:00,G03,GEO,0.6594204848185731,-0.04517513730633011,-0.3528459361399664,0.016569149059840832
2025-01-02 14:15:00,G03,GEO,1.5816795726022517,0.009685264519235147,0.12336855770919662,0.08337740170667539
2025-01-02 14:30:00,G03,GEO,2.7908632392791235,0.11525424208099132,0.5278545286643593,0.13974978686764092
2025-01-02 14:45:00,G03,GEO,3.8060604770268838,0.19262281558376998,0.9126308594252636,0.21933101747272385
2025-01-02 15:00:00,G03,GEO,4.847277676957275,0.2724577517881628,1.4631423408017263,0.2612978587057702
2025-01-02 15:15:00,G03,GEO,6.189083883737195,0.3667358156591932,1.9433357369935704,0.33431164813306335
2025-01-02 15:30:00,G03,GEO,7.6075234940005725,0.43536818663096893,2.4358647622547536,0.40769320576024
2025-01-02 15:45:00,G03,GEO,8.618962105823288,0.5490083985667228,2.951047161803457,0.47538428427277396
2025-01-02 16:00:00,G03,GEO,0.21328467022867742,0.009653163204670318,-0.4470405046946719,0.02901500867276189
2025-01-02 16:15:00,G03,GEO,1.1776941154277538,0.04789841810181815,-0.0026404357821116064,0.09534646358370706
2025-01-02 16:30:00,G03,GEO,2.4794506118782698,0.13495839685620875,0.4816873639261817,0.16339784848118444
2025-01-02 16:45:00,G03,GEO,3.5981040446212917,0.22408876150233753,0.8925900182063765,0.1894005026107595
2025-01-02 17:00:00,G03,GEO,4.843051477766643,0.314813903015945,1.4020544947212004,0.2737374869588768
2025-01-02 17:15:00,G03,GEO,5.902562136571264,0.39220453739786715,1.923075165318264,0.32090502067098514
2025-01-02 17:30:00,G03,GEO,6.971267658511752,0.47918055103857826,2.501372578290962,0.4054890961809748
2025-01-02 17:45:00,G03,GEO,8.374035746317967,0.5616578809695025,2.996935339166429,0.4585404228508262
2025-01-02 18:00:00,G03,GEO,0.019634823456632387,0.014175006954203779,-0.45074450484841666,0.028777639554365592
2025-01-02 18:15:00,G03,GEO,0.869749636286444,0.11007212397316753,0.026016534522023415,0.06743138543738772
2025-01-02 18:30:00,G03,GEO,2.1397958382557865,0.18047937220540866,0.5481248876369652,0.13101758580321549
2025-01-02 18:45:00,G03,GEO,3.0975234207215867,0.2555848288352881,1.04437096556709,0.18860966764050732
2025-01-02 19:00:00,G03,GEO,4.272343885444453,0.3555247416539008,1.5046515135569603,0.26582024877866806
2025-01-02 19:15:00,G03,GEO,5.7479319026877125,0.41453498124568194,1.9988008123659502,0.32433724565841
2025-01-02 19:30:00,G03,GEO,7.038827563662939,0.5108872379142442,2.5096943135775187,0.4040857910599779
2025-01-02 19:45:00,G03,GEO,8.083030551468674,0.6081280648424044,3.1224315025701603,0.4607044504970746
2025-01-02 20:00:00,G03,GEO,-0.3471652855166176,0.05597331930176769,-0.2445315873984023,0.009417375505999104
2025-01-02 20:15:00,G03,GEO,0.8565097380213484,0.12641335661117525,0.20224884918777344,0.05984034848918853
2025-01-02 20:30:00,G03,GEO,2.121408602785423,0.1860686959039534,0.6677203438345163,0.12578077660300546
2025-01-02 20:45:00,G03,GEO,3.222824953968663,0.2809036673406567,1.1811934161917697,0.18807759852453745
2025-01-02 21:00:00,G03,GEO,4.291284220327684,0.3549285585472048,1.7491449281564173,0.2332708719733942
2025-01-02 21:15:00,G03,GEO,5.537848789341419,0.4528325170359198,2.2010253622706997,0.3047996739035542
2025-01-02 21:30:00,G03,GEO,6.412177906523984,0.5496236359776364,2.7281008884196027,0.3704591242270007
2025-01-02 21:45:00,G03,GEO,7.964625738834342,0.5998281597523233,3.3330257265239243,0.43257363928789555
2025-01-02 22:00:00,G03,GEO,-0.34884349638296414,0.06332591957263381,-0.01700082095126961,0.01526197411165153
2025-01-02 22:15:00,G03,GEO,0.596569128533608,0.1415807037156359,0.45017561928973115,0.03974168800243647
2025-01-02 22:30:00,G03,GEO,1.7779886314520625,0.2083422100822158,0.9377027066543118,0.09386714409199913
2025-01-02 22:45:00,G03,GEO,2.783038048960484,0.28738709272495694,1.391124225658305,0.1653800213140066
2025-01-02 23:00:00,G03,GEO,4.010721282782683,0.37064643715377094,1.867542515772575,0.24855758365044073
2025-01-02 23:15:00,G03,GEO,5.0999937099673645,0.461134172236335,2.3900046237676227,0.2708498540426353
2025-01-02 23:30:00,G03,GEO,6.899903029535079,0.5395256558096894,3.0294122304577273,0.3529969808813906
2025-01-02 23:45:00,G03,GEO,7.761389981482884,0.6313974230974976,3.606370090637955,0.4110139064429272
2025-01-03 00:00:00,G03,GEO,-0.4343647465929897,0.07610955016081297,0.10432920883415979,-0.035009699971751816
2025-01-03 00:15:00,G03,GEO,0.7576383498910241,0.13306785769318488,0.6231989545375335,0.04320335027556428
2025-01-03 00:30:00,G03,GEO,1.7865552165928076,0.20159263553797171,1.1218917089562712,0.07509146278256487
2025-01-03 00:45:00,G03,GEO,2.799997166979779,0.30210050221695306,1.5955969438782918,0.17666272010273792
2025-01-03 01:00:00,G03,GEO,4.249770114553362,0.36322429007402984,2.1364322595259106,0.2254264400772008
2025-01-03 01:15:00,G03,GEO,4.989026936007234,0.4149120977455915,2.663489110120585,0.28904183667970357
2025-01-03 01:30:00,G03,GEO,6.834293717762763,0.5199526845532789,3.1775288067356824,0.3384118748129355
2025-01-03 01:45:00,G03,GEO,8.151826460708705,0.6039071841370147,3.832461852783886,0.42416445923244916
2025-01-03 02:00:00,G03,GEO,-0.5106952487105667,0.032107287933036646,0.32378119054080834,-0.018645341720255604
2025-01-03 02:15:00,G03,GEO,0.4576909961675877,0.10613514873667032,0.7885192230577385,0.015267610082680875
2025-01-03 02:30:00,G03,GEO,1.8130070245369958,0.17052186784210427,1.2497146063013926,0.10866225041796918
2025-01-03 02:45:00,G03,GEO,2.835583571907142,0.2480220960668068,1.792220340610778,0.15141072825186433
2025-01-03 03:00:00,G03,GEO,4.194912609118026,0.3248727554287564,2.2585291752103416,0.2489002339731106
2025-01-03 03:15:00,G03,GEO,5.5564983903957215,0.40840539153844696,2.7868722545828417,0.2716265031280491
2025-01-03 03:30:00,G03,GEO,6.960737195885432,0.46799320624872764,3.250069946667924,0.3421795373342927
2025-01-03 03:45:00,G03,GEO,8.066687021899304,0.5695123527187015,3.8483444613513136,0.4133134505138423
2025-01-03 04:00:00,G03,GEO,-0.43104521315152994,0.0054469294302714995,0.46705850969001,-0.03698661176617225
2025-01-03 04:15:00,G03,GEO,0.736297858253154,0.067719246768727,0.9016312813408593,0.028334692983144796
2025-01-03 04:30:00,G03,GEO,2.2725398617299613,0.14550279802781982,1.3476711873336167,0.08811987478909045
2025-01-03 04:45:00,G03,GEO,3.1003363515276656,0.2394573980997851,1.8059048847389974,0.1568946325633679
2025-01-03 05:00:00,G03,GEO,4.31542148218162,0.2855162399719789,2.341443616504428,0.2159074457011487
2025-01-03 05:15:00,G03,GEO,5.821661203905843,0.3836383750416082,2.780474150249043,0.27882045019149443
2025-01-03 05:30:00,G03,GEO,7.125526841090854,0.42489199702414965,3.23399988654405,0.3477188334765764
2025-01-03 05:45:00,G03,GEO,8.613955779794841,0.5379258011007729,3.772827386952672,0.4476151531505377
2025-01-03 06:00:00,G03,GEO,0.1627785901946335,-0.012675991559544547,0.436494102454775,-0.026255225822229424
2025-01-03 06:15:00,G03,GEO,1.132196502466549,0.03949202955216788,0.7914935088203274,0.04284101275412166
2025-01-03 06:30:00,G03,GEO,2.4336842614867527,0.11454965289869427,1.245955642501314,0.08343207489888436
2025-01-03 06:45:00,G03,GEO,3.3146946911951534,0.17450088096841473,1.697441174611929,0.175452532886811
2025-01-03 07:00:00,G03,GEO,4.837339357519331,0.25668777753922734,2.1686546259360333,0.24359411333710856
2025-01-03 07:15:00,G03,GEO,5.8956348515609145,0.3615136024845468,2.6362921878051346,0.31888175346323705
2025-01-03 07:30:00,G03,GEO,7.531251527659138,0.41848461676792326,3.197723572334854,0.37736904153972306
2025-01-03 07:45:00,G03,GEO,8.67398777955091,0.49017797301501176,3.6836279515469954,0.4367788367815574
2025-01-03 08:00:00,G03,GEO,0.44645714603669623,-0.055402222040370645,0.2373114739267475,-0.007293230882816272
2025-01-03 08:15:00,G03,GEO,1.2017178187920188,0.017572073451340056,0.6347433555957998,0.050007352349448246
2025-01-03 08:30:00,G03,GEO,2.553845761217536,0.07737123586035434,1.1058812388915285,0.11487256008445451
2025-01-03 08:45:00,G03,GEO,3.915945960327373,0.159143707558535,1.5560382723662427,0.1734020584058268
2025-01-03 09:00:00,G03,GEO,4.872847082366172,0.2377619946074595,1.9905550475917633,0.2389788874740673
2025-01-03 09:15:00,G03,GEO,6.106705485203075,0.3206750159935029,2.4772088757026096,0.3055157896315033
2025-01-03 09:30:00,G03,GEO,7.803731783540012,0.3999283686412631,2.914148358115492,0.394215747110418
2025-01-03 09:45:00,G03,GEO,8.85942041573062,0.4775993095580013,3.524762509336782,0.44692505419057993
2025-01-03 10:00:00,G03,GEO,0.8974586194633147,-0.051155396120497285,0.0606732859004748,-0.011131560794955978
2025-01-03 10:15:00,G03,GEO,1.5443918012142621,0.014178320524556346,0.5267023949148429,0.0637761300968396
2025-01-03 10:30:00,G03,GEO,2.4920510824358195,0.07850769456082932,0.868205081261803,0.11486327073386327
2025-01-03 10:45:00,G03,GEO,3.5972027725776607,0.1586107141092001,1.3458443500110562,0.1931217563436815
2025-01-03 11:00:00,G03,GEO,5.132250185184594,0.23614464874423324,1.7433454177834642,0.24947985403136422
2025-01-03 11:15:00,G03,GEO,6.305892554481705,0.31967808346784865,2.187883174888317,0.320173409020857
2025-01-03 11:30:00,G03,GEO,7.343798815131485,0.39883039208635646,2.7528071163200494,0.39602114762086404
2025-01-03 11:45:00,G03,GEO,9.10799454514327,0.46925096003482125,3.234814885468532,0.48278365336128826
2025-01-03 12:00:00,G03,GEO,0.4229863276609165,-0.06595634106995166,-0.19294302244783074,0.008210351201016323
2025-01-03 12:15:00,G03,GEO,1.5189074035139267,-0.0014289921043790618,0.2691848172652902,0.10815994396414864
2025-01-03 12:30:00,G03,GEO,2.8137973617788195,0.10405281633174132,0.6939716908809374,0.14828064653888
2025-01-03 12:45:00,G03,GEO,3.712019925656904,0.1535389629576478,1.1309511135516692,0.2005159443001615
2025-01-03 13:00:00,G03,GEO,5.044157530132543,0.2568555660641148,1.5788533830578548,0.2614821015347095
2025-01-03 13:15:00,G03,GEO,6.2160045675856495,0.3345623518092944,2.0758941989148663,0.34507493100352643
2025-01-03 13:30:00,G03,GEO,7.3270889788693925,0.4265234218884979,2.5579155359430494,0.4107013402554756
2025-01-03 13:45:00,G03,GEO,8.561892474551133,0.5058710469701773,3.064660265919989,0.47205713899998186
2025-01-03 14:00:00,G03,GEO,0.45261177835119965,-0.04439307902256895,-0.3745851072562092,0.020248341787841947
2025-01-03 14:15:00,G03,GEO,1.4755094995740978,0.019616898559533313,0.11964666838964651,0.10290988465860508
2025-01-03 14:30:00,G03,GEO,2.600928570099008,0.10789188340361831,0.5237018615816555,0.1457792618069637
2025-01-03 14:45:00,G03,GEO,3.2239061679270544,0.18928229939748373,0.9198949794119539,0.22596830211771818
2025-01-03 15:00:00,G03,GEO,4.7053021405435045,0.26819706835431967,1.4810524635998839,0.2655942086524239
2025-01-03 15:15:00,G03,GEO,5.939451804238054,0.346470484909486,1.9104598617487851,0.3288804375954946
2025-01-03 15:30:00,G03,GEO,7.503007787971929,0.4588786590810097,2.428865374396203,0.41066952116929806
2025-01-03 15:45:00,G03,GEO,8.820523752336557,0.5203833125199849,2.9751855177625512,0.4636233021264001
2025-01-03 16:00:00,G03,GEO,0.3657929759815578,-0.0033724812388223994,-0.3838570587198255,0.0021523063394343666
2025-01-03 16:15:00,G03,GEO,0.8776477898268864,0.07397331466381074,0.09012171322373144,0.07323835072313038
2025-01-03 16:30:00,G03,GEO,2.0653482538217682,0.1456369381523048,0.5079691177926647,0.15418218847005136
2025-01-03 16:45:00,G03,GEO,3.416976187461343,0.21358074483038764,1.0029463292676926,0.20099251880531085
2025-01-03 17:00:00,G03,GEO,4.339125225401593,0.29048917433319704,1.4396419002356744,0.2769156425879971
2025-01-03 17:15:00,G03,GEO,5.854012819045332,0.38766492081566417,1.8972680408392442,0.34194172603379513
2025-01-03 17:30:00,G03,GEO,7.175395448348993,0.49271616076548064,2.4186167975661688,0.41939317691298744
2025-01-03 17:45:00,G03,GEO,8.417203480307837,0.5711281651899418,2.983238880036226,0.4599336170380352
2025-01-03 18:00:00,G03,GEO,0.014653254791357685,0.034681103169334995,-0.4164684552803433,0.011086592571158446
2025-01-03 18:15:00,G03,GEO,0.7000096887907091,0.06761410337122703,0.0862856855215383,0.10176780200666474
2025-01-03 18:30:00,G03,GEO,1.9047735253906704,0.17523059143651706,0.5396027393710051,0.13648198565690245
2025-01-03 18:45:00,G03,GEO,3.1758847171936675,0.275117651973325,1.0293265629182486,0.18555145848621113
2025-01-03 19:00:00,G03,GEO,4.316168681790684,0.3310851151976054,1.4735891206771305,0.2378296242548541
2025-01-03 19:15:00,G03,GEO,5.44413477731965,0.42233606808151586,2.0643795537504706,0.3187397769249868
2025-01-03 19:30:00,G03,GEO,6.666633660889934,0.5147000922578342,2.5717502230945897,0.36510477564450045
2025-01-03 19:45:00,G03,GEO,8.155796800970162,0.6046315792468164,3.1874406764428067,0.4554796923413042
2025-01-03 20:00:00,G03,GEO,-0.1982518700258163,0.03332131028367153,-0.18612016745145957,0.006380271857499819
2025-01-03 20:15:00,G03,GEO,0.8333761411553336,0.13558186518058613,0.17780496505339405,0.054038844579491485
2025-01-03 20:30:00,G03,GEO,2.0469448078257666,0.19846697934330357,0.6696476169539465,0.1486265211915504
2025-01-03 20:45:00,G03,GEO,2.904524831720072,0.28819423613196304,1.20538892825745,0.18760136911424222
2025-01-03 21:00:00,G03,GEO,4.786144898172936,0.37604188836759295,1.7024877259107625,0.2504103526243942
2025-01-03 21:15:00,G03,GEO,5.358941936663001,0.446035138256517,2.284172396879992,0.31681424885799914
2025-01-03 21:30:00,G03,GEO,6.615243589161147,0.5436638891676532,2.7756274291220513,0.3646100631517073
2025-01-03 21:45:00,G03,GEO,7.929648018040685,0.6194967498644843,3.3687766696635033,0.4353784521924872
2025-01-03 22:00:00,G03,GEO,-0.1273777204854335,0.06148469335897763,0.010726882614845067,-0.006846270756780017
2025-01-03 22:15:00,G03,GEO,1.1103781578498004,0.14767636690262798,0.45742029990054806,0.05992440733948313
2025-01-03 22:30:00,G03,GEO,1.9084773156243355,0.20261904491504365,0.9505534906410102,0.10738311089582983
2025-01-03 22:45:00,G03,GEO,2.95007338005618,0.2807885546012426,1.4386039704424498,0.17620760434709254
2025-01-03 23:00:00,G03,GEO,4.251194029304726,0.37396021490531167,1.998250716442996,0.23096527698238667
2025-01-03 23:15:00,G03,GEO,5.374755315654492,0.4594978891966589,2.521733526356058,0.2870197757039917
2025-01-03 23:30:00,G03,GEO,6.600099391678382,0.5573531492627374,3.004516797495521,0.3598229173152566
2025-01-03 23:45:00,G03,GEO,7.454937064232341,0.5994894634941802,3.568062734575707,0.4655573554899126
2025-01-04 00:00:00,G03,GEO,-0.49533801241262604,0.07085954817510265,0.1659341919799415,-0.05295007743363043
2025-01-04 00:15:00,G03,GEO,0.5666415257696455,0.13830303589116172,0.624984260986577,0.022768108566468916
2025-01-04 00:30:00,G03,GEO,1.9454928000519776,0.20712878273127644,1.1315400851223134,0.08980579967851188
2025-01-04 00:45:00,G03,GEO,2.7926948640438334,0.2839630099345964,1.5805915193812752,0.12290425431548845
2025-01-04 01:00:00,G03,GEO,3.948902111749014,0.3502797310510261,2.1140633748102324,0.21568380478422958
2025-01-04 01:15:00,G03,GEO,5.440125651902529,0.4399988769391005,2.7279817186265984,0.28802244766005675
2025-01-04 01:30:00,G03,GEO,6.556266109854849,0.52042958546365,3.214276006382597,0.35099944968301633
2025-01-04 01:45:00,G03,GEO,8.048531372917239,0.5935718656353475,3.7583530121936826,0.4585212999276547
2025-01-04 02:00:00,G03,GEO,-0.3795493505884736,0.04840686572170763,0.3597920538045545,-0.03346795954152914
2025-01-04 02:15:00,G03,GEO,0.7153979951994023,0.11642733189921857,0.8100943025962035,0.04226146913430951
2025-01-04 02:30:00,G03,GEO,1.965604358514472,0.17392872449744767,1.3042396449752924,0.08212120982464563
2025-01-04 02:45:00,G03,GEO,3.0706132892135924,0.2893139645380657,1.7792100150028514,0.1465596478583029
2025-01-04 03:00:00,G03,GEO,4.209716604386316,0.3384112195765594,2.3060991619092226,0.2163867447847449
2025-01-04 03:15:00,G03,GEO,5.5350556060505385,0.41686149310568443,2.7889055531924987,0.2791374130690432
2025-01-04 03:30:00,G03,GEO,6.948129791005128,0.4927013663700086,3.2912583524490744,0.3586228457870647
2025-01-04 03:45:00,G03,GEO,8.158216349087857,0.5597749540965915,3.7945107205661985,0.4243450211296329
2025-01-04 04:00:00,G03,GEO,-0.22307187913325527,0.014813391341575947,0.41734475632812235,-0.01780945214782515
2025-01-04 04:15:00,G03,GEO,0.8356705986034147,0.08295882793516282,0.8825772071936929,0.020206468685107955
2025-01-04 04:30:00,G03,GEO,2.0434782925054105,0.16130117784518708,1.349680513598341,0.0713600704596281
2025-01-04 04:45:00,G03,GEO,3.2436993731385795,0.20957456816126807,1.7861754318242022,0.14806594370936987
2025-01-04 05:00:00,G03,GEO,4.676008761884223,0.2849161235560471,2.246947334491263,0.21441561988334554
2025-01-04 05:15:00,G03,GEO,5.676947608359744,0.37136348904146843,2.8113586048233006,0.2974110638929336
2025-01-04 05:30:00,G03,GEO,6.803623014715362,0.43814816353646524,3.295052216922996,0.35332280699434254
2025-01-04 05:45:00,G03,GEO,8.48841194312034,0.5159787030412477,3.8117668099314894,0.42265506886668236
2025-01-04 06:00:00,G03,GEO,0.17234971887430825,-0.017092636533755607,0.4427221099696301,-0.010478035884059787
2025-01-04 06:15:00,G03,GEO,1.1986813792925246,0.05707087803798948,0.8001394538669103,0.03821380530214191
2025-01-04 06:30:00,G03,GEO,2.3037995540922527,0.10971737565039519,1.2539050195041268,0.11221827924417781
2025-01-04 06:45:00,G03,GEO,3.6598447249677575,0.1809858710894549,1.6602852442135054,0.17942151056812056
2025-01-04 07:00:00,G03,GEO,4.768008193977379,0.2645858313195933,2.1981105931912404,0.2288618808235681
2025-01-04 07:15:00,G03,GEO,5.842810993075798,0.3428523704779868,2.647642038852073,0.295973748645641
2025-01-04 07:30:00,G03,GEO,7.3781716487676015,0.41445967818144275,3.1843044391025037,0.3743066089542278
2025-01-04 07:45:00,G03,GEO,8.587685888734145,0.4997672404170705,3.6884107530720573,0.4339556413929227
2025-01-04 08:00:00,G03,GEO,0.12193188497586482,-0.07064034704965702,0.2465477691112533,0.0012631686684606283
2025-01-04 08:15:00,G03,GEO,1.2889478441427642,3.659613255599641e-05,0.5932846390720197,0.0399951691867763
2025-01-04 08:30:00,G03,GEO,2.645121887523007,0.06656518186911613,1.0940436687043205,0.10149355224272585
2025-01-04 08:45:00,G03,GEO,3.484752299900622,0.1582424582501918,1.54697420086675,0.18520393042104943
2025-01-04 09:00:00,G03,GEO,5.264649574251282,0.24371121192638662,2.0312434079380774,0.25990882306184265
2025-01-04 09:15:00,G03,GEO,6.279924455884362,0.2950973441807262,2.4196472008193277,0.29658485121461714
2025-01-04 09:30:00,G03,GEO,7.376713335498651,0.37190477469736116,2.9204309399472868,0.3962545849249665
2025-01-04 09:45:00,G03,GEO,8.811828930927843,0.4952183037255621,3.4244698170553147,0.46742355649491873
2025-01-04 10:00:00,G03,GEO,0.6558642022653535,-0.05261063359684309,0.03399602672722282,0.010812256279668014
2025-01-04 10:15:00,G03,GEO,1.4199438319219695,-9.20032797782468e-05,0.36830249687415034,0.046424088916671005
2025-01-04 10:30:00,G03,GEO,2.654705502846386,0.07532291054668042,0.9106114016392114,0.11587976385342214
2025-01-04 10:45:00,G03,GEO,4.1864388808578585,0.15022309734426526,1.3311962637500554,0.20021201571332475
2025-01-04 11:00:00,G03,GEO,5.116333621156551,0.2324270557560862,1.7258690980583906,0.2680518708610415
2025-01-04 11:15:00,G03,GEO,6.2618568204680045,0.31824377412773597,2.179515018002114,0.33606343767288893
2025-01-04 11:30:00,G03,GEO,7.719206764500329,0.42120440930235853,2.682357841527002,0.40564905526558614
2025-01-04 11:45:00,G03,GEO,8.920463296383538,0.49216315132061894,3.2423195643048786,0.468236587575655
2025-01-04 12:00:00,G03,GEO,0.49031644924503387,-0.060149795071138344,-0.1499097988270262,0.01980993737885972
2025-01-04 12:15:00,G03,GEO,1.784038241368894,0.013095912468785642,0.20153801680240355,0.07084207378159306
2025-01-04 12:30:00,G03,GEO,2.5152680084914003,0.0838235540547392,0.6579974235773218,0.16283776985322715
2025-01-04 12:45:00,G03,GEO,4.15111416417371,0.16327169507307665,1.104293482106534,0.19353306703774276
2025-01-04 13:00:00,G03,GEO,4.981672712737517,0.23205332930999903,1.6115208995662524,0.25520861795159855
2025-01-04 13:15:00,G03,GEO,6.043680171175523,0.3545851228375566,2.00519669409442,0.3460304450363321
2025-01-04 13:30:00,G03,GEO,7.525396315399062,0.4150955699843096,2.5285241672701075,0.4142625897432118
2025-01-04 13:45:00,G03,GEO,8.530532563183442,0.508995735701224,3.140531513965147,0.47878084985496794
2025-01-04 14:00:00,G03,GEO,0.1817260140830048,-0.03507843078134624,-0.3146777101343032,0.026736275381087297
2025-01-04 14:15:00,G03,GEO,1.2330562597775192,0.03698219100317878,0.05046242166256203,0.08922688058952849
2025-01-04 14:30:00,G03,GEO,2.7062076182283987,0.0888798490175607,0.4802544393402018,0.1414236704004126
2025-01-04 14:45:00,G03,GEO,3.9264285080659866,0.19183455895806598,0.9718681292016284,0.21985842508327536
2025-01-04 15:00:00,G03,GEO,4.887868811135985,0.2723722780144261,1.4355110208959425,0.2821361771128708
2025-01-04 15:15:00,G03,GEO,6.1882851730749415,0.3689818734346241,1.9443769404415845,0.354448243738811
2025-01-04 15:30:00,G03,GEO,7.047256500819481,0.4554911567118087,2.453937640187515,0.40313691272388547
2025-01-04 15:45:00,G03,GEO,8.794558155327627,0.5527065125622991,2.993376632437965,0.4990420347524383
2025-01-04 16:00:00,G03,GEO,0.046694699081098884,-0.013843617290455915,-0.45924507412628784,0.024302674001095335
2025-01-04 16:15:00,G03,GEO,1.5661868020629335,0.07910866780831417,0.0054973899467197045,0.05509661797191378
2025-01-04 16:30:00,G03,GEO,2.5161703960188824,0.14740628176751883,0.5309445686996971,0.15143292510914377
2025-01-04 16:45:00,G03,GEO,3.4013295007220505,0.2360202103244429,0.9493633139016702,0.19084041939724863
2025-01-04 17:00:00,G03,GEO,4.693606726711461,0.32376633964010126,1.4417351731141037,0.2775272589700306
2025-01-04 17:15:00,G03,GEO,5.559220385959009,0.40854149544170626,1.9375999792133753,0.3339301695068168
2025-01-04 17:30:00,G03,GEO,7.329745021557292,0.5020348151252292,2.50558953648218,0.4052535083065831
2025-01-04 17:45:00,G03,GEO,8.684195470007657,0.5808903235164414,3.026955381817798,0.4711683814525697
2025-01-04 18:00:00,G03,GEO,-0.034500260902492884,0.029304365390501227,-0.3866914035737343,0.020668258156023245
2025-01-04 18:15:00,G03,GEO,1.0591509993862502,0.1025838936822664,0.11226147291653747,0.06887865002335711
2025-01-04 18:30:00,G03,GEO,1.8735388738341572,0.19190197213045695,0.5562755904362915,0.14015025413693982
2025-01-04 18:45:00,G03,GEO,3.35891822039619,0.26636918450757713,0.9994733414207622,0.212342581945144
2025-01-04 19:00:00,G03,GEO,4.327122729988241,0.33507885542791127,1.5534335023943522,0.2674961405408259
2025-01-04 19:15:00,G03,GEO,5.6006602570855515,0.42158079342772986,2.0834938083735755,0.3460371283666382
2025-01-04 19:30:00,G03,GEO,6.694063990575942,0.5171543607174025,2.6022140179436124,0.37720966815955476
2025-01-04 19:45:00,G03,GEO,8.095599908783443,0.5967568740906727,3.142771237454547,0.43734597887575505
2025-01-04 20:00:00,G03,GEO,-0.5042811530118065,0.06417815228247628,-0.23662450760886955,-0.0045182859117996795
2025-01-04 20:15:00,G03,GEO,0.8275872478543844,0.14880049378899984,0.20903695453881624,0.06435531034929656
2025-01-04 20:30:00,G03,GEO,1.445429311276017,0.20711959686414114,0.6798315241501885,0.10489828752537429
2025-01-04 20:45:00,G03,GEO,3.3579508298238023,0.27943099157829787,1.2248935540887778,0.16295490995061288
2025-01-04 21:00:00,G03,GEO,4.47329141826292,0.3558617322466969,1.639198728353398,0.2513431977376288
2025-01-04 21:15:00,G03,GEO,5.358566821227445,0.43424565955650185,2.237985034136002,0.3230969331192156
2025-01-04 21:30:00,G03,GEO,6.3552110167460745,0.5378028556458619,2.8123499581264677,0.37604494712752395
2025-01-04 21:45:00,G03,GEO,8.312714448654283,0.6271817541162995,3.412862643875193,0.442231869156462
2025-01-04 22:00:00,G03,GEO,-0.3073760965951601,0.0873387168596979,-0.02490377027528191,0.008986685623386559
2025-01-04 22:15:00,G03,GEO,0.7197554391449951,0.1479656626583017,0.48557059654432133,0.06766140523522461
2025-01-04 22:30:00,G03,GEO,1.6265975156886316,0.2163134020169787,0.8847835211795697,0.09858850786600926
2025-01-04 22:45:00,G03,GEO,2.980350508822909,0.2968186492280976,1.5184163664203916,0.1620351640370633
2025-01-04 23:00:00,G03,GEO,4.313737269958867,0.367233825159852,1.9629084629657598,0.22212546648713968
2025-01-04 23:15:00,G03,GEO,5.413867255043646,0.4676993771484255,2.484562555356839,0.3077532011861592
2025-01-04 23:30:00,G03,GEO,6.543864174915442,0.5074852419898215,3.056524457155894,0.338703449163584
2025-01-04 23:45:00,G03,GEO,8.024027606121653,0.5933785058644689,3.522217028474499,0.4162946128867913
2025-01-05 00:00:00,G03,GEO,-0.4415233123367406,0.06867861006175666,0.18938547643703182,-0.019093577903996815
2025-01-05 00:15:00,G03,GEO,0.4448326824720175,0.12374689470518734,0.6574543805072683,0.02498987088262644
2025-01-05 00:30:00,G03,GEO,1.7495895074443943,0.22893521971624545,1.161090119024912,0.09557315254909646
2025-01-05 00:45:00,G03,GEO,2.6663613218707805,0.29584447561828686,1.6340061758726283,0.16374540979735458
2025-01-05 01:00:00,G03,GEO,4.243781164333177,0.36196120641124335,2.198876717828587,0.2038442103914031
2025-01-05 01:15:00,G03,GEO,5.234387750360151,0.42864709144439644,2.7257829915140297,0.2899140124031208
2025-01-05 01:30:00,G03,GEO,6.626585203870254,0.5157344586482675,3.184809884671831,0.35416534615762113
2025-01-05 01:45:00,G03,GEO,8.043475154731013,0.6069441973806757,3.7768875597247806,0.4208822037574671
2025-01-05 02:00:00,G03,GEO,-0.6157308884757026,0.0419909955925061,0.42515735700323526,-0.047317643301101366
2025-01-05 02:15:00,G03,GEO,0.6219488316781541,0.14110083044437285,0.8205039340456666,0.03144833300536097
2025-01-05 02:30:00,G03,GEO,1.8852456653706735,0.18145209231069143,1.2507382238495581,0.08295078163341857
2025-01-05 02:45:00,G03,GEO,3.08839003800915,0.25446689041138565,1.7961706550378915,0.15298328487606144
2025-01-05 03:00:00,G03,GEO,4.414843795234311,0.31299974785929136,2.247297721840245,0.19763999451484968
2025-01-05 03:15:00,G03,GEO,5.643208824870829,0.39284059202575206,2.796577267152262,0.3016400192132402
2025-01-05 03:30:00,G03,GEO,7.045512053728133,0.4852631619837226,3.2660976015936654,0.3296035905780175
2025-01-05 03:45:00,G03,GEO,8.3954156877163,0.564321113576871,3.843631972340361,0.4346388383771225
2025-01-05 04:00:00,G03,GEO,-0.175835559231023,0.007185200173181319,0.45164883371921033,-0.04752538128125314
2025-01-05 04:15:00,G03,GEO,1.0659386675734992,0.06154019881592012,0.8876260709732389,0.029016265462786642
2025-01-05 04:30:00,G03,GEO,2.29445389722735,0.1621595587533026,1.3175205602029405,0.07926880199511491
2025-01-05 04:45:00,G03,GEO,3.5031777693384494,0.2067630435385479,1.749486043175,0.1571482939280742
2025-01-05 05:00:00,G03,GEO,4.572258657607612,0.2787545028879101,2.261836300933796,0.22270289617886116
2025-01-05 05:15:00,G03,GEO,5.882304818148913,0.37588224475466403,2.8028566623025055,0.29348212383920075
2025-01-05 05:30:00,G03,GEO,7.317228439132903,0.43106278600636316,3.250722202921972,0.36321457380378397
2025-01-05 05:45:00,G03,GEO,8.219608681170977,0.5261935408172268,3.814940119260467,0.4319213868690107
2025-01-05 06:00:00,G03,GEO,-0.00907710176112407,-0.02347851333987036,0.4739698786055548,-0.008500548942956817
2025-01-05 06:15:00,G03,GEO,1.2639556025955687,0.023734246540445456,0.8367172778975088,0.05022295430415174
2025-01-05 06:30:00,G03,GEO,2.7380497722759776,0.12962249131308684,1.2575446545994022,0.10153278038460145
2025-01-05 06:45:00,G03,GEO,3.3174643241021915,0.17301477975030516,1.6678149472249535,0.1696307856780203
2025-01-05 07:00:00,G03,GEO,4.825021362550651,0.25871643188302873,2.153060511943844,0.21960651279812174
2025-01-05 07:15:00,G03,GEO,6.191458778541327,0.34031303851261424,2.6761563790869767,0.3020542033282961
2025-01-05 07:30:00,G03,GEO,7.566384947504574,0.41015037377184543,3.180235413607575,0.36657935986012974
2025-01-05 07:45:00,G03,GEO,8.479087832409839,0.4971458358254764,3.65010036833176,0.4478151515120298
2025-01-05 08:00:00,G03,GEO,0.15904443134432136,-0.05457792868763934,0.232245769070173,0.00024239758110699595
2025-01-05 08:15:00,G03,GEO,1.4935363885929198,0.00858392506246787,0.6563578143470129,0.06370255140331472
2025-01-05 08:30:00,G03,GEO,2.369741781368886,0.08401723603838304,1.0351428038029025,0.11071498539982247
2025-01-05 08:45:00,G03,GEO,3.597250907888463,0.1623643825761057,1.5050635567152202,0.19185919195466158
2025-01-05 09:00:00,G03,GEO,5.2284453178514045,0.24258455979571392,2.0443772635995168,0.2380477264512526
2025-01-05 09:15:00,G03,GEO,6.250940217375338,0.2995677506643216,2.4708261723854257,0.3203031485198995
2025-01-05 09:30:00,G03,GEO,7.60445647365388,0.40109304324857603,2.9549530459549134,0.3773557280228144
2025-01-05 09:45:00,G03,GEO,8.877513803262985,0.49090715055696915,3.4256167103618687,0.4441928302323819
2025-01-05 10:00:00,G03,GEO,0.538496668224635,-0.04559985468592387,0.0205281925206666,0.03053707811055044
2025-01-05 10:15:00,G03,GEO,1.5279961352109783,0.0033094702834954304,0.42385242660663763,0.06068546049308917
2025-01-05 10:30:00,G03,GEO,2.7222548836036347,0.05204098967791807,0.8610570515363086,0.1521124276932774
2025-01-05 10:45:00,G03,GEO,4.385789278037132,0.13742340517574195,1.3594533966666196,0.19762428568222443
2025-01-05 11:00:00,G03,GEO,4.936563535475155,0.2426553524760719,1.7659591568399053,0.25472319294946566
2025-01-05 11:15:00,G03,GEO,6.56646566110661,0.3187355919696298,2.228096805268862,0.33506420191246694
2025-01-05 11:30:00,G03,GEO,7.438538534510807,0.4086380997830792,2.706925531906264,0.40014347935712574
2025-01-05 11:45:00,G03,GEO,9.132111228827753,0.4809257742568415,3.26595336439974,0.47886826850066067
2025-01-05 12:00:00,G03,GEO,0.5067315119046629,-0.06067446920184167,-0.2032411636486028,0.021140751855786285
2025-01-05 12:15:00,G03,GEO,1.6106335474465148,0.01736202675078941,0.20243590972950395,0.09138571111013986
2025-01-05 12:30:00,G03,GEO,2.5995458175499446,0.08749953218728754,0.63201627318788,0.13813877280958803
2025-01-05 12:45:00,G03,GEO,4.0611248705764496,0.16530756403098934,1.0921494608105495,0.21537621596121362
2025-01-05 13:00:00,G03,GEO,5.056860443197748,0.25128722528457254,1.5846614258463945,0.2793569041466106
2025-01-05 13:15:00,G03,GEO,6.262857011106639,0.34943765458841664,2.0060839994545914,0.3343924206984437
2025-01-05 13:30:00,G03,GEO,7.241733270709824,0.40372683906550655,2.524474029604969,0.3942465325310784
2025-01-05 13:45:00,G03,GEO,9.151170433726525,0.5009241253538197,3.0712186633302734,0.4868042294101847
2025-01-05 14:00:00,G03,GEO,0.08406402973578565,-0.03797769955667956,-0.37364381122590806,0.01915206004141369
2025-01-05 14:15:00,G03,GEO,1.225840402900584,0.04564960515288231,0.029523468625643298,0.06849730328649259
2025-01-05 14:30:00,G03,GEO,2.543687681867533,0.11625194627706038,0.5249076978236848,0.1492997611337406
2025-01-05 14:45:00,G03,GEO,3.525066654607269,0.1797532906483147,0.9813338250229233,0.21048189347986895
2025-01-05 15:00:00,G03,GEO,4.7105393012575805,0.28077720517295096,1.447052793465134,0.2837536380623021
2025-01-05 15:15:00,G03,GEO,6.04670406125003,0.3525588450345288,1.9270397787386278,0.34847456803351984
2025-01-05 15:30:00,G03,GEO,7.193491101979902,0.4411171829652621,2.463191245912681,0.42049001594593255
2025-01-05 15:45:00,G03,GEO,8.810609971157833,0.5379930200865483,3.032857173764428,0.47385414280181276
2025-01-05 16:00:00,G03,GEO,0.21141881986855465,-0.01713844549467592,-0.47951322647991657,0.04232071866556924
2025-01-05 16:15:00,G03,GEO,1.2952799660241763,0.07933065785602146,0.019684342602265155,0.09073812923152777
2025-01-05 16:30:00,G03,GEO,2.259819535506357,0.13616504175665292,0.46632886121165723,0.15253336496050163
2025-01-05 16:45:00,G03,GEO,3.3792101457009047,0.2264687699535807,0.9410904961163605,0.19845256799594208
2025-01-05 17:00:00,G03,GEO,4.5720597327702635,0.2994501169478169,1.454035996556365,0.28906692698682873
2025-01-05 17:15:00,G03,GEO,5.533032427541641,0.4187397216456891,1.9115095536997582,0.3317301717875865
2025-01-05 17:30:00,G03,GEO,6.8019527908076896,0.48375737677623787,2.500557726649737,0.42090638933057367
2025-01-05 17:45:00,G03,GEO,8.187804004389541,0.5775845158276499,3.012625138619581,0.4707144695310159
2025-01-05 18:00:00,G03,GEO,-0.08808022522781435,0.009343336673769062,-0.43374872697274786,0.00736786831117163
2025-01-05 18:15:00,G03,GEO,0.9349031879946235,0.09525237123206366,0.053713036044766974,0.07040361958388297
2025-01-05 18:30:00,G03,GEO,2.0572020168405327,0.18159227464295036,0.5160546410162843,0.1351070990975968
2025-01-05 18:45:00,G03,GEO,3.3342619661246227,0.27232614086273327,1.0756855394813674,0.20672811693232943
2025-01-05 19:00:00,G03,GEO,4.317163034685986,0.3349471647717119,1.5491781047553033,0.27466791687623987
2025-01-05 19:15:00,G03,GEO,5.555472958423912,0.43820325046745046,2.0633642225086017,0.31705119459551356
2025-01-05 19:30:00,G03,GEO,7.017711849942946,0.5214522381908275,2.6487975793052185,0.39100319444557474
2025-01-05 19:45:00,G03,GEO,8.461582864379848,0.6039946056449083,3.1693078207838026,0.4708459699027725
2025-01-05 20:00:00,G03,GEO,-0.32760185845155904,0.08182239121845133,-0.23143501874112507,0.007557562336193665
2025-01-05 20:15:00,G03,GEO,0.6670479961734905,0.1317974158320625,0.2338002837697244,0.05375630635939595
2025-01-05 20:30:00,G03,GEO,1.8120480196539233,0.2145907615814193,0.6764171165602106,0.11129530460975802
2025-01-05 20:45:00,G03,GEO,3.3148672203421063,0.2827806814690335,1.2382487731852585,0.19347545298137783
2025-01-05 21:00:00,G03,GEO,3.90363789985616,0.3838117446817775,1.6898426726218476,0.24224455637028816
2025-01-05 21:15:00,G03,GEO,5.557405838480249,0.4400258949372613,2.2432027301634734,0.2947432927262959
2025-01-05 21:30:00,G03,GEO,6.2523031077967754,0.5399006158576642,2.8596658029116995,0.3623482593469285
2025-01-05 21:45:00,G03,GEO,7.829476824503242,0.6226574859004632,3.3544623666417865,0.4263934621897658
2025-01-05 22:00:00,G03,GEO,-0.5237865760072077,0.054341226696116685,-0.019079392071736912,-0.009110949604416269
2025-01-05 22:15:00,G03,GEO,0.5548933519496786,0.13180325193955242,0.4359726744448978,0.05914985710051531
2025-01-05 22:30:00,G03,GEO,1.7275266597007959,0.18869725797703896,0.9737427082741523,0.09453629144885603
2025-01-05 22:45:00,G03,GEO,2.919988699371945,0.2839246402473786,1.4122567883660135,0.17920280048397508
2025-01-05 23:00:00,G03,GEO,3.650411134652047,0.3565636405752084,1.9771822583251464,0.22153655971088965
2025-01-05 23:15:00,G03,GEO,5.381495904786047,0.4493771812753023,2.4497769957781705,0.29327078359915104
2025-01-05 23:30:00,G03,GEO,6.87999124460537,0.5260308503462194,3.033211008394321,0.340954390103451
2025-01-05 23:45:00,G03,GEO,7.872039991947212,0.6159058995898324,3.638449378651002,0.4402298033370003
2025-01-06 00:00:00,G03,GEO,-0.5015117823679113,0.07039502365669693,0.22149625401102738,-0.03441462452794639
2025-01-06 00:15:00,G03,GEO,0.35997368434310556,0.15685510106132125,0.7339160224604631,0.054715446402229403
2025-01-06 00:30:00,G03,GEO,1.3839812949336097,0.20145641441670156,1.1091705671830867,0.10538949220038304
2025-01-06 00:45:00,G03,GEO,3.0170411283277985,0.27703138450607134,1.6711026291625646,0.14610081535644912
2025-01-06 01:00:00,G03,GEO,4.032642514997228,0.35247083346764624,2.147067843664593,0.23683939250104577
2025-01-06 01:15:00,G03,GEO,5.326103172095919,0.4392251265456049,2.668970834221357,0.30412915222776316
2025-01-06 01:30:00,G03,GEO,6.748831776849306,0.5309202925790018,3.24949805269984,0.3519966035277539
2025-01-06 01:45:00,G03,GEO,7.719089383323427,0.6023639415750355,3.7678242329805114,0.44608135537983834
2025-01-06 02:00:00,G03,GEO,-0.3432526202938221,0.041160900770985276,0.2943316724654529,-0.04929400607314169
2025-01-06 02:15:00,G03,GEO,0.7898637336235101,0.11959580336986177,0.7502648032901048,0.025467543207755617
2025-01-06 02:30:00,G03,GEO,1.8622236186290115,0.18679649711068627,1.248267402966122,0.09246322212216433
2025-01-06 02:45:00,G03,GEO,2.769359941642424,0.23633841277583803,1.7566860901732748,0.15560549864710177
2025-01-06 03:00:00,G03,GEO,4.149626616556781,0.30871920466957187,2.280037093618162,0.2036882685372861
2025-01-06 03:15:00,G03,GEO,5.646548651756229,0.40255823888131287,2.7761550352134368,0.28921453059508156
2025-01-06 03:30:00,G03,GEO,6.654737830573922,0.49607197106826306,3.274552260527696,0.3367683021791256
2025-01-06 03:45:00,G03,GEO,8.211388825423478,0.5594075146446901,3.8365351756660577,0.41525230038543137
2025-01-06 04:00:00,G03,GEO,-0.24427876011228644,-0.004290165408702314,0.43766680457496443,-0.025567265123324343
2025-01-06 04:15:00,G03,GEO,0.48212824679339633,0.07248401551888432,0.8819384212159522,0.006196181748651153
2025-01-06 04:30:00,G03,GEO,1.8320549274857445,0.13172469671237058,1.3166047539937547,0.0924503843689116
2025-01-06 04:45:00,G03,GEO,3.4252938765803354,0.21880404909916518,1.7929603271623484,0.15549443553845455
2025-01-06 05:00:00,G03,GEO,4.519242616378471,0.2951497720376146,2.310401727438763,0.2157221207525738
2025-01-06 05:15:00,G03,GEO,6.078254699049021,0.37861306668446315,2.7718609959460268,0.27547984955870863
2025-01-06 05:30:00,G03,GEO,7.340005784459074,0.4384889138549002,3.3067352728033876,0.35152649098857336
2025-01-06 05:45:00,G03,GEO,8.235920730600471,0.526323265895982,3.7828569020770177,0.41800516226270656
2025-01-06 06:00:00,G03,GEO,-0.12662682965495503,-0.03231985863783448,0.34821483866312675,-0.01783875671234926
2025-01-06 06:15:00,G03,GEO,1.2652350602150582,0.053327595339742476,0.7220590240076926,0.04232075309317806
2025-01-06 06:30:00,G03,GEO,2.2249694193053022,0.11454729098925323,1.2124273892816841,0.11223223949181889
2025-01-06 06:45:00,G03,GEO,3.6720005027171956,0.17453266764201897,1.705009198745966,0.16623502970420503
2025-01-06 07:00:00,G03,GEO,4.902588800089517,0.24947018999568799,2.1903348070110376,0.2050678670033811
2025-01-06 07:15:00,G03,GEO,6.078460021250241,0.3513998159570233,2.6737023019954536,0.3013545101003827
2025-01-06 07:30:00,G03,GEO,7.2798889187523494,0.3885143945819925,3.1442260856990614,0.38007561915733773
2025-01-06 07:45:00,G03,GEO,8.88367608855448,0.4886846216960795,3.640263840505649,0.4407489601698007
2025-01-06 08:00:00,G03,GEO,0.5543764769398879,-0.0739369107885823,0.24560755901950856,-0.015049821151897744
2025-01-06 08:15:00,G03,GEO,1.2601480861757288,0.0002837509721853775,0.7054489877017537,0.06549747601625286
2025-01-06 08:30:00,G03,GEO,2.7991529918469134,0.08584585430119378,1.0952259319802393,0.11694341852584852
2025-01-06 08:45:00,G03,GEO,3.664267577322594,0.17346958044075683,1.441934204357844,0.18776018717815898
2025-01-06 09:00:00,G03,GEO,4.97184907633345,0.23357513600276938,1.9859198819580384,0.24004189177868215
2025-01-06 09:15:00,G03,GEO,6.206450854522309,0.30698033632113336,2.4629933526127874,0.32270802555908074
2025-01-06 09:30:00,G03,GEO,7.352720645081485,0.41079923817430114,2.99452122404917,0.3991992334175891
2025-01-06 09:45:00,G03,GEO,9.056108535918332,0.48483637261011314,3.468992218232633,0.47009798330631564
2025-01-06 10:00:00,G03,GEO,0.27989546979259533,-0.07624218380753339,0.013081473897898809,-0.006752614520353286
2025-01-06 10:15:00,G03,GEO,1.5166177199074846,-0.0032277882131424482,0.4335034339754304,0.0729637388792349
2025-01-06 10:30:00,G03,GEO,2.476927471878806,0.08879906767676342,0.8537598455760161,0.13697164342180007
2025-01-06 10:45:00,G03,GEO,4.154661538644483,0.14960792287478292,1.2648919028857255,0.1921139323277242
2025-01-06 11:00:00,G03,GEO,4.957309301996179,0.21775716460822397,1.736828287521095,0.26441233178918694
2025-01-06 11:15:00,G03,GEO,6.119415190518702,0.30710975948757835,2.264858937241181,0.3157407359807356
2025-01-06 11:30:00,G03,GEO,7.877072135385604,0.37632020713532643,2.7193325431669235,0.40503842665395484
2025-01-06 11:45:00,G03,GEO,8.832914197051695,0.5017790639543219,3.2241668356005007,0.46136808562015624
2025-01-06 12:00:00,G03,GEO,0.43321073149141526,-0.04914998354089344,-0.24921521813087763,0.023328226101281255
2025-01-06 12:15:00,G03,GEO,1.5730575494801458,0.011803362786150098,0.24503729379574046,0.07873709556999255
2025-01-06 12:30:00,G03,GEO,2.6664383017273297,0.07320932469322095,0.6388456357320892,0.16206317167476295
2025-01-06 12:45:00,G03,GEO,3.8129991397228284,0.1578732033738067,1.0955732991259466,0.20729475596817423
2025-01-06 13:00:00,G03,GEO,4.8076677345574135,0.2430826326971619,1.5389265903834153,0.27120882176113453
2025-01-06 13:15:00,G03,GEO,6.246152378379747,0.3311493040560305,1.9680155878696448,0.3340712060818455
2025-01-06 13:30:00,G03,GEO,7.582951187714895,0.4247810868462083,2.52651856519896,0.39820611207680284
2025-01-06 13:45:00,G03,GEO,8.78872540181146,0.5003953978670296,3.130008303096845,0.4925264226195442
2025-01-06 14:00:00,G03,GEO,0.5985191518708792,-0.036354740056500294,-0.41571168817289594,0.021521744318701002
2025-01-06 14:15:00,G03,GEO,1.2328999496012527,0.028411183119078504,0.09705414397726654,0.10828141048559195
2025-01-06 14:30:00,G03,GEO,2.0617179032224215,0.11661103545690579,0.4831566507697996,0.15065630842065628
2025-01-06 14:45:00,G03,GEO,3.830939994933742,0.1898915251204478,0.9205412922473291,0.21536040181059432
2025-01-06 15:00:00,G03,GEO,5.012594478398039,0.2714507938147763,1.438843863777513,0.28801921933203384
2025-01-06 15:15:00,G03,GEO,5.990875449080888,0.3455367159235467,1.8668243522339296,0.3538988761548916
2025-01-06 15:30:00,G03,GEO,7.5797609918863005,0.4506724955392079,2.50488871965909,0.40832790260567536
2025-01-06 15:45:00,G03,GEO,8.324762074518572,0.5487393263355295,3.0068515617554685,0.45584989663371994
2025-01-06 16:00:00,G03,GEO,0.2627691428932373,-0.008757034405519396,-0.40672483532913095,0.030182276168911434
2025-01-06 16:15:00,G03,GEO,1.1171570500259989,0.0527342749454318,0.012155045186108807,0.07629432750439279
2025-01-06 16:30:00,G03,GEO,2.24151353818579,0.14528439185802494,0.46297173243578765,0.14156586715311167
2025-01-06 16:45:00,G03,GEO,3.607436809738577,0.23187790986868884,0.9572677364789792,0.19960370834892804
2025-01-06 17:00:00,G03,GEO,4.586618728497302,0.33248628885681264,1.4144539383408137,0.293745106571982
2025-01-06 17:15:00,G03,GEO,5.463989597779916,0.40575924883761283,1.9335743901072155,0.33075906129867305
2025-01-06 17:30:00,G03,GEO,7.129169372901345,0.5102197436524317,2.44996012840375,0.402696808684863
2025-01-06 17:45:00,G03,GEO,8.579615173680427,0.5801353525062874,3.129702663638648,0.4615322897450537
2025-01-06 18:00:00,G03,GEO,-0.4805018879629427,0.037206937583121484,-0.3509610025557324,0.03864132848918618
2025-01-06 18:15:00,G03,GEO,0.48889536642057996,0.10569398377476881,0.04603868346198241,0.09604519132312422
2025-01-06 18:30:00,G03,GEO,1.863573452068566,0.1905574980714468,0.6088743291894738,0.14322441263149466
2025-01-06 18:45:00,G03,GEO,2.987712827413709,0.2722447245168391,1.0438108834541895,0.21297580843971275
2025-01-06 19:00:00,G03,GEO,4.266309620811736,0.3537054823402831,1.5369866607330591,0.27258416493445514
2025-01-06 19:15:00,G03,GEO,5.605896406802254,0.4320936188489276,2.0216824960401802,0.3020665782976592
2025-01-06 19:30:00,G03,GEO,7.097484165842354,0.5123166965048566,2.642647035441054,0.38960215044389956
2025-01-06 19:45:00,G03,GEO,8.395298281557311,0.5764858891178711,3.129151558432683,0.45429478672391527
2025-01-06 20:00:00,G03,GEO,-0.5670136845276691,0.044088567201244606,-0.2603764590627413,-0.010816226368879505
2025-01-06 20:15:00,G03,GEO,0.941162708462492,0.1338328638083949,0.313228292983878,0.05855000416208302
2025-01-06 20:30:00,G03,GEO,1.844546899163445,0.20124124009493843,0.770492954727737,0.13142044285237936
2025-01-06 20:45:00,G03,GEO,2.9632932873116045,0.30379197984333517,1.2642862436920461,0.18040956155879972
2025-01-06 21:00:00,G03,GEO,4.401856338138141,0.3880233515206198,1.7345813406837447,0.24799150883586416
2025-01-06 21:15:00,G03,GEO,5.260142943130822,0.4540078866242652,2.321724756191727,0.2972478104694287
2025-01-06 21:30:00,G03,GEO,6.783223918588065,0.5378053161812222,2.7750947656283627,0.36269371723841465
2025-01-06 21:45:00,G03,GEO,7.850131645012567,0.6100329670746435,3.4118114268517803,0.4537854500296329
2025-01-06 22:00:00,G03,GEO,-0.5170284733741926,0.07399351085202523,-0.01118241733361568,-0.014891507761947202
2025-01-06 22:15:00,G03,GEO,0.886483617235708,0.13144636560815035,0.4404598342751165,0.04156528378472973
2025-01-06 22:30:00,G03,GEO,1.8229722656264014,0.23502057741850998,0.8972791782573718,0.11675606269497868
2025-01-06 22:45:00,G03,GEO,3.0177623178455004,0.2968526980753975,1.465522233265646,0.15792341871546176
2025-01-06 23:00:00,G03,GEO,4.043202668626208,0.38380202663794544,1.9641975984246516,0.22397387140452188
2025-01-06 23:15:00,G03,GEO,5.470720369526812,0.4822280282502839,2.537294664117258,0.3018406852277752
2025-01-06 23:30:00,G03,GEO,6.5248513834258475,0.5359601093382085,3.0445171198797056,0.3261825159959731
2025-01-06 23:45:00,G03,GEO,7.740036267112163,0.6096555529502663,3.5875449486814697,0.4096559646832204
2025-01-07 00:00:00,G03,GEO,-0.32479794869025663,0.07037271455324465,0.18872768401754808,-0.011107030016082339
2025-01-07 00:15:00,G03,GEO,0.41489365055463967,0.14312426434041783,0.6539479853120354,0.04179554381901557
2025-01-07 00:30:00,G03,GEO,1.734186831677551,0.216366750430571,1.1576497993854429,0.09127862293706264
2025-01-07 00:45:00,G03,GEO,2.956427444033814,0.2847827165820404,1.6700833416981256,0.14310798000782154
2025-01-07 01:00:00,G03,GEO,4.101960845310476,0.347134890682315,2.1604267653948375,0.21224265563250602
2025-01-07 01:15:00,G03,GEO,5.671353383294984,0.43892845954781234,2.6533088341254443,0.2904875706939741
2025-01-07 01:30:00,G03,GEO,6.739139491110654,0.5221127264053159,3.275850181854035,0.36011757812087325
2025-01-07 01:45:00,G03,GEO,7.967049328802561,0.6004329259542566,3.806082066430973,0.41537988501082107
2025-01-07 02:00:00,G03,GEO,-0.22826760489547632,0.03935420966206927,0.40967638412403173,-0.029904453996092914
2025-01-07 02:15:00,G03,GEO,0.7902583141478663,0.09838359835657752,0.8167184403551114,0.01414165663112538
2025-01-07 02:30:00,G03,GEO,2.1524176600465026,0.1674396522626997,1.2677583315972558,0.08563319336493519
2025-01-07 02:45:00,G03,GEO,3.1078773013967287,0.24339193923399513,1.8323537207891518,0.1581552321265416
2025-01-07 03:00:00,G03,GEO,4.367460650298664,0.31045040968673204,2.2357240999136447,0.2169321122764553
2025-01-07 03:15:00,G03,GEO,5.79472235871163,0.39344181665255884,2.739783063499978,0.2801433744406741
2025-01-07 03:30:00,G03,GEO,6.676316783854296,0.47855156729562986,3.2732424361396832,0.3602098012886678
2025-01-07 03:45:00,G03,GEO,8.203497134244788,0.5646327324167391,3.8174110987639884,0.4210886156373968
2025-01-07 04:00:00,G03,GEO,-0.11533774945150893,0.018232677716075663,0.3851062713697704,-0.028808970901255893
2025-01-07 04:15:00,G03,GEO,0.8468758003399295,0.07381184760170899,0.7982625105280776,0.02341856835565144
2025-01-07 04:30:00,G03,GEO,1.9532471082536844,0.13068547318671517,1.2935792926121419,0.10373621890580689
2025-01-07 04:45:00,G03,GEO,3.2432734678428417,0.21310363135082086,1.8183180675743105,0.1499864339589847
2025-01-07 05:00:00,G03,GEO,4.603204944541895,0.2818505345153549,2.2392952417730583,0.21491531400952674
2025-01-07 05:15:00,G03,GEO,5.904223135881364,0.365623354549689,2.7569081683553063,0.28703534391409685
2025-01-07 05:30:00,G03,GEO,7.229316748332258,0.4531035776539974,3.2217677440715344,0.3655985313316923
2025-01-07 05:45:00,G03,GEO,8.670499532394999,0.544087519438794,3.8383761228549966,0.43088717669589954
2025-01-07 06:00:00,G03,GEO,0.31660616908726313,-0.02415492196414614,0.4042413952706293,-0.02237853452017507
2025-01-07 06:15:00,G03,GEO,1.2742603421436967,0.02127985859173868,0.867233278056954,0.03381655790579775
2025-01-07 06:30:00,G03,GEO,2.364157046030091,0.10072247207380694,1.2247334407958501,0.10615456382175502
2025-01-07 06:45:00,G03,GEO,3.546520336327475,0.16991679075924684,1.6422081813509992,0.15820294909776414
2025-01-07 07:00:00,G03,GEO,4.787607626208983,0.24937636652773165,2.130665175412537,0.24438908013194685
2025-01-07 07:15:00,G03,GEO,6.316242907517122,0.346560653152823,2.575693472922217,0.3256168318030736
2025-01-07 07:30:00,G03,GEO,7.592450349295965,0.41271937962041194,3.121188846606558,0.35436212747794704
2025-01-07 07:45:00,G03,GEO,8.829282934984663,0.5115968298075073,3.6575800556288467,0.4401159540893695
2025-01-07 08:00:00,G03,GEO,0.22852701241601375,-0.057592824338031305,0.18751912745370805,-0.017640171346574328
2025-01-07 08:15:00,G03,GEO,1.470210055864703,0.0069078211902117445,0.6340134344891418,0.04144411956821186
2025-01-07 08:30:00,G03,GEO,2.5744981538124976,0.06283607425259335,1.098194060666588,0.10186417079634673
2025-01-07 08:45:00,G03,GEO,3.9541949938448093,0.15776556315999132,1.5090023733010989,0.1831295105840683
2025-01-07 09:00:00,G03,GEO,5.339409476277929,0.23338580331574488,1.9354039740941344,0.2484625424691336
2025-01-07 09:15:00,G03,GEO,6.529203752346984,0.3138644932788329,2.413815652762277,0.3130282522590953
2025-01-07 09:30:00,G03,GEO,7.244752318360107,0.38685571291253823,2.9702924850946038,0.39189119732786193
2025-01-07 09:45:00,G03,GEO,8.991693417804914,0.4862342498918488,3.426931638732755,0.4538061587380978
2025-01-07 10:00:00,G03,GEO,0.552800186936968,-0.06881049691557505,0.006579663914707823,0.003394737138940741
2025-01-07 10:15:00,G03,GEO,1.4602124955981302,-0.0004748810285368152,0.40234780493578126,0.08542185484474323
2025-01-07 10:30:00,G03,GEO,2.801972581278318,0.06299240101551147,0.8840584490652883,0.1322171766011039
2025-01-07 10:45:00,G03,GEO,3.723000261309823,0.15956189007146515,1.301756139150052,0.19340886089937492
2025-01-07 11:00:00,G03,GEO,4.904319027288179,0.2165787365116911,1.7575942155472735,0.27441239436118336
2025-01-07 11:15:00,G03,GEO,6.093566823389115,0.34462189996429354,2.2385298062316026,0.34315730935610156
2025-01-07 11:30:00,G03,GEO,7.777151107706892,0.40829122280511676,2.6759315940972983,0.40188202860718425
2025-01-07 11:45:00,G03,GEO,9.08709504423478,0.49626561786736234,3.2175823017074068,0.4579099041930998
2025-01-07 12:00:00,G03,GEO,0.5881152460669526,-0.05683317839598756,-0.24417545595449947,0.024620859748487465
2025-01-07 12:15:00,G03,GEO,1.5233484791590202,0.015353599226099631,0.22567393356640955,0.08281533403259173
2025-01-07 12:30:00,G03,GEO,2.5903995651531444,0.08790978881565042,0.6208214881142532,0.12659546635961302
2025-01-07 12:45:00,G03,GEO,3.4786038122295966,0.16643130930663716,1.0725257708310263,0.211925943127115
2025-01-07 13:00:00,G03,GEO,5.091492159030369,0.2703139532328661,1.5823341851122499,0.2641725762743928
2025-01-07 13:15:00,G03,GEO,6.295107692207738,0.330118346153674,2.059237824147758,0.34723283921921616
2025-01-07 13:30:00,G03,GEO,7.263056947614825,0.4259555115894567,2.492826562650147,0.4098580374443852
2025-01-07 13:45:00,G03,GEO,8.66694970530169,0.5134920784614121,3.078971926287668,0.4866894826074845
2025-01-07 14:00:00,G03,GEO,0.6236634829809564,-0.029058998158463453,-0.37822980343499185,0.0399158745434704
2025-01-07 14:15:00,G03,GEO,1.4034742325369196,0.03372726142996145,0.0818534617364791,0.09995553546355375
2025-01-07 14:30:00,G03,GEO,2.305327064133668,0.1137897040029598,0.5654206317660014,0.1299986916364172
2025-01-07 14:45:00,G03,GEO,3.6712236951717134,0.2025375806569623,0.9745515733553876,0.21035872798941296
2025-01-07 15:00:00,G03,GEO,4.72942328122579,0.2908675003034408,1.4432117206462463,0.2883645683819799
2025-01-07 15:15:00,G03,GEO,6.078167994201841,0.3782514051519063,1.9732882802998521,0.3388391895711924
2025-01-07 15:30:00,G03,GEO,6.9098741422019385,0.44549314200914286,2.4818335161045275,0.42437419401454557
2025-01-07 15:45:00,G03,GEO,8.462935676301571,0.5364466532243273,2.9581932250242446,0.49079171430162327
2025-01-07 16:00:00,G03,GEO,-0.055550266514996845,0.003594043918445039,-0.45718426264411094,0.031117980585929954
2025-01-07 16:15:00,G03,GEO,1.0997738528115,0.06674748600953313,-0.006144289573897559,0.07287447941612267
2025-01-07 16:30:00,G03,GEO,2.3155419119483347,0.14961102416928052,0.4960233266810161,0.16069534910526126
2025-01-07 16:45:00,G03,GEO,3.7113504598740197,0.2323432666748823,0.9219806693598069,0.20644406546689753
2025-01-07 17:00:00,G03,GEO,4.42068903175711,0.31637732099433835,1.4277478785973097,0.27889460145759176
2025-01-07 17:15:00,G03,GEO,5.55803998064502,0.4142572063917967,1.9467165638263664,0.3380909116908179
2025-01-07 17:30:00,G03,GEO,7.021351128164688,0.48926910935019724,2.452491123478508,0.4107977135801453
2025-01-07 17:45:00,G03,GEO,8.465108575886424,0.5780706935533056,3.0763976630800545,0.47355617900286634
2025-01-07 18:00:00,G03,GEO,-0.19033435124458303,0.014725241862256532,-0.3374030802739174,0.017347336623029466
2025-01-07 18:15:00,G03,GEO,1.1067555081445521,0.10549908478261223,0.09478749914828609,0.07600016129443073
2025-01-07 18:30:00,G03,GEO,1.8794173133366918,0.1936295910058337,0.6184130452807991,0.15033989166582265
2025-01-07 18:45:00,G03,GEO,3.0787610910751977,0.27563430842291275,1.083810046229938,0.1923158236100457
2025-01-07 19:00:00,G03,GEO,4.308879166245698,0.3408662703596189,1.5431119911831612,0.2533095424594116
2025-01-07 19:15:00,G03,GEO,5.565815935368866,0.43989889870071996,2.04087149262905,0.32007328795278667
2025-01-07 19:30:00,G03,GEO,6.820327797862583,0.523624083632242,2.656740490114711,0.37350763888763505
2025-01-07 19:45:00,G03,GEO,8.150653045139498,0.6176941200302575,3.22002031819123,0.47089067129652484
2025-01-07 20:00:00,G03,GEO,-0.5244991873899014,0.056958004110532603,-0.2523619502136552,0.0027865868367736423
2025-01-07 20:15:00,G03,GEO,0.7815473207297945,0.12911400618723975,0.2335966528610246,0.05348863899092208
2025-01-07 20:30:00,G03,GEO,1.753111300562995,0.2229565203800479,0.7071383172728958,0.1164497082649519
2025-01-07 20:45:00,G03,GEO,3.067326985484552,0.3061984457857186,1.160524967460851,0.15690350796460178
2025-01-07 21:00:00,G03,GEO,4.267424904894111,0.3556223602244313,1.7622491371951947,0.2358669886560749
2025-01-07 21:15:00,G03,GEO,5.375404225768992,0.4580788414876004,2.320531775182331,0.3117751674402198
2025-01-07 21:30:00,G03,GEO,6.667824646423119,0.5342171775245108,2.8360235995045153,0.37594999468366574
2025-01-07 21:45:00,G03,GEO,7.8521762981595815,0.62940239323303,3.4136218364938298,0.4377044221840979
2025-01-07 22:00:00,G03,GEO,-0.35862909102483864,0.0704156143328665,0.03589473078439247,-0.016808560683076443
2025-01-07 22:15:00,G03,GEO,0.6818268727706887,0.12630946701265547,0.483972069301254,0.03304352586988133
2025-01-07 22:30:00,G03,GEO,1.4295002123740608,0.1914229851878326,1.0005824822017158,0.11116731280991858
2025-01-07 22:45:00,G03,GEO,2.765212663243052,0.2737644828275668,1.4587012967612896,0.16718715964056766
2025-01-07 23:00:00,G03,GEO,4.034013363094422,0.39269279163806675,1.9995727120173792,0.22660783372499643
2025-01-07 23:15:00,G03,GEO,5.0763787589412,0.4596046967410196,2.5274250438526957,0.2915669454450611
2025-01-07 23:30:00,G03,GEO,6.7368226878287425,0.5437202618637573,3.0256192862432396,0.3730618670402628
2025-01-07 23:45:00,G03,GEO,7.896809182689276,0.629459052524808,3.552483198360026,0.4325384289736766
2025-01-08 00:00:00,G03,GEO,-0.6259134265620289,0.07263360560034245,0.2301147381078454,-0.02116512041117856
2025-01-08 00:15:00,G03,GEO,0.8795759991000327,0.12335979428995099,0.7050651278858235,0.04031706728783096
2025-01-08 00:30:00,G03,GEO,1.4979514545045507,0.20910879511048017,1.167988945558171,0.09720382820244505
2025-01-08 00:45:00,G03,GEO,2.9464781579300907,0.2490536283732625,1.681600984310678,0.1599739531631886
2025-01-08 01:00:00,G03,GEO,3.9956464988765865,0.35101546926061133,2.1465321808180566,0.21409538384962182
2025-01-08 01:15:00,G03,GEO,5.299958820193109,0.43791886471109726,2.6817656239041345,0.26910355066524
2025-01-08 01:30:00,G03,GEO,6.634827866211814,0.5184092377740115,3.2681016902722417,0.3452054216936443
2025-01-08 01:45:00,G03,GEO,7.955723919577619,0.5933313262127036,3.7506698992740937,0.42548642555847943
2025-01-08 02:00:00,G03,GEO,-0.3373116327538622,0.03048785586858129,0.3791680809449408,-0.02012559846485749
2025-01-08 02:15:00,G03,GEO,0.9392635170626513,0.09905905690832481,0.8065504329456986,0.041122007893295724
2025-01-08 02:30:00,G03,GEO,1.8549228594012128,0.1872985361580631,1.288361388168394,0.0762948958870467
2025-01-08 02:45:00,G03,GEO,3.314050518334704,0.2636639529383806,1.7110269925127795,0.1582540190952315
2025-01-08 03:00:00,G03,GEO,3.994595588284681,0.31665421186780934,2.2439965929843444,0.23033997327604966
2025-01-08 03:15:00,G03,GEO,5.633904433536101,0.41594446791292405,2.8200132483294666,0.2859618479489008
2025-01-08 03:30:00,G03,GEO,6.7838910863221935,0.48278859157970516,3.322779578512124,0.3442027731112064
2025-01-08 03:45:00,G03,GEO,8.168514287164454,0.5486104419570542,3.8453394037549185,0.41464954169743623
2025-01-08 04:00:00,G03,GEO,-0.014803449016414977,0.01694648956651946,0.42022648954699393,-0.033127848326934536
2025-01-08 04:15:00,G03,GEO,1.1537834666309572,0.07743850899163934,0.9013051716580341,0.021209038460617155
2025-01-08 04:30:00,G03,GEO,2.2193876025590984,0.15427661587381683,1.3002685367992632,0.08268696434147774
2025-01-08 04:45:00,G03,GEO,3.435944948786119,0.20282154358468663,1.7955004589618275,0.18413130328560368
2025-01-08 05:00:00,G03,GEO,4.600279349531753,0.3010698880800845,2.302185313245538,0.2277672975347651
2025-01-08 05:15:00,G03,GEO,6.240136495478964,0.3422535392322944,2.770413499578469,0.29226523416271594
2025-01-08 05:30:00,G03,GEO,6.93332138947365,0.45681540553549227,3.2799795398990486,0.3366808460721885
2025-01-08 05:45:00,G03,GEO,8.663166143668175,0.5365735898598261,3.747183909474401,0.4183262328465916
2025-01-08 06:00:00,G03,GEO,-0.003794528829464461,-0.03909943114816718,0.36100109480110865,-0.024304771514098576
2025-01-08 06:15:00,G03,GEO,1.3431431737089814,0.047714632108967044,0.8070042683048864,0.04724684645667294
2025-01-08 06:30:00,G03,GEO,2.5352922573134284,0.12888197813583474,1.2809795549003227,0.10646603134782022
2025-01-08 06:45:00,G03,GEO,3.373991627270174,0.19077965429442822,1.6664554622450034,0.16001566541448667
2025-01-08 07:00:00,G03,GEO,4.983980259524252,0.260032130783378,2.153612492360579,0.2451432601925114
2025-01-08 07:15:00,G03,GEO,6.215589509426883,0.3280604960584172,2.6463744134393603,0.2962518612111463
2025-01-08 07:30:00,G03,GEO,7.339371721724989,0.4144812159725093,3.137389889997664,0.3923136953252849
2025-01-08 07:45:00,G03,GEO,8.88895683442374,0.48121684750307364,3.6530247780293803,0.4415079294081285
2025-01-08 08:00:00,G03,GEO,0.5336197265809477,-0.0549484969075851,0.2465297745461761,-0.009531722352161764
2025-01-08 08:15:00,G03,GEO,1.5621754183900602,0.005732589385376158,0.5913963019463606,0.04137004543670769
2025-01-08 08:30:00,G03,GEO,2.4159465691283173,0.07446830145021147,1.0170556869668244,0.13271413475731358
2025-01-08 08:45:00,G03,GEO,3.8230505950972864,0.16305139260411933,1.5594191714822394,0.17824408760506294
2025-01-08 09:00:00,G03,GEO,5.0061401998101935,0.22858361555377227,1.996636908537836,0.2494647927846724
2025-01-08 09:15:00,G03,GEO,5.951052527443155,0.32993024952557454,2.433431571787611,0.3039530845262351
2025-01-08 09:30:00,G03,GEO,7.482927500812952,0.392271403700722,2.9779156214384837,0.3719580283611121
2025-01-08 09:45:00,G03,GEO,8.797801238783451,0.4906199256691283,3.448878452439937,0.46042271900043336
2025-01-08 10:00:00,G03,GEO,0.32895081065082304,-0.0688231808003461,-0.015047571142838296,0.012561207180709095
2025-01-08 10:15:00,G03,GEO,1.5757965593137475,-0.019628207646878046,0.38962770523758816,0.0727338636258329
2025-01-08 10:30:00,G03,GEO,2.4006393530413357,0.06352291923965162,0.8479458835990766,0.13956026884940326
2025-01-08 10:45:00,G03,GEO,3.7763810197770216,0.1488522557625576,1.2792807182517243,0.21812361821749693
2025-01-08 11:00:00,G03,GEO,4.9574681986307025,0.2397155731869987,1.7343562123331449,0.27525028180700534
2025-01-08 11:15:00,G03,GEO,6.155135949170147,0.33041378800245297,2.292254564114326,0.34638749032347727
2025-01-08 11:30:00,G03,GEO,7.473172257575937,0.406355938109679,2.760321161590917,0.3807394303425401
2025-01-08 11:45:00,G03,GEO,8.871859480680486,0.4890392286739171,3.17224937547895,0.4790907183027469
2025-01-08 12:00:00,G03,GEO,0.10528836736474896,-0.06294359828911417,-0.20581269128561996,0.008367162146338624
2025-01-08 12:15:00,G03,GEO,1.631325012931386,0.006150521545841734,0.16086368779798735,0.09495461219956096
2025-01-08 12:30:00,G03,GEO,2.327812821906556,0.08257232338392724,0.6568351115025708,0.15305631545474283
2025-01-08 12:45:00,G03,GEO,3.483238904865379,0.17755840847869026,1.11315942623753,0.22061750195348262
2025-01-08 13:00:00,G03,GEO,4.868487809286702,0.2500215728706366,1.5371052993687542,0.26433028103238543
2025-01-08 13:15:00,G03,GEO,6.025615556616801,0.32586996228431103,2.0435112904420234,0.3379004360947262
2025-01-08 13:30:00,G03,GEO,7.626394581671776,0.43084843486358765,2.539064588661759,0.4198045622436217
2025-01-08 13:45:00,G03,GEO,8.75725412708487,0.49371003070721825,3.0282000429851994,0.4799838863171305
2025-01-08 14:00:00,G03,GEO,0.23584870973527217,-0.022645239527836862,-0.37692082461223186,0.0315598324452522
2025-01-08 14:15:00,G03,GEO,1.4961490229812333,0.039098200102520186,0.060365209613443306,0.08878153433689155
2025-01-08 14:30:00,G03,GEO,2.424437143981778,0.14053146919746629,0.4854510019521985,0.139887036959248
2025-01-08 14:45:00,G03,GEO,3.487706755263201,0.1871565396120934,0.9354669453916007,0.22604876321150083
2025-01-08 15:00:00,G03,GEO,4.722860011822047,0.27840366851821063,1.4598831178547782,0.2706140875497563
2025-01-08 15:15:00,G03,GEO,6.0137032175951814,0.36902419161740535,1.9766208058043861,0.32874303272905214
2025-01-08 15:30:00,G03,GEO,7.358177037669016,0.45394234614738765,2.383012061269455,0.3893317437780284
2025-01-08 15:45:00,G03,GEO,8.561511499172685,0.5680223407101358,2.955130897824648,0.4759621238233908
2025-01-08 16:00:00,G03,GEO,-0.08525803792190201,0.007021182847705693,-0.4170054897925779,0.02382275758641797
2025-01-08 16:15:00,G03,GEO,1.2013280209400703,0.06151340613477799,0.002638171698793374,0.06206910977264985
2025-01-08 16:30:00,G03,GEO,2.4486060081695307,0.15428895179469765,0.45191032354074673,0.1386584730449135
2025-01-08 16:45:00,G03,GEO,3.593028827430313,0.23898834112085557,0.9443930734134194,0.22058654994040872
2025-01-08 17:00:00,G03,GEO,4.735754812317737,0.3355612721017228,1.4061036887854315,0.2566544935693565
2025-01-08 17:15:00,G03,GEO,5.820758447294239,0.40955261802053916,1.9889590100738124,0.31948081546414686
2025-01-08 17:30:00,G03,GEO,7.227871443677101,0.48827343591092665,2.4510542441373397,0.40192675891185287
2025-01-08 17:45:00,G03,GEO,8.407080436728254,0.6038851682737715,3.0788334555910284,0.4839930279847205
2025-01-08 18:00:00,G03,GEO,0.0025905953200641204,0.021826400028514045,-0.41840837148222987,0.03046899427565159
2025-01-08 18:15:00,G03,GEO,1.119631700007807,0.13023221349167574,0.013795660685384993,0.06932626425914326
2025-01-08 18:30:00,G03,GEO,1.9913599282007637,0.17956055695589238,0.5518943139379731,0.15143329316983087
2025-01-08 18:45:00,G03,GEO,3.272466627659692,0.2639821109706697,1.0617238073868303,0.18268179176153596
2025-01-08 19:00:00,G03,GEO,4.110907206716747,0.35169543686210947,1.5370250817991653,0.25643507252883657
2025-01-08 19:15:00,G03,GEO,5.491565489798582,0.4062153656978015,2.0627310919491473,0.3189765048378374
2025-01-08 19:30:00,G03,GEO,6.821375368302606,0.5299054402703804,2.638598637414248,0.39507396282167345
2025-01-08 19:45:00,G03,GEO,8.14713249413678,0.6216284930086801,3.230650314107018,0.4522520274732039
2025-01-08 20:00:00,G03,GEO,-0.19255128185532777,0.047270814944415804,-0.20568862406268285,0.009732141029124279
2025-01-08 20:15:00,G03,GEO,0.8793111687857839,0.14386957605702552,0.2905289207574572,0.0704002549316754
2025-01-08 20:30:00,G03,GEO,1.7145266709854603,0.19488637992054475,0.7756070685194106,0.10668124457789989
2025-01-08 20:45:00,G03,GEO,3.0481161913515695,0.2819591293942001,1.224377299523791,0.17204942932062137
2025-01-08 21:00:00,G03,GEO,4.200168636516371,0.38420171823327487,1.748273716437556,0.24864206076467513
2025-01-08 21:15:00,G03,GEO,5.080343668191916,0.4376398935685913,2.2353065202596603,0.31209081803310207
2025-01-08 21:30:00,G03,GEO,7.127165454183067,0.5269246829532085,2.8678759857909615,0.37749174439719746
2025-01-08 21:45:00,G03,GEO,7.854708403581383,0.6531271306647067,3.4277951984216033,0.4468824418804144
2025-01-08 22:00:00,G03,GEO,-0.43219438622428835,0.05352615483073379,0.08822306863369249,0.0001366052040962934
2025-01-08 22:15:00,G03,GEO,0.4564424868272312,0.15921296147764807,0.45661219961210536,0.036851777971091786
2025-01-08 22:30:00,G03,GEO,1.6834401324330635,0.22616270128637903,0.983369284388342,0.08049310624019469
2025-01-08 22:45:00,G03,GEO,2.7223197264211447,0.2972349567120777,1.4249629481074144,0.15173089733558692
2025-01-08 23:00:00,G03,GEO,4.231811895536218,0.35995226666247865,1.96036967696429,0.21947682672893093
2025-01-08 23:15:00,G03,GEO,5.195901720007602,0.4335394021426886,2.4548944496682084,0.278708573966289
2025-01-08 23:30:00,G03,GEO,6.334575073557239,0.5427849935239213,3.0506834563274823,0.35655209131915966
2025-01-08 23:45:00,G03,GEO,7.926432842688195,0.6337414785306883,3.56286730444253,0.4387936539119394
2025-01-01 00:00:00,M01,MEO,-1.2480503077420837,0.02032190640270666,-0.10446799242662072,-0.02580698484086882
2025-01-01 00:15:00,M01,MEO,0.9746554927471397,0.10180121231437123,0.9864888674144022,0.06496330436421897
2025-01-01 00:30:00,M01,MEO,3.797914540541907,0.27871831850583084,1.9699846159507648,0.20577220717968253
2025-01-01 00:45:00,M01,MEO,6.753613674110035,0.3401763210514964,2.8610415140966534,0.32735785367943615
2025-01-01 01:00:00,M01,MEO,-1.033826281393109,-0.013342760523883392,0.08675522233345956,-0.06389161793639145
2025-01-01 01:15:00,M01,MEO,1.6564055917038867,0.10241234562760662,1.1194957141534836,0.05060934379925818
2025-01-01 01:30:00,M01,MEO,3.824987177776269,0.2551393741346,2.09492694717673,0.18045290357098667
2025-01-01 01:45:00,M01,MEO,7.304882894310967,0.3524101861333758,3.11319033292451,0.2995818960094159
2025-01-01 02:00:00,M01,MEO,-0.24219185153319744,-0.017541373955250517,0.3089950746687194,-0.12936241386190772
2025-01-01 02:15:00,M01,MEO,1.8792784232090711,0.11593849994191692,1.1998252240623977,0.0380445783776735
2025-01-01 02:30:00,M01,MEO,4.678808759944884,0.23240026084934315,1.998514870623128,0.19877224226414467
2025-01-01 02:45:00,M01,MEO,7.148468366023104,0.39243216763067723,3.1762316375286193,0.32843968788466
2025-01-01 03:00:00,M01,MEO,-0.20561773096043418,-0.025789106913084392,0.3004536910988406,-0.05573961316072425
2025-01-01 03:15:00,M01,MEO,2.3281897341005715,0.10166535390092481,1.133387107490686,0.05987576643967701
2025-01-01 03:30:00,M01,MEO,5.036325038596113,0.24410696789870873,2.1508695232873842,0.17831266129373136
2025-01-01 03:45:00,M01,MEO,7.840403121331534,0.37556264988361,2.9497232991412146,0.36003054050496963
2025-01-01 04:00:00,M01,MEO,0.45786073408310524,-0.01649585755500904,0.2136179518818208,-0.05854249329556954
2025-01-01 04:15:00,M01,MEO,3.1552228973771217,0.11264557019175099,1.125673009304998,0.08288700752230432
2025-01-01 04:30:00,M01,MEO,5.5342775591105084,0.2313621946362658,2.0096753202135504,0.22384843154100267
2025-01-01 04:45:00,M01,MEO,8.286637411334063,0.385657635467434,2.8056067993903233,0.3861053948915112
2025-01-01 05:00:00,M01,MEO,0.9929393917890104,-0.03661702092330071,0.1298926175613382,-0.012413796074812763
2025-01-01 05:15:00,M01,MEO,2.9097660087068866,0.11661103802256169,0.776133710559004,0.1389330317123033
2025-01-01 05:30:00,M01,MEO,5.690034147053881,0.22925944369238452,1.8256074267591662,0.2634594044675987
2025-01-01 05:45:00,M01,MEO,8.763305744289807,0.38948762925732977,2.7990067965448393,0.4449986328071753
2025-01-01 06:00:00,M01,MEO,0.7852614379754821,0.01902320605818901,0.08279737460448364,0.06988105770698162
2025-01-01 06:15:00,M01,MEO,3.4060451398979663,0.14420779059775118,0.7760735572746058,0.1692486187957653
2025-01-01 06:30:00,M01,MEO,5.542506867070951,0.23163292523095985,1.6450802038217538,0.3344066707451096
2025-01-01 06:45:00,M01,MEO,8.079411591009727,0.3863263019833607,2.618874783517896,0.45626460157879445
2025-01-01 07:00:00,M01,MEO,1.0730581201551435,-0.015354915198025386,-0.14384948683731388,0.08041836134006641
2025-01-01 07:15:00,M01,MEO,3.201876765780068,0.1361409657635626,0.6612931602979851,0.2010975332757499
2025-01-01 07:30:00,M01,MEO,5.662919822901688,0.251945374591521,1.5980302407396691,0.3481678214028256
2025-01-01 07:45:00,M01,MEO,8.239778857842627,0.38851195770449176,2.527993390490134,0.47911745984260456
2025-01-01 08:00:00,M01,MEO,1.1226017338068202,0.010981084695084188,-0.33653592452595865,0.08204992291970124
2025-01-01 08:15:00,M01,MEO,2.5634912361389994,0.17045374648819503,0.5817997993269446,0.19939392117755017
2025-01-01 08:30:00,M01,MEO,4.9344260328075125,0.2618095357674148,1.5392182706867779,0.3351633032962218
2025-01-01 08:45:00,M01,MEO,7.574010583458575,0.42920441002438664,2.4560824419826908,0.49945342369117424
2025-01-01 09:00:00,M01,MEO,0.04511684784996989,0.01267012598910254,-0.2965284624758011,0.05807502867148384
2025-01-01 09:15:00,M01,MEO,1.9569288954577884,0.16255616921411598,0.5308328719679835,0.21354010670758378
2025-01-01 09:30:00,M01,MEO,4.77322268795869,0.2822225797632572,1.5798687193293175,0.3315561576959164
2025-01-01 09:45:00,M01,MEO,7.742942517703158,0.4004870738823333,2.5069769783216773,0.4787573109834453
2025-01-01 10:00:00,M01,MEO,-0.5210065469450629,0.014491306495142783,-0.18984407932814568,0.04624846688352074
2025-01-01 10:15:00,M01,MEO,1.6935786594706128,0.1518577300132728,0.7274442295458309,0.15905550400513502
2025-01-01 10:30:00,M01,MEO,4.365305748897229,0.2778991498913395,1.6507121690266957,0.28853620799710833
2025-01-01 10:45:00,M01,MEO,6.406675820812508,0.39679924504153197,2.6459492347109808,0.4167639240690673
2025-01-01 11:00:00,M01,MEO,-0.5827992243933278,0.027596370773129552,-0.1196709588565672,-0.013776500009116247
2025-01-01 11:15:00,M01,MEO,1.6342997933968488,0.11209746722784066,0.7997547255037614,0.11472178189311281
2025-01-01 11:30:00,M01,MEO,3.7063793356528487,0.2317553716055864,1.7641688053756548,0.2326035174177044
2025-01-01 11:45:00,M01,MEO,6.346835381697013,0.40664973136758154,2.8227546592211734,0.35656387739786394
2025-01-01 12:00:00,M01,MEO,-1.0749354780955425,-0.016079177118795238,0.07454128207963445,-0.03622836147448098
2025-01-01 12:15:00,M01,MEO,1.7361204522004152,0.1520894823699752,0.9779155616816142,0.06840174890212455
2025-01-01 12:30:00,M01,MEO,3.591247532305635,0.24143391769324435,1.9930062998294724,0.20339540880161092
2025-01-01 12:45:00,M01,MEO,6.31747607578534,0.3576285456569824,2.989914327460196,0.30396087386335247
2025-01-01 13:00:00,M01,MEO,-0.44960696358786933,-0.021384668351913032,0.14239136357251525,-0.09618249911987391
2025-01-01 13:15:00,M01,MEO,1.3624201756074708,0.13903108552484464,1.200882566893257,0.045467872086713296
2025-01-01 13:30:00,M01,MEO,4.131050463375932,0.22973196580197244,2.0345245633194073,0.17548221445857504
2025-01-01 13:45:00,M01,MEO,7.078540505240816,0.37714377145704536,3.1179266366905583,0.33328929932934237
2025-01-01 14:00:00,M01,MEO,-0.6028361645744159,-0.022802689830013153,0.3797638737687819,-0.0765921340997428
2025-01-01 14:15:00,M01,MEO,2.0299577100670905,0.1028852641063205,1.2137252725290284,0.0404573137317441
2025-01-01 14:30:00,M01,MEO,4.706931044360998,0.2260776458285154,2.1445580580977492,0.1729569229665243
2025-01-01 14:45:00,M01,MEO,7.558274519983745,0.3634530818226533,3.089620376273974,0.3248206627384467
2025-01-01 15:00:00,M01,MEO,-0.18619249862164444,-0.03292295622410012,0.37942878376194167,-0.0895672619696761
2025-01-01 15:15:00,M01,MEO,2.509492414721345,0.09021585393450553,1.2438604467919379,0.07353063041265263
2025-01-01 15:30:00,M01,MEO,4.846726085246025,0.21330146754866405,2.1115867413951053,0.16805789884943836
2025-01-01 15:45:00,M01,MEO,7.958976380048608,0.36509504953012456,3.1478648768295012,0.3449327690493976
2025-01-01 16:00:00,M01,MEO,0.9462704360530451,0.004687672792032239,0.22286444034111672,-0.034614884361082815
2025-01-01 16:15:00,M01,MEO,3.3523707365268427,0.08927617832258634,1.1237136408449742,0.07777772592265525
2025-01-01 16:30:00,M01,MEO,5.6228347955756695,0.22808583871881719,1.9720189971055297,0.22013806021948013
2025-01-01 16:45:00,M01,MEO,8.100629957314503,0.36028095232440105,2.955704956895653,0.39430209180735476
2025-01-01 17:00:00,M01,MEO,0.7651522450759729,-0.0296038511406528,0.11177981173941372,-0.0030399949591868917
2025-01-01 17:15:00,M01,MEO,3.167120193826358,0.08753254804057027,0.8842062015034765,0.14998001177719344
2025-01-01 17:30:00,M01,MEO,5.3995948634458735,0.2307277788782199,1.8982243132800143,0.29419025518484554
2025-01-01 17:45:00,M01,MEO,8.094343150784807,0.3671798860665777,2.7625043106268308,0.4424804432513149
2025-01-01 18:00:00,M01,MEO,0.8748263869391724,0.0077040522780971584,-0.02760730150174656,0.05243447730461323
2025-01-01 18:15:00,M01,MEO,3.368280773254331,0.11239888903386586,0.6988016882447594,0.1932571253977912
2025-01-01 18:30:00,M01,MEO,5.880595930127972,0.25254179705067936,1.7653602637429235,0.32642927220750234
2025-01-01 18:45:00,M01,MEO,8.6111981014993,0.39388248273257864,2.6132788425960665,0.506116312800473
2025-01-01 19:00:00,M01,MEO,1.2875542362466825,0.017096954503742122,-0.21261935867334253,0.08260616522024061
2025-01-01 19:15:00,M01,MEO,2.9386175722197,0.13683559963995018,0.6412323603182329,0.20647952206161124
2025-01-01 19:30:00,M01,MEO,5.830543092426968,0.2410799081835356,1.6382834980953156,0.34475586451048745
2025-01-01 19:45:00,M01,MEO,8.278759393835795,0.3983914814870091,2.61281863966269,0.47211714967584084
2025-01-01 20:00:00,M01,MEO,0.9519967925432651,-0.004450801735012548,-0.23640856926613993,0.09407002951978198
2025-01-01 20:15:00,M01,MEO,2.752055026888312,0.1227894979093419,0.586208942113356,0.22463678290194944
2025-01-01 20:30:00,M01,MEO,5.301871248183927,0.218916308592569,1.622380790840184,0.3498790227682383
2025-01-01 20:45:00,M01,MEO,7.646173833133904,0.3867370211847696,2.4905081345524094,0.48729130781846564
2025-01-01 21:00:00,M01,MEO,0.39455999057713265,0.0067146147098753085,-0.27172786438263685,0.07507968642064346
2025-01-01 21:15:00,M01,MEO,2.3893627522346046,0.1313136266523183,0.6005675732068966,0.17760532812239527
2025-01-01 21:30:00,M01,MEO,4.27755782034749,0.287874486270613,1.5314422823218927,0.34361809687586664
2025-01-01 21:45:00,M01,MEO,6.9526371115972925,0.41069150521772185,2.5313588122550934,0.45228935912632917
2025-01-01 22:00:00,M01,MEO,-0.23579601372626988,0.020427316490921586,-0.3144194747550102,0.06189860759351461
2025-01-01 22:15:00,M01,MEO,1.688369369065875,0.13251521679410921,0.755611781659102,0.1538795613262705
2025-01-01 22:30:00,M01,MEO,3.9241514742441446,0.24304112706329367,1.5687081280278181,0.24289761133818943
2025-01-01 22:45:00,M01,MEO,6.58380545080451,0.38406821679841097,2.726387040242406,0.39013383786807226
2025-01-01 23:00:00,M01,MEO,-0.6832022909068105,0.03512948221234631,-0.0364812117972619,0.004847319387835585
2025-01-01 23:15:00,M01,MEO,1.7857225346850556,0.1411760683552662,0.8865337874113771,0.09651029873298274
2025-01-01 23:30:00,M01,MEO,3.4866096842830845,0.2692802854028229,1.8213946536637686,0.2390826656640175
2025-01-01 23:45:00,M01,MEO,6.420776681793717,0.37996431638461714,2.8735959535135316,0.36503684400357295
2025-01-02 00:00:00,M01,MEO,-1.0471277569856288,0.016639411146578027,0.0936633572520588,-0.05928624957002005
2025-01-02 00:15:00,M01,MEO,0.9345180265764249,0.1091125452025995,1.0257409872937544,0.06490953031398033
2025-01-02 00:30:00,M01,MEO,4.0510878704058095,0.25622796754951965,1.8894533978066865,0.21929311510112773
2025-01-02 00:45:00,M01,MEO,6.219370841835377,0.35291921467653453,3.0297837002472874,0.34552741867969106
2025-01-02 01:00:00,M01,MEO,-0.5637087518432564,-0.001941885480447646,0.21833190821351775,-0.06858311259729626
2025-01-02 01:15:00,M01,MEO,1.732724650900334,0.12497558601547015,1.026031540438597,0.050439180927712886
2025-01-02 01:30:00,M01,MEO,4.056968938293602,0.2173459178410956,2.0660456579859767,0.16535332807164055
2025-01-02 01:45:00,M01,MEO,6.916477353042707,0.36856137211748546,3.043416916742509,0.3318182261224009
2025-01-02 02:00:00,M01,MEO,-0.15233213681731295,-0.010697892222175993,0.15371514259701796,-0.08041022917106805
2025-01-02 02:15:00,M01,MEO,1.9602055919798902,0.12228649577046774,1.154599844132538,0.03395466684138707
2025-01-02 02:30:00,M01,MEO,4.5745411485087475,0.21296535378306936,2.0737381116115152,0.16951667242028787
2025-01-02 02:45:00,M01,MEO,7.155286342930961,0.3577934383421849,3.1234233639220474,0.3534156499262873
2025-01-02 03:00:00,M01,MEO,0.01794656715684343,-0.01964811116028979,0.3902531824849691,-0.06631870575667852
2025-01-02 03:15:00,M01,MEO,2.5822428284352306,0.10915508979043775,1.1439027441071485,0.044162877068343924
2025-01-02 03:30:00,M01,MEO,4.893971728898964,0.21339441322182878,2.0283673777474394,0.21124596379460855
2025-01-02 03:45:00,M01,MEO,8.160482718242841,0.3669245380548322,3.1345639044567286,0.35881753860558274
2025-01-02 04:00:00,M01,MEO,0.42293109824226094,-0.026225776528918162,0.26266679461983905,-0.05237465040197963
2025-01-02 04:15:00,M01,MEO,2.7370539495320156,0.09903087166540724,1.0648992567864275,0.08660983530313089
2025-01-02 04:30:00,M01,MEO,5.323160128346783,0.22517597425945696,1.9923272955253224,0.2541953626576002
2025-01-02 04:45:00,M01,MEO,8.603568236658466,0.367867628521205,3.0572532693696632,0.40440755329322337
2025-01-02 05:00:00,M01,MEO,1.2900173458295576,-0.02672993133000634,0.08979984739486374,0.02221550117592179
2025-01-02 05:15:00,M01,MEO,3.4120345911648644,0.11830368880333147,1.0444061245630065,0.14728964186751056
2025-01-02 05:30:00,M01,MEO,5.760765177931326,0.24757209989755266,1.8366208099778345,0.27621377759925697
2025-01-02 05:45:00,M01,MEO,8.494877666673819,0.3877752793504115,2.841148830905023,0.4417653553435928
2025-01-02 06:00:00,M01,MEO,1.26890956622656,-0.013095711187525241,-0.048922045693516464,0.05510332402838891
2025-01-02 06:15:00,M01,MEO,3.282953220807961,0.11916020329547057,0.8069379690847633,0.16733561238126524
2025-01-02 06:30:00,M01,MEO,5.368024187610954,0.24770470977404577,1.747763156738275,0.3508849943602792
2025-01-02 06:45:00,M01,MEO,8.243778169710147,0.4045876192119977,2.6684477991323603,0.4746919659697286
2025-01-02 07:00:00,M01,MEO,0.5568462319704565,0.02450307776288998,-0.14314055947479973,0.10624582129213206
2025-01-02 07:15:00,M01,MEO,3.1298566453458085,0.11134945778618331,0.6595127384496345,0.19707246099933956
2025-01-02 07:30:00,M01,MEO,5.681923837504621,0.23035949473242745,1.5252413527812971,0.3579206303490261
2025-01-02 07:45:00,M01,MEO,8.362710025867349,0.4052583332783697,2.5021589809455014,0.5059284113909533
2025-01-02 08:00:00,M01,MEO,0.4825217468919124,0.022188699457797022,-0.23395757549048385,0.08925130030570205
2025-01-02 08:15:00,M01,MEO,2.454485453599591,0.14239555699861303,0.6022371019932161,0.21373989812167943
2025-01-02 08:30:00,M01,MEO,5.139587822621996,0.3060822385915743,1.579914441880154,0.3231303820394625
2025-01-02 08:45:00,M01,MEO,7.533854373585714,0.3874794910200442,2.5585383673258772,0.49317456922927544
2025-01-02 09:00:00,M01,MEO,-0.2563522346717946,0.0493822331172007,-0.4058837200859966,0.07564714095391539
2025-01-02 09:15:00,M01,MEO,2.234338530613667,0.14813805142338635,0.5484216362546035,0.19327927780697035
2025-01-02 09:30:00,M01,MEO,4.907035806273483,0.2759824718164958,1.5079181938378137,0.31436887975709354
2025-01-02 09:45:00,M01,MEO,7.297195929401186,0.4191571277191911,2.5665836262760493,0.45310229273434105
2025-01-02 10:00:00,M01,MEO,-0.18619506023279334,0.008880180530686201,-0.2501172740024116,0.04404681462730599
2025-01-02 10:15:00,M01,MEO,1.3412096814823933,0.13298956579742918,0.5909887642674327,0.15780829471649938
2025-01-02 10:30:00,M01,MEO,4.063867501184894,0.27068097927199797,1.6314127656653588,0.26312542799320626
2025-01-02 10:45:00,M01,MEO,6.440753302796784,0.4172287840687667,2.5616930442035475,0.4272604358805708
2025-01-02 11:00:00,M01,MEO,-1.1567121428403464,0.014628187669074503,-0.1221077212911645,-0.009437512301060658
2025-01-02 11:15:00,M01,MEO,0.9654566572108126,0.15147702292626614,0.709388197940229,0.10417983908614298
2025-01-02 11:30:00,M01,MEO,3.706818451821991,0.2749516657047112,1.8231980719068426,0.2537761224007035
2025-01-02 11:45:00,M01,MEO,6.960392167127564,0.36922893067905205,2.7787448310010343,0.3674958607544583
2025-01-02 12:00:00,M01,MEO,-0.6112929653521151,0.019583125224140397,-0.045737185034947274,-0.06799561957953945
2025-01-02 12:15:00,M01,MEO,1.2267545480697035,0.11959111631704145,0.9440334687500744,0.06640011547886412
2025-01-02 12:30:00,M01,MEO,3.869093830110587,0.2316547709225214,1.9093475659557257,0.17685776813719445
2025-01-02 12:45:00,M01,MEO,6.82952292930033,0.39591875060665627,2.9816511858704344,0.3144946027760138
2025-01-02 13:00:00,M01,MEO,-0.6971649558420979,-0.01900118487688285,0.12331328209964064,-0.09193720554691207
2025-01-02 13:15:00,M01,MEO,1.4658390325105257,0.08125285961856067,1.0901193510191143,0.043702565475303094
2025-01-02 13:30:00,M01,MEO,4.065573941899748,0.2727620968544315,2.011448833625099,0.16103553958593045
2025-01-02 13:45:00,M01,MEO,7.131035403249964,0.40335323842436954,3.0368556766851125,0.31049851373229476
2025-01-02 14:00:00,M01,MEO,-0.2326764743495837,-0.020683763338002335,0.16496288302540074,-0.07338933203829345
2025-01-02 14:15:00,M01,MEO,1.86258565901419,0.10173760041998749,1.1226177634999637,0.04168988445214805
2025-01-02 14:30:00,M01,MEO,4.638307958055596,0.22581003043128262,2.171002577492738,0.17192813976943794
2025-01-02 14:45:00,M01,MEO,7.4247865168557725,0.3596744936254237,3.1466614367891976,0.32048488963719
2025-01-02 15:00:00,M01,MEO,-0.04761351271289765,0.003018451486504368,0.29467989903972086,-0.07868747023698841
2025-01-02 15:15:00,M01,MEO,2.4503586550377188,0.11829930635017141,1.1393580749382537,0.06325935951781335
2025-01-02 15:30:00,M01,MEO,5.174594461429282,0.19899139683976594,2.1891692126491487,0.20183307073704077
2025-01-02 15:45:00,M01,MEO,7.9077409932810125,0.3564695162015561,3.1758841495346704,0.33627497892247865
2025-01-02 16:00:00,M01,MEO,0.4465304926985136,-0.02602206861492719,0.22883958385620332,-0.03666348506889347
2025-01-02 16:15:00,M01,MEO,2.6022027466212374,0.10576909530477097,1.0746812762966003,0.10288855730984804
2025-01-02 16:30:00,M01,MEO,5.205945158536985,0.22152717688961596,2.000593551702223,0.2551226277855883
2025-01-02 16:45:00,M01,MEO,8.387290098516077,0.35476804281085794,3.1301231187248235,0.39214944140142216
2025-01-02 17:00:00,M01,MEO,1.0577408534259192,-0.02824229851482881,0.012691797460814593,0.021367878977306538
2025-01-02 17:15:00,M01,MEO,3.0993074192808887,0.09858564375482073,0.8661615698719921,0.16299956513978375
2025-01-02 17:30:00,M01,MEO,5.890908361107579,0.24701939108930668,1.8765857484574513,0.29493357075610266
2025-01-02 17:45:00,M01,MEO,8.628526190862361,0.40216043115240946,2.7528397070772406,0.42342674335941893
2025-01-02 18:00:00,M01,MEO,1.1233043775574432,0.005280668129753059,-0.0637928278404338,0.0168815872420137
2025-01-02 18:15:00,M01,MEO,3.2576110439092734,0.07320154147768851,0.8768125075616091,0.19860056386383745
2025-01-02 18:30:00,M01,MEO,6.041701795335824,0.2563866833553899,1.803672588880965,0.3355348581887343
2025-01-02 18:45:00,M01,MEO,8.733430854087871,0.37428409703882115,2.6806317221854044,0.4664482432990023
2025-01-02 19:00:00,M01,MEO,0.8619787268163023,0.014932302416321507,-0.173839674638216,0.07519928652358654
2025-01-02 19:15:00,M01,MEO,3.1725297261244316,0.08410385327956785,0.6618147299523651,0.23855890110001451
2025-01-02 19:30:00,M01,MEO,5.458553100221862,0.26546225435741216,1.623255953412648,0.3547109337041487
2025-01-02 19:45:00,M01,MEO,8.181532678528898,0.3888974840677738,2.5087996817438087,0.48637445161166976
2025-01-02 20:00:00,M01,MEO,0.5205519305527281,0.03618415595136524,-0.3583699276985247,0.08291453388233896
2025-01-02 20:15:00,M01,MEO,2.6547277785165075,0.1474004236937468,0.6682578720140342,0.2123430687703432
2025-01-02 20:30:00,M01,MEO,5.097776590375392,0.24715282174943148,1.5258859295507647,0.33464793662576825
2025-01-02 20:45:00,M01,MEO,7.773830769837711,0.429993199787781,2.5714077864182885,0.467090890411721
2025-01-02 21:00:00,M01,MEO,0.108770442208214,0.008779115199461899,-0.2715631888837617,0.0715065457107274
2025-01-02 21:15:00,M01,MEO,1.871984687065579,0.1271406753182234,0.6557046255460948,0.20723318273154645
2025-01-02 21:30:00,M01,MEO,4.463346530157256,0.2713225538992261,1.4936559910624814,0.315390488503389
2025-01-02 21:45:00,M01,MEO,7.333783867888686,0.39847610636652875,2.5938917472027745,0.44878804789976223
2025-01-02 22:00:00,M01,MEO,-0.7615733115143751,0.03459450419981968,-0.07676087022526429,0.012067270602704464
2025-01-02 22:15:00,M01,MEO,1.3344340533812649,0.1357245574877438,0.6392634084102662,0.1530366066829458
2025-01-02 22:30:00,M01,MEO,3.9083289779830874,0.28427001148662395,1.6169893896168368,0.2818969644783276
2025-01-02 22:45:00,M01,MEO,6.951677435718789,0.38268459162439233,2.7662527774778947,0.4066260757388529
2025-01-02 23:00:00,M01,MEO,-0.7746376281982281,0.009938657779659724,-0.17272533385769473,-0.01705631488362442
2025-01-02 23:15:00,M01,MEO,1.2441710411546065,0.16724016999856303,0.7555834878136269,0.10174329513297846
2025-01-02 23:30:00,M01,MEO,3.653087811398268,0.25959404040290707,1.8614872169439698,0.23551781125749813
2025-01-02 23:45:00,M01,MEO,6.758338251712376,0.4007478953314401,2.7931238776329446,0.37553469251946603
2025-01-03 00:00:00,M01,MEO,-1.268725752265262,-0.026085061653313087,-0.0007536233199481185,-0.06446927525458186
2025-01-03 00:15:00,M01,MEO,1.2595044490306555,0.08807111558689279,1.00500841483802,0.05972654244189049
2025-01-03 00:30:00,M01,MEO,3.691520887751907,0.2739084959518052,1.9411128516258205,0.20770056704330744
2025-01-03 00:45:00,M01,MEO,6.9394246753207645,0.40583418956414685,2.9861736270160772,0.3241166596892972
2025-01-03 01:00:00,M01,MEO,-0.8875420428847569,-0.015746807571594672,0.1937944257871217,-0.0947665914229559
2025-01-03 01:15:00,M01,MEO,1.7481842601970747,0.10358767739827178,1.0081080929171284,0.022477276687017062
2025-01-03 01:30:00,M01,MEO,3.9764725577311886,0.22317136677012717,2.049221312574851,0.1673456748385297
2025-01-03 01:45:00,M01,MEO,6.924298534971414,0.3915889087195049,3.0834116313468956,0.32312020679780107
2025-01-03 02:00:00,M01,MEO,-0.7711558867829554,0.006296377376119363,0.30437265864738505,-0.10363814489525575
2025-01-03 02:15:00,M01,MEO,1.8575261774363407,0.09831652132948779,1.097574633092487,0.01569510867143426
2025-01-03 02:30:00,M01,MEO,4.938745443263953,0.221486854125223,2.0601468490008497,0.16570097684328192
2025-01-03 02:45:00,M01,MEO,7.306131251601853,0.3462013753434226,3.1416205865775444,0.330088937016069
2025-01-03 03:00:00,M01,MEO,-0.13972275637217169,-0.026796054219057258,0.3074909044281945,-0.07259363089635729
2025-01-03 03:15:00,M01,MEO,2.9076095602788197,0.09720816440600723,1.147624187819164,0.05822560084748245
2025-01-03 03:30:00,M01,MEO,5.376148484508453,0.23411571223949534,2.104669964950714,0.1995023190399387
2025-01-03 03:45:00,M01,MEO,7.922695119485122,0.3554778710833873,3.049399057799118,0.378796823496657
2025-01-03 04:00:00,M01,MEO,0.15199750009893132,0.01730423731877285,0.19317550801415376,-0.02454588044300767
2025-01-03 04:15:00,M01,MEO,3.3585691699935056,0.10480852144229746,1.1398576974859702,0.10915047655311047
2025-01-03 04:30:00,M01,MEO,5.576556930407317,0.22411248809631226,1.9583683537075343,0.23166162015398728
2025-01-03 04:45:00,M01,MEO,8.627607061918711,0.3499870299407495,2.9548187215928374,0.416873806173049
2025-01-03 05:00:00,M01,MEO,0.7236152000482508,0.011215427151408828,0.09387988484758333,0.0051834183680575414
2025-01-03 05:15:00,M01,MEO,3.113600196203823,0.10402247778464312,0.9536587988947418,0.1475659792819274
2025-01-03 05:30:00,M01,MEO,5.815613508290175,0.2461086767691396,1.8518964830384899,0.29401805466926106
2025-01-03 05:45:00,M01,MEO,8.388580661581281,0.3568801911683195,2.8310313298484284,0.4484633526453522
2025-01-03 06:00:00,M01,MEO,0.6439048678392496,0.010618404936645955,-0.031344947986393694,0.055207795294662895
2025-01-03 06:15:00,M01,MEO,3.387425861921236,0.0798809864052876,0.8285037324743812,0.19086631977951685
2025-01-03 06:30:00,M01,MEO,5.8941392283897205,0.26628161406979667,1.7250994787257712,0.3287012614179872
2025-01-03 06:45:00,M01,MEO,8.37020027540768,0.370829211748074,2.657084299867969,0.48047490567831347
2025-01-03 07:00:00,M01,MEO,0.7983653593058687,0.00523306856695077,-0.17906642500002856,0.06867207764521922
2025-01-03 07:15:00,M01,MEO,2.6732642020252264,0.14807657618521344,0.7307485965754404,0.2079484995570276
2025-01-03 07:30:00,M01,MEO,5.658927382332791,0.23661921310872278,1.5615613936922905,0.3348079223561359
2025-01-03 07:45:00,M01,MEO,8.103137269557122,0.4100050147560625,2.510586287109903,0.47414189230056436
2025-01-03 08:00:00,M01,MEO,0.6673329572627936,-0.005969038797089168,-0.25546905354627,0.10355966949137693
2025-01-03 08:15:00,M01,MEO,2.4993191551116207,0.14125509922042204,0.5286662207867302,0.22009966004524323
2025-01-03 08:30:00,M01,MEO,5.02157295397484,0.2779873806442524,1.5593568666022075,0.3416241824915319
2025-01-03 08:45:00,M01,MEO,7.541582086048697,0.41674895647231136,2.6098636329852356,0.4728415279076557
2025-01-03 09:00:00,M01,MEO,-0.0793682852115146,0.05269611948358853,-0.30590759096123055,0.07482375121876571
2025-01-03 09:15:00,M01,MEO,1.9168758612309498,0.14031520693465457,0.5841468103170049,0.18434616371298929
2025-01-03 09:30:00,M01,MEO,4.66662832975865,0.2530821238714478,1.555244683001893,0.3301402682110321
2025-01-03 09:45:00,M01,MEO,7.067587917344159,0.4339456749195338,2.5952655454505806,0.4313433938628479
2025-01-03 10:00:00,M01,MEO,-0.6019927177859482,0.009408408481296695,-0.24298580881895937,0.040725197945010776
2025-01-03 10:15:00,M01,MEO,2.158883964912564,0.13094532533915165,0.6488614332614691,0.14527166577741762
2025-01-03 10:30:00,M01,MEO,4.412178983831731,0.2557876867465354,1.659739938541324,0.25622496150106966
2025-01-03 10:45:00,M01,MEO,6.464240678376211,0.3816920509815392,2.5858651614832735,0.42301033516943315
2025-01-03 11:00:00,M01,MEO,-0.9338629136622619,0.02015081637798509,-0.12031902203803543,0.01863092041312568
2025-01-03 11:15:00,M01,MEO,1.4588173829384472,0.15815502146194552,0.8086249475565288,0.12527913106776967
2025-01-03 11:30:00,M01,MEO,3.7471129324225068,0.24794299421991567,1.7976238472416102,0.2400088795022441
2025-01-03 11:45:00,M01,MEO,6.644357148675511,0.3807917315402295,2.8464466899437015,0.36269227545585586
2025-01-03 12:00:00,M01,MEO,-0.5779743166099156,-0.029827897230733612,0.06817429944074292,-0.0640953720819299
2025-01-03 12:15:00,M01,MEO,1.1700629883741707,0.139175473508744,0.9041042679323492,0.06113444836752962
2025-01-03 12:30:00,M01,MEO,3.803251183583624,0.282864077906535,1.9254921973699575,0.16961111837697546
2025-01-03 12:45:00,M01,MEO,6.562551413249197,0.3785463762996546,2.934504406658951,0.3298860459140739
2025-01-03 13:00:00,M01,MEO,-0.6671235949723318,0.0017391143043510846,0.2523236603782347,-0.07438084355571566
2025-01-03 13:15:00,M01,MEO,1.2657649858718125,0.10121425493822167,1.0632421853145584,0.008228766447386283
2025-01-03 13:30:00,M01,MEO,4.2012894126739555,0.21818272386504578,2.041388599463462,0.17184394747487694
2025-01-03 13:45:00,M01,MEO,7.109939212948744,0.39543577062515894,3.1628651329754924,0.3276816648805634
2025-01-03 14:00:00,M01,MEO,-0.3461505199308114,-0.009339278118232945,0.30429845833737457,-0.09659563939783344
2025-01-03 14:15:00,M01,MEO,1.8691841535353695,0.08583691459229921,1.0186410613865549,0.05346595326969485
2025-01-03 14:30:00,M01,MEO,4.498280036666531,0.22595526264446847,2.110649377971164,0.17958448257000034
2025-01-03 14:45:00,M01,MEO,7.405134034779089,0.3594626815622498,3.02425586816374,0.3072136096898661
2025-01-03 15:00:00,M01,MEO,-0.1711854032411057,-0.013787110788405436,0.2014285232600852,-0.08634325649540704
2025-01-03 15:15:00,M01,MEO,2.809741784993003,0.11956044373768854,1.2011592199464678,0.07654751578349332
2025-01-03 15:30:00,M01,MEO,5.310465988143418,0.21251473103072396,2.035150358763732,0.21422039590002498
2025-01-03 15:45:00,M01,MEO,8.123469069219372,0.37417624454247983,3.108397590749313,0.3661664727655608
2025-01-03 16:00:00,M01,MEO,0.4063438102290189,-0.017360182170009526,0.28405973716521626,-0.056176838503926206
2025-01-03 16:15:00,M01,MEO,3.1734482793363132,0.09745810519597864,0.981725265968297,0.10384284448921559
2025-01-03 16:30:00,M01,MEO,5.83858888828471,0.21765885069272595,2.002530515563424,0.2264002352553426
2025-01-03 16:45:00,M01,MEO,8.159853502410606,0.3544386960462652,2.933317286252599,0.40479486356458744
2025-01-03 17:00:00,M01,MEO,0.5156039811103309,-0.00783051070939604,0.06800903219711993,0.029955351744349594
2025-01-03 17:15:00,M01,MEO,3.36811451125502,0.13754107738007454,0.8581439664289866,0.16310264437914052
2025-01-03 17:30:00,M01,MEO,5.832357653845669,0.24446959055436526,1.831740375404523,0.311889805851602
2025-01-03 17:45:00,M01,MEO,8.549547987189914,0.39160708702362834,2.670934765075215,0.4393297119805086
2025-01-03 18:00:00,M01,MEO,1.2405620237354926,-0.0032099569012031155,-0.015723664724127423,0.06608875405036949
2025-01-03 18:15:00,M01,MEO,3.5902091045351883,0.13871237700113626,0.8533249415003661,0.17748869565296813
2025-01-03 18:30:00,M01,MEO,5.740040138126235,0.25013358574451383,1.7413443379982945,0.32062366890510224
2025-01-03 18:45:00,M01,MEO,8.617683185811313,0.37932610686804347,2.603669907050241,0.4641269029844611
2025-01-03 19:00:00,M01,MEO,0.8314887236656432,0.034625490165545024,-0.1992545429998448,0.05581217704433162
2025-01-03 19:15:00,M01,MEO,3.1707848350941537,0.08642159149281346,0.6283999282739116,0.21289581879570682
2025-01-03 19:30:00,M01,MEO,5.554695132107392,0.2574964108605966,1.5550894593383362,0.361861894123503
2025-01-03 19:45:00,M01,MEO,8.043525526226032,0.3998861980561817,2.5368836432503343,0.5164133639990234
2025-01-03 20:00:00,M01,MEO,0.42172102093504915,-0.01864441065007784,-0.25847647987140165,0.11153399770878354
2025-01-03 20:15:00,M01,MEO,2.7519053125979216,0.13767932330345764,0.5965628117765557,0.22176303424774413
2025-01-03 20:30:00,M01,MEO,5.154012747201996,0.22690101735399443,1.513897254022985,0.323781649541137
2025-01-03 20:45:00,M01,MEO,7.599249528697403,0.413770129373841,2.581420789472682,0.48669013846878234
2025-01-03 21:00:00,M01,MEO,0.08132988890560103,-0.008927542510674555,-0.27853980088060915,0.06911169336462221
2025-01-03 21:15:00,M01,MEO,2.116574011673672,0.14643123496193167,0.5216178928781424,0.19121529861362818
2025-01-03 21:30:00,M01,MEO,4.324709986198309,0.28927924048739295,1.4942575664292255,0.31246476643465587
2025-01-03 21:45:00,M01,MEO,7.31675028651211,0.4170934758329811,2.6410987796814664,0.4634319007496342
2025-01-03 22:00:00,M01,MEO,-0.49594019664761035,0.025969191062077727,-0.3615313290615945,0.024888757307407305
2025-01-03 22:15:00,M01,MEO,1.6471353549603056,0.11117851313137239,0.7444419432889239,0.16580909090373372
2025-01-03 22:30:00,M01,MEO,4.408068555023614,0.2733359176187921,1.7399323174094938,0.2694687769769625
2025-01-03 22:45:00,M01,MEO,6.438033842786972,0.42711365766382897,2.7164698218840897,0.3935603090581776
2025-01-03 23:00:00,M01,MEO,-1.0869659650636476,-0.007893958082427441,-0.08037098794959205,-0.003191703448445736
2025-01-03 23:15:00,M01,MEO,1.8276359931590034,0.12525563535247505,0.8855143030484309,0.10238981109904376
2025-01-03 23:30:00,M01,MEO,3.498242554067331,0.2773486034191882,1.730521989130495,0.22072613316921355
2025-01-03 23:45:00,M01,MEO,6.601267955950141,0.3831910801357692,2.8006570268403927,0.3536861817861028
2025-01-04 00:00:00,M01,MEO,-0.9202130050632262,0.017200150147947926,0.06613783594945205,-0.06975275982485445
2025-01-04 00:15:00,M01,MEO,1.742411979903012,0.12704622514071268,0.930468791854203,0.06951326280076231
2025-01-04 00:30:00,M01,MEO,3.539983702678042,0.2628825303024983,1.8958413029484713,0.19248788128593394
2025-01-04 00:45:00,M01,MEO,6.795814458849017,0.37261283798110817,2.9232316598376995,0.35469849063000713
2025-01-04 01:00:00,M01,MEO,-0.7906785064788112,-0.017532848754968626,0.13751421748999973,-0.07216468730437013
2025-01-04 01:15:00,M01,MEO,1.5432121764131914,0.11360816557396448,1.099829219293287,0.021383169520479924
2025-01-04 01:30:00,M01,MEO,4.382400787936739,0.2446955066009782,2.1335924065805796,0.15970937694171328
2025-01-04 01:45:00,M01,MEO,7.096184117205497,0.4086272369686413,3.0444415922746497,0.30442311697403984
2025-01-04 02:00:00,M01,MEO,-0.3698753927034733,-0.00679922936979796,0.2194962661181417,-0.10659809527885604
2025-01-04 02:15:00,M01,MEO,1.9484644090698306,0.07353093665387674,1.1743297554111936,0.03604332011332191
2025-01-04 02:30:00,M01,MEO,4.789809920060258,0.24684166740685795,2.0502922940826753,0.18120329949195504
2025-01-04 02:45:00,M01,MEO,7.393005491034923,0.3509165433519088,3.180240039176841,0.330546400607665
2025-01-04 03:00:00,M01,MEO,0.36044288881675063,-0.024029208646239295,0.23049389758727895,-0.07654040100331534
2025-01-04 03:15:00,M01,MEO,2.935130134949028,0.08465695396418482,1.1873130583328901,0.06069732757930709
2025-01-04 03:30:00,M01,MEO,5.090975988803353,0.2297136277304574,2.0956473884851534,0.20315794213913155
2025-01-04 03:45:00,M01,MEO,7.972883813942365,0.36185838151772387,3.1233363860245382,0.3612282161263126
2025-01-04 04:00:00,M01,MEO,0.5151221163222027,-0.02653294431632455,0.14276510027231282,-0.0197693716092661
2025-01-04 04:15:00,M01,MEO,3.0443574927105868,0.10799631870084414,1.0587896919779514,0.09537541910172137
2025-01-04 04:30:00,M01,MEO,5.57112652989418,0.25317141427081513,1.789964716779622,0.23992740009670332
2025-01-04 04:45:00,M01,MEO,8.427204296165613,0.38752869983921484,2.981193198090487,0.40713273468478467
2025-01-04 05:00:00,M01,MEO,0.9946230992584086,-0.020692002407503223,0.1139456825511283,0.024541114882774502
2025-01-04 05:15:00,M01,MEO,2.86889561692578,0.1089972518862607,0.8199920271192769,0.14993655330724726
2025-01-04 05:30:00,M01,MEO,5.906505754419368,0.2302322397674648,1.922085640562099,0.2966912720254455
2025-01-04 05:45:00,M01,MEO,8.702693997654244,0.3778131545397407,2.8482176626609683,0.46063459606620527
2025-01-04 06:00:00,M01,MEO,1.144790649994496,0.03204032653724204,-0.06077431276756705,0.04976666837506683
2025-01-04 06:15:00,M01,MEO,3.1211508701222384,0.11477692019822461,0.7272811151090843,0.19818055676212706
2025-01-04 06:30:00,M01,MEO,5.842745020644876,0.228588127779946,1.694324643438238,0.3459258467252238
2025-01-04 06:45:00,M01,MEO,8.639737354601214,0.3941848991227278,2.5892305597224903,0.489836215015882
2025-01-04 07:00:00,M01,MEO,0.7990318323669325,0.012860355212497631,-0.20905356410898715,0.0987682672496182
2025-01-04 07:15:00,M01,MEO,3.4136410018271923,0.10657495256133956,0.5841432851574462,0.21064961255103445
2025-01-04 07:30:00,M01,MEO,5.412262638009059,0.29032052677384446,1.5592803623605982,0.35293132071960814
2025-01-04 07:45:00,M01,MEO,7.985384303530474,0.4057313174297558,2.529278159081443,0.5001457681988196
2025-01-04 08:00:00,M01,MEO,0.7285316060522831,0.01485615360266556,-0.20787387784044228,0.08674714572281639
2025-01-04 08:15:00,M01,MEO,2.120263567278304,0.12299496536670863,0.5629657638487235,0.20458355010412324
2025-01-04 08:30:00,M01,MEO,4.934195160325986,0.24045378919118407,1.5618854935814075,0.3341504982891205
2025-01-04 08:45:00,M01,MEO,7.948691839759073,0.3807303125457726,2.4876395418942403,0.4783443691829529
2025-01-04 09:00:00,M01,MEO,-0.07866502711276403,0.05521050852773049,-0.2286654260867607,0.08104060395449258
2025-01-04 09:15:00,M01,MEO,2.43242517900324,0.12479323039355318,0.656749531535943,0.21096636945833053
2025-01-04 09:30:00,M01,MEO,4.11629886309936,0.2744115571002548,1.5511040667410554,0.3105649257324146
2025-01-04 09:45:00,M01,MEO,7.031173287957454,0.39777357186213425,2.6153457510170672,0.4323327773917665
2025-01-04 10:00:00,M01,MEO,-0.34495230696883755,0.052328073365039966,-0.04762088488402409,0.051792169776866896
2025-01-04 10:15:00,M01,MEO,1.694497199948648,0.13007791124677998,0.8080293250302912,0.16880389334278606
2025-01-04 10:30:00,M01,MEO,3.5712553670754987,0.2530914609167513,1.5415958977921973,0.2742299248837871
2025-01-04 10:45:00,M01,MEO,6.41636834497782,0.41382378314844687,2.7195105657304715,0.41407503133058354
2025-01-04 11:00:00,M01,MEO,-0.8981952262939917,0.013842825005134576,-0.10402899924465299,-0.053799417507156375
2025-01-04 11:15:00,M01,MEO,1.413463323768518,0.1148902299133297,0.9074947998044198,0.1049857285599745
2025-01-04 11:30:00,M01,MEO,4.036854427172011,0.22504849783431363,1.7985122685579797,0.21805063240688907
2025-01-04 11:45:00,M01,MEO,6.664854208637157,0.37313468951515016,2.876970057108437,0.33201693166416557
2025-01-04 12:00:00,M01,MEO,-1.288563065250967,-0.02590285043330147,0.07560536735365489,-0.056860784750251366
2025-01-04 12:15:00,M01,MEO,1.2541600328305393,0.1281558185121026,1.035059528934892,0.05481362420733638
2025-01-04 12:30:00,M01,MEO,3.9586996087849444,0.260532703648843,1.8733347058328595,0.21141915502900244
2025-01-04 12:45:00,M01,MEO,6.35050061171849,0.3809503857719482,3.068844104848239,0.31172086376734337
2025-01-04 13:00:00,M01,MEO,-0.934721599941628,-0.021298212321900337,0.14032717687967908,-0.04795398547578017
2025-01-04 13:15:00,M01,MEO,1.670666638833525,0.11012482125941381,1.1622855068282074,0.013539251576791343
2025-01-04 13:30:00,M01,MEO,4.390073813088716,0.23268191599554,2.1175539463719235,0.17706373432109862
2025-01-04 13:45:00,M01,MEO,6.895792183340571,0.37309578427070156,3.0846594103471348,0.3397289047370676
2025-01-04 14:00:00,M01,MEO,-0.34952471293874116,-0.023528855553238304,0.2657011933936461,-0.09588284910684611
2025-01-04 14:15:00,M01,MEO,1.6340041826226377,0.11705912886624942,1.0699529255358513,0.02210490938356955
2025-01-04 14:30:00,M01,MEO,4.509297958345115,0.21810139845015347,2.1321566747159584,0.18084029744143545
2025-01-04 14:45:00,M01,MEO,7.088733058698829,0.38368933003351324,3.1347985605599575,0.29048404054949767
2025-01-04 15:00:00,M01,MEO,-0.022171578924763596,0.002429969341447984,0.297969516847726,-0.051769963817953873
2025-01-04 15:15:00,M01,MEO,2.668788465370361,0.083813896655493,1.1363329548683823,0.04344607361186304
2025-01-04 15:30:00,M01,MEO,5.186829561219493,0.2432176832194042,2.069214804154642,0.19244624139247848
2025-01-04 15:45:00,M01,MEO,8.123155454465625,0.3674689681241273,3.058234855387371,0.35459998347127497
2025-01-04 16:00:00,M01,MEO,0.7860237979709335,-0.031031037869592153,0.20321390195721456,-0.009830485348430777
2025-01-04 16:15:00,M01,MEO,2.8711521023504543,0.10152556489442438,1.179895247253324,0.1239715419916042
2025-01-04 16:30:00,M01,MEO,6.146489112408739,0.23298755057888304,1.9191342255117008,0.23900692952793548
2025-01-04 16:45:00,M01,MEO,8.49559619563644,0.3594457065207452,2.943634912563715,0.39895641457828557
2025-01-04 17:00:00,M01,MEO,0.861443124843467,0.02743409870406445,0.01613198400199143,0.026322914829014978
2025-01-04 17:15:00,M01,MEO,3.5824351556289082,0.14387617660083024,0.8919985223157202,0.12415663276299675
2025-01-04 17:30:00,M01,MEO,5.619609986025918,0.23888431238582686,1.7961619438805878,0.31292040616412453
2025-01-04 17:45:00,M01,MEO,8.437658259992524,0.3869410679241502,2.845509814579812,0.4574592504457156
2025-01-04 18:00:00,M01,MEO,0.6338299869598957,-0.0026913648401993033,-0.060483158544298934,0.07219790057892865
2025-01-04 18:15:00,M01,MEO,3.5960785103844333,0.09677034717424605,0.8409996202892475,0.19362367859489982
2025-01-04 18:30:00,M01,MEO,5.619428151880224,0.2647052433614384,1.7146430740897367,0.3278054582257951
2025-01-04 18:45:00,M01,MEO,8.663749507081704,0.36613987223199496,2.7114236965999208,0.5035331673691366
2025-01-04 19:00:00,M01,MEO,0.8090394919127946,-0.013227265397072335,-0.19139389235677573,0.04591696015006068
2025-01-04 19:15:00,M01,MEO,2.8490362637133844,0.13906645677413024,0.5686320654661245,0.20991228376009324
2025-01-04 19:30:00,M01,MEO,5.572524498825078,0.28264508197400184,1.6145720248090838,0.35560964920633603
2025-01-04 19:45:00,M01,MEO,8.49874288310237,0.40293244676759804,2.5773751149385067,0.4888505502689289
2025-01-04 20:00:00,M01,MEO,0.21342669837404563,0.01771208091783946,-0.2810303430647654,0.07444318315939219
2025-01-04 20:15:00,M01,MEO,2.93588847716758,0.1575512809749743,0.4395373588703753,0.22150068862337358
2025-01-04 20:30:00,M01,MEO,4.982989876368123,0.27910940332697415,1.4671579852936654,0.37500760725910637
2025-01-04 20:45:00,M01,MEO,7.612484581751491,0.43437740602548164,2.5809112569848267,0.4883637826666247
2025-01-04 21:00:00,M01,MEO,0.0703075809995099,0.029969914219346198,-0.22366819605458943,0.08628954021470087
2025-01-04 21:15:00,M01,MEO,2.0952861536146057,0.14138128628835112,0.5823295622296819,0.17785084793449668
2025-01-04 21:30:00,M01,MEO,4.4284280662761395,0.2502563809188669,1.5702431670447619,0.32662646992379024
2025-01-04 21:45:00,M01,MEO,6.700253629324724,0.38101105989932826,2.665686689937722,0.4344591417890619
2025-01-04 22:00:00,M01,MEO,-0.6881202771584553,0.031645511716162124,-0.1507676191555423,0.03636234331685492
2025-01-04 22:15:00,M01,MEO,1.8160408256675074,0.10476869434708386,0.6096947912589573,0.16689997126034364
2025-01-04 22:30:00,M01,MEO,3.7319845610276223,0.23982110569743273,1.6619386656227866,0.28170846236372843
2025-01-04 22:45:00,M01,MEO,6.166519410367878,0.4041442463106214,2.7519822715326168,0.3941965079739682
2025-01-04 23:00:00,M01,MEO,-0.7290746658212723,0.03271865467973176,-0.0982660884691792,0.009477724552765082
2025-01-04 23:15:00,M01,MEO,1.1346665695089684,0.13752347975937104,0.7813020747562543,0.0956426753416407
2025-01-04 23:30:00,M01,MEO,3.851297500223083,0.2747846804316119,1.815384378328187,0.21817810810112775
2025-01-04 23:45:00,M01,MEO,6.791129353021021,0.37874839209272765,2.8743717447387582,0.3803797801191798
2025-01-05 00:00:00,M01,MEO,-1.2470120845675488,0.015028668438937756,0.0871996321532727,-0.05210535344995531
2025-01-05 00:15:00,M01,MEO,1.1418730511800754,0.1391391144337675,1.0547262495373722,0.06655924368616145
2025-01-05 00:30:00,M01,MEO,4.163543912620501,0.2636447247203794,1.8274692078721657,0.18417185994512728
2025-01-05 00:45:00,M01,MEO,6.822540499892876,0.397042016295088,3.036523329381784,0.33014016187592715
2025-01-05 01:00:00,M01,MEO,-1.2084847261709333,-0.022256562163435314,0.09580403269830721,-0.07220099955954427
2025-01-05 01:15:00,M01,MEO,1.322793778054023,0.10464959656024117,1.1460094221409614,0.03427135431950038
2025-01-05 01:30:00,M01,MEO,3.714179775227067,0.2405946337370645,2.1948260348332247,0.17042874181522774
2025-01-05 01:45:00,M01,MEO,6.760874138222758,0.37495360722589066,3.1250045034196656,0.32225993040629514
2025-01-05 02:00:00,M01,MEO,-0.22743416786724063,-0.025754060000955536,0.23899273254988965,-0.09514080567931749
2025-01-05 02:15:00,M01,MEO,1.9527545548209597,0.11236993729219831,1.164026441374839,0.04100239173668596
2025-01-05 02:30:00,M01,MEO,4.723570649193092,0.22831357258606677,2.0854157662740076,0.17631197754329642
2025-01-05 02:45:00,M01,MEO,7.8383354240996805,0.37400727024307173,3.032365949287515,0.3236162166516283
2025-01-05 03:00:00,M01,MEO,0.2954801115990542,-0.0178091920232823,0.25410638126159574,-0.09495418204143956
2025-01-05 03:15:00,M01,MEO,2.4032773566340033,0.11198590589123164,1.1156178526380107,0.05720191434726803
2025-01-05 03:30:00,M01,MEO,5.23476017895493,0.2461677817906043,2.0851847173019076,0.19821744486784384
2025-01-05 03:45:00,M01,MEO,8.171886109989131,0.37782161917046003,3.054920616648908,0.36151233610845845
2025-01-05 04:00:00,M01,MEO,0.2235779976425887,-0.012569897722502683,0.17988796161738402,-0.028690622859384885
2025-01-05 04:15:00,M01,MEO,2.7593807663330883,0.10603377837545079,1.0356543329053305,0.10080804011822649
2025-01-05 04:30:00,M01,MEO,6.102347224524152,0.22484944801539605,1.966441873928102,0.25106018716010253
2025-01-05 04:45:00,M01,MEO,8.717299010610269,0.3927629591321665,2.9746961396303475,0.38922159804856915
2025-01-05 05:00:00,M01,MEO,0.881806663341163,-0.016440841771967318,0.01822430199649156,0.015955858234919424
2025-01-05 05:15:00,M01,MEO,3.288555469352534,0.1547279970058241,0.8084511174452386,0.1468947896748537
2025-01-05 05:30:00,M01,MEO,5.720131921546088,0.24262912391681535,1.7665914093147201,0.3034780229728183
2025-01-05 05:45:00,M01,MEO,8.161424245639111,0.3989540093761321,2.7039954414044165,0.45252051567343543
2025-01-05 06:00:00,M01,MEO,0.9869826323475032,-0.0019172353427571764,-0.0437759447623811,0.04573184328042825
2025-01-05 06:15:00,M01,MEO,3.5451656091495574,0.10473708362289375,0.7716175559360211,0.2053952276584433
2025-01-05 06:30:00,M01,MEO,5.685298177480008,0.22506235554777937,1.6166517337235886,0.34874814281851146
2025-01-05 06:45:00,M01,MEO,8.415401191507156,0.3867260386320939,2.54873066549988,0.46884549939546755
2025-01-05 07:00:00,M01,MEO,0.6682172508190507,0.017518293613855117,-0.14568216146476193,0.08654728799983458
2025-01-05 07:15:00,M01,MEO,2.969912236215051,0.18635495170884353,0.6114006976581067,0.2093358800165097
2025-01-05 07:30:00,M01,MEO,5.009485405461691,0.27824599407586115,1.6038709901694177,0.34024014211282927
2025-01-05 07:45:00,M01,MEO,7.6799145087676655,0.40406175628501095,2.461283274317955,0.5259236659281101
2025-01-05 08:00:00,M01,MEO,0.4333008716494907,-0.0010650772002599026,-0.25516254238009317,0.05591437086567796
2025-01-05 08:15:00,M01,MEO,2.430506389089278,0.1557951911334577,0.5977176021712282,0.20454385859536953
2025-01-05 08:30:00,M01,MEO,5.109820335552932,0.26996775604818735,1.5064775947689648,0.3492508136224203
2025-01-05 08:45:00,M01,MEO,7.4491351997693664,0.4002686588800556,2.456292121767061,0.46277103064989983
2025-01-05 09:00:00,M01,MEO,-0.18805813944286712,0.031244242002503832,-0.357211121420823,0.06783550076907555
2025-01-05 09:15:00,M01,MEO,2.2793980567787426,0.12154830345607913,0.5819346228746849,0.18188528119960798
2025-01-05 09:30:00,M01,MEO,4.6337792576773555,0.2579097178514847,1.6233883775377704,0.305292161693907
2025-01-05 09:45:00,M01,MEO,7.160201746806781,0.44676843881597056,2.5541286982508917,0.4458406707560733
2025-01-05 10:00:00,M01,MEO,-0.7913345384434028,0.025304568799681043,-0.285352449985805,0.025309794994145485
2025-01-05 10:15:00,M01,MEO,1.388976144988836,0.13876878974935444,0.7176894520447913,0.15725620993796893
2025-01-05 10:30:00,M01,MEO,4.062485742691705,0.2805437322265678,1.626251228503116,0.28252890594778995
2025-01-05 10:45:00,M01,MEO,6.528038877858945,0.4049384157650213,2.593192595615504,0.39052276037392863
2025-01-05 11:00:00,M01,MEO,-0.9799250019383434,0.026003373742113783,-0.08096359179604543,-0.014576023998749243
2025-01-05 11:15:00,M01,MEO,1.477471099608185,0.14108495187617065,0.8400421182091673,0.10337853092563229
2025-01-05 11:30:00,M01,MEO,3.228590586541797,0.2613742677959298,1.8809301001044847,0.23598313399920628
2025-01-05 11:45:00,M01,MEO,6.344195196335269,0.37777934873804114,2.8094845757299107,0.3753550860620712
2025-01-05 12:00:00,M01,MEO,-0.8379887908855518,-0.025138865108179424,-0.004211522861534832,-0.03160627316330543
2025-01-05 12:15:00,M01,MEO,1.5264568576991995,0.13364406172556617,0.9669452407723585,0.05173919615796888
2025-01-05 12:30:00,M01,MEO,3.341308001651846,0.22702677350916092,2.048880042610285,0.1944448386810602
2025-01-05 12:45:00,M01,MEO,6.660088173333932,0.37428681478369674,2.9807754080254996,0.35221065139223484
2025-01-05 13:00:00,M01,MEO,-1.1050434135007148,-0.010529079247996634,0.2402497359796088,-0.06528928122452674
2025-01-05 13:15:00,M01,MEO,1.443780716140774,0.11739007898065935,1.0945005837380033,0.04508336828780755
2025-01-05 13:30:00,M01,MEO,4.6848836190414,0.23921830150638637,2.145124983157007,0.17304824988701173
2025-01-05 13:45:00,M01,MEO,6.685011837706268,0.3665126761374712,3.102316749756152,0.31292629977203035
2025-01-05 14:00:00,M01,MEO,0.015909389592566776,-0.008913844951265914,0.2452744455876229,-0.07890285361111359
2025-01-05 14:15:00,M01,MEO,1.9203656222967866,0.13343764752199588,1.1026377491667894,0.027075236871457273
2025-01-05 14:30:00,M01,MEO,4.672183442160877,0.22348617089833764,1.9777580137650115,0.1522997999566385
2025-01-05 14:45:00,M01,MEO,7.574678277657504,0.3637826325659545,3.1072527752172423,0.31347979228067374
2025-01-05 15:00:00,M01,MEO,0.03761138534700472,-0.01838097494144914,0.34587387674911596,-0.06098426496489266
2025-01-05 15:15:00,M01,MEO,2.729703569629209,0.10239041175883005,1.1423718280385287,0.04955858830003894
2025-01-05 15:30:00,M01,MEO,5.113401606188399,0.2322318714637427,2.114021785883384,0.22558918375518466
2025-01-05 15:45:00,M01,MEO,8.4498162133512,0.37173964868163384,3.1740875762362766,0.35072401270351283
2025-01-05 16:00:00,M01,MEO,0.5143859941899549,0.0010264940314741516,0.15278238863873694,-0.014552798968813818
2025-01-05 16:15:00,M01,MEO,3.0752577298671846,0.09228652295359475,1.0413951773167294,0.10188859914591443
2025-01-05 16:30:00,M01,MEO,5.372855516123258,0.24854668313135792,2.021087543434776,0.2377458549631269
2025-01-05 16:45:00,M01,MEO,8.179692354306695,0.37600182928152664,2.956404185711563,0.38308953644021043
2025-01-05 17:00:00,M01,MEO,1.1037208510803285,-0.02614724380470541,0.0013311801486271075,0.015119233133380495
2025-01-05 17:15:00,M01,MEO,3.3775706847860985,0.10762629729730519,0.8248846289593132,0.1457443708382707
2025-01-05 17:30:00,M01,MEO,5.654243994215413,0.2302420257042217,1.900183628414006,0.27457250344932077
2025-01-05 17:45:00,M01,MEO,8.762591053277733,0.36042528530196805,2.7666602923039676,0.4371889648586892
2025-01-05 18:00:00,M01,MEO,0.8850496465527712,0.03389634742661887,-0.055282039819189076,0.058991438878281045
2025-01-05 18:15:00,M01,MEO,3.1623131871738197,0.11190920229584471,0.7152013430300718,0.19498071520432703
2025-01-05 18:30:00,M01,MEO,5.778662288503838,0.2235453827675004,1.7629281995496893,0.3449812018411965
2025-01-05 18:45:00,M01,MEO,8.446588622779386,0.3887968761415466,2.5704835182097496,0.5060802558066445
2025-01-05 19:00:00,M01,MEO,0.8634185705352965,0.01957429406836319,-0.16629068718095946,0.10886532136906675
2025-01-05 19:15:00,M01,MEO,3.1240387632582616,0.14376530350410655,0.6590777623289864,0.20660928144467286
2025-01-05 19:30:00,M01,MEO,5.830415841535246,0.2504041214179838,1.5392879369034385,0.3367897587428034
2025-01-05 19:45:00,M01,MEO,8.17918632006988,0.37338798586712535,2.43841181626853,0.5053369929727348
2025-01-05 20:00:00,M01,MEO,0.5396317484629769,0.010332754776131542,-0.27218394432016724,0.10668076766054722
2025-01-05 20:15:00,M01,MEO,2.6941111439984593,0.13108570437052547,0.6373631305833569,0.19054474150782086
2025-01-05 20:30:00,M01,MEO,5.312550545683513,0.2787437074430792,1.517546132824721,0.3280440824164549
2025-01-05 20:45:00,M01,MEO,7.514445804455364,0.40603668664400444,2.575921625566071,0.46714879277122945
2025-01-05 21:00:00,M01,MEO,-0.17532527857027616,0.004044138875462736,-0.3684255199749293,0.09833116910491901
2025-01-05 21:15:00,M01,MEO,2.35015127283426,0.12366868008519559,0.6670666305890687,0.20477393881079506
2025-01-05 21:30:00,M01,MEO,4.39918484234894,0.27365175837125416,1.445829575020912,0.29850786732770024
2025-01-05 21:45:00,M01,MEO,6.394530357271141,0.4064502939975939,2.635994441426227,0.4269702761533663
2025-01-05 22:00:00,M01,MEO,-0.6219398320276821,0.007720943334682515,-0.22389094764184,0.02798134607476766
2025-01-05 22:15:00,M01,MEO,1.931879999815449,0.14129801857277413,0.6092708904479446,0.12702004643918285
2025-01-05 22:30:00,M01,MEO,4.022237452036099,0.2832052386350057,1.6671653852889274,0.2570405808748735
2025-01-05 22:45:00,M01,MEO,6.545100079058672,0.39704213541375294,2.709374509024969,0.38780146936989723
2025-01-05 23:00:00,M01,MEO,-1.0988007794877592,0.008947765191366495,-0.05285741562825401,-0.03687885082390243
2025-01-05 23:15:00,M01,MEO,1.4872044950696328,0.12018807819490633,0.9296526587353005,0.10768635763869261
2025-01-05 23:30:00,M01,MEO,4.051182850918615,0.24213762077659312,1.8845564695632249,0.21546637493518267
2025-01-05 23:45:00,M01,MEO,6.689471399855378,0.3856434954260881,2.845733490867576,0.348842052494314
2025-01-06 00:00:00,M01,MEO,-0.9297716662491259,-0.025794620518240767,0.039287938751887894,-0.053075307056962465
2025-01-06 00:15:00,M01,MEO,1.4582539018400014,0.08094071731596213,1.0277211113634133,0.05465923992826685
2025-01-06 00:30:00,M01,MEO,3.8475014075418508,0.2728527566513367,1.846034284397294,0.18089361408471277
2025-01-06 00:45:00,M01,MEO,6.467327267787586,0.37623003314998293,3.0410468297141064,0.332934648397141
2025-01-06 01:00:00,M01,MEO,-0.7495013924754617,0.00184834524313086,0.2573039002478748,-0.10245205940311027
2025-01-06 01:15:00,M01,MEO,1.4947495756997307,0.08922600298267683,1.0784127602123412,0.018207902970749337
2025-01-06 01:30:00,M01,MEO,4.560611714060672,0.23123065822854377,2.123978573633196,0.1535944968978057
2025-01-06 01:45:00,M01,MEO,6.765483594407996,0.3542436654967743,3.0506864248304137,0.30455091683095775
2025-01-06 02:00:00,M01,MEO,-0.13019828352784069,-0.01703932120000221,0.2912154241353384,-0.07839168979157374
2025-01-06 02:15:00,M01,MEO,2.0331626902279956,0.09902531853491309,1.1722109972686052,0.02484910289949737
2025-01-06 02:30:00,M01,MEO,4.439547887794901,0.2055823289793923,2.1832325699302833,0.21298174173743598
2025-01-06 02:45:00,M01,MEO,7.288821078272845,0.3655938309741776,3.043893427407868,0.32216419473413754
2025-01-06 03:00:00,M01,MEO,-0.18014340358602104,0.014608330056701346,0.27763953853915263,-0.07546163916894932
2025-01-06 03:15:00,M01,MEO,2.744076557944039,0.0977014789732198,1.0902827055454156,0.0530977672979535
2025-01-06 03:30:00,M01,MEO,5.334542713668059,0.2593868173875522,2.055554242771307,0.18375954029511607
2025-01-06 03:45:00,M01,MEO,8.169110275534164,0.37881396544762,3.0427272343429217,0.3509436321343198
2025-01-06 04:00:00,M01,MEO,0.9834281445460883,-0.021839390379046936,0.1320507633461296,-0.048846235903842794
2025-01-06 04:15:00,M01,MEO,3.104667172907293,0.08530300862768903,1.0672366819169656,0.10486599660249855
2025-01-06 04:30:00,M01,MEO,5.2263663909108375,0.2284593350429703,1.9352229347414938,0.2787972749856671
2025-01-06 04:45:00,M01,MEO,8.062117443267791,0.36646141022358314,3.0386093998059933,0.39518722781834476
2025-01-06 05:00:00,M01,MEO,0.8795777089973785,-0.04330703553823317,0.08234521427412027,0.024968803446191845
2025-01-06 05:15:00,M01,MEO,3.7965145211251388,0.14035362457688288,0.9421761020740674,0.13069728731172098
2025-01-06 05:30:00,M01,MEO,6.057365417472939,0.23475747055448276,1.8262861077721197,0.3010238986337561
2025-01-06 05:45:00,M01,MEO,8.59085690895192,0.36717209597703704,2.7614201871628645,0.4660289179860225
2025-01-06 06:00:00,M01,MEO,1.176558431339368,0.01554746380024418,-0.00482436145477412,0.07012319144642148
2025-01-06 06:15:00,M01,MEO,3.2015913876796573,0.0803616057698485,0.850603376543447,0.20069872860274574
2025-01-06 06:30:00,M01,MEO,5.60976175613002,0.2837506068145324,1.6113865075580767,0.35151219278896545
2025-01-06 06:45:00,M01,MEO,8.487285463805087,0.37989968042525435,2.6592183049363487,0.4651384552157334
2025-01-06 07:00:00,M01,MEO,0.7991546366885227,0.023862003340650653,-0.2203882680097875,0.08767082024131015
2025-01-06 07:15:00,M01,MEO,2.8298748241348224,0.11341221250457977,0.6741998281621634,0.19251224511082174
2025-01-06 07:30:00,M01,MEO,5.635268737489565,0.28131961007436185,1.6402739513346836,0.36367600319099824
2025-01-06 07:45:00,M01,MEO,8.046428708798405,0.4078059333301497,2.5953827502432434,0.4843662560103717
2025-01-06 08:00:00,M01,MEO,0.3826474037962155,0.005367550768328799,-0.28336886198294686,0.09899298728374399
2025-01-06 08:15:00,M01,MEO,2.5981232533354497,0.14951593209665706,0.6773472683213572,0.21501736415773498
2025-01-06 08:30:00,M01,MEO,4.74570224259132,0.26628298016348784,1.448952207733038,0.36562377473818974
2025-01-06 08:45:00,M01,MEO,7.4948421043385665,0.40552007262576284,2.62089091354377,0.45977880044285546
2025-01-06 09:00:00,M01,MEO,-0.39644035027219143,0.0264991465272431,-0.21594890783475354,0.06421667166654366
2025-01-06 09:15:00,M01,MEO,2.0941958034694905,0.15417479143301485,0.5525163919738694,0.189818970221704
2025-01-06 09:30:00,M01,MEO,4.329118079187279,0.2661218625593677,1.6635100554871114,0.31766756834102455
2025-01-06 09:45:00,M01,MEO,6.509050248509185,0.41902442537604506,2.6489632714584954,0.4469636181555732
2025-01-06 10:00:00,M01,MEO,-0.5582185952889315,0.031761371306651104,-0.3163866287063727,0.02269058708611077
2025-01-06 10:15:00,M01,MEO,1.5063529061086915,0.1028586669093415,0.7750778464841152,0.14186633654856437
2025-01-06 10:30:00,M01,MEO,4.529236760038534,0.25069966377914893,1.7341679621695747,0.2799729592959817
2025-01-06 10:45:00,M01,MEO,7.098291781694805,0.39763941657696544,2.739861599528237,0.36899870852996597
2025-01-06 11:00:00,M01,MEO,-1.0692649524037863,0.0033813935283227227,-0.08490154488845225,0.01685927425478937
2025-01-06 11:15:00,M01,MEO,1.5894638093127453,0.14348864141378193,0.8208627216050876,0.09426710795657856
2025-01-06 11:30:00,M01,MEO,3.5453892974684744,0.23961443742890187,1.7888464564239386,0.2300633559812721
2025-01-06 11:45:00,M01,MEO,6.2098576001625,0.38241419758848194,2.8606033222545135,0.36312650138124347
2025-01-06 12:00:00,M01,MEO,-1.6234525343939046,-0.004093353003370623,0.1593066988664853,-0.06345957416277694
2025-01-06 12:15:00,M01,MEO,1.3131091711453755,0.12428262225885388,1.0679395007868961,0.07560187979710288
2025-01-06 12:30:00,M01,MEO,3.973100077080999,0.24550917473808648,2.0020546917695263,0.18090987752402143
2025-01-06 12:45:00,M01,MEO,6.704298652567213,0.3840317391871273,3.000666020242344,0.3331790711621666
2025-01-06 13:00:00,M01,MEO,-0.538557330555212,-0.028697444347746043,0.2035856838174057,-0.09140227602832679
2025-01-06 13:15:00,M01,MEO,1.9336287752687218,0.0933020720495761,1.1106642267666866,0.0205906100935898
2025-01-06 13:30:00,M01,MEO,3.9045260634983205,0.21824032632579557,2.156499527000813,0.14391506618919825
2025-01-06 13:45:00,M01,MEO,7.062171587325469,0.3687904920683073,3.051184994859288,0.30274050414858256
2025-01-06 14:00:00,M01,MEO,-0.27150148097831706,-0.008299241265736612,0.3395598212146578,-0.08063694728587809
2025-01-06 14:15:00,M01,MEO,2.132606877091483,0.10142858899827568,1.129067145073014,0.04367411845123425
2025-01-06 14:30:00,M01,MEO,4.906987366666059,0.22491644074980685,2.1169342875988253,0.20747972364679973
2025-01-06 14:45:00,M01,MEO,7.835811772066062,0.34419420080175966,3.1111053276720475,0.3043067965690068
2025-01-06 15:00:00,M01,MEO,0.1787626503530137,-0.005175489209800094,0.3275284616336242,-0.07448056614354163
2025-01-06 15:15:00,M01,MEO,2.576078351328166,0.12757925748881566,1.1531496222138091,0.04852051074728953
2025-01-06 15:30:00,M01,MEO,5.520778406989927,0.23230086537785943,2.065552137146081,0.19503285526546524
2025-01-06 15:45:00,M01,MEO,7.9318051626983905,0.3556604251185773,3.043591308094803,0.36673037581263274
2025-01-06 16:00:00,M01,MEO,0.5235101843828783,-0.02036569312516608,0.14250245401897899,-0.04373513291193574
2025-01-06 16:15:00,M01,MEO,3.0419990965378214,0.11214746415035107,0.929175801522965,0.09851128116983952
2025-01-06 16:30:00,M01,MEO,5.641675124320057,0.23301384098753558,1.9511984824280675,0.26006009350446607
2025-01-06 16:45:00,M01,MEO,8.313418644294078,0.4160113233648791,2.960465612818522,0.40073022814207987
2025-01-06 17:00:00,M01,MEO,0.9872353857073896,0.021423059150840383,0.03858379049415292,-0.007544291461123179
2025-01-06 17:15:00,M01,MEO,3.673371312958854,0.09680428516056108,0.9274942571045881,0.1553298181501886
2025-01-06 17:30:00,M01,MEO,5.6600483546004625,0.2515268429876368,1.8300685631701172,0.28750362299845234
2025-01-06 17:45:00,M01,MEO,8.647476789036062,0.39880280407722785,2.7474835855841895,0.4633050365704248
2025-01-06 18:00:00,M01,MEO,0.7873304092402865,-0.018907119270403516,-0.0730210672465188,0.06940608260773522
2025-01-06 18:15:00,M01,MEO,3.31431040868169,0.12847888210689756,0.7319685351137689,0.1850413968585461
2025-01-06 18:30:00,M01,MEO,5.710790325051897,0.25632134208451574,1.6484615742048778,0.33420379325839866
2025-01-06 18:45:00,M01,MEO,8.444671068268814,0.3934115351255765,2.741763882913334,0.4737445547030421
2025-01-06 19:00:00,M01,MEO,0.5255791095563146,0.00123994764930102,-0.2339646480458991,0.07434528631081351
2025-01-06 19:15:00,M01,MEO,3.02916490378196,0.13379103231261963,0.6286370415855579,0.22223960534269505
2025-01-06 19:30:00,M01,MEO,5.59111697155758,0.26083857360201834,1.4323789821781674,0.3300471974146419
2025-01-06 19:45:00,M01,MEO,7.775031726657607,0.39923256813298896,2.55650188442777,0.49456034340504895
2025-01-06 20:00:00,M01,MEO,0.492323307445962,0.0032492470125480887,-0.23345746971280623,0.09835454379724125
2025-01-06 20:15:00,M01,MEO,2.502991702135367,0.12998138341202128,0.623704320651522,0.21596276623057348
2025-01-06 20:30:00,M01,MEO,4.673746836742789,0.2812896739472224,1.5131997766009002,0.35157783026696715
2025-01-06 20:45:00,M01,MEO,7.469657592978905,0.39688821811147484,2.5638222379959066,0.5347058976560507
2025-01-06 21:00:00,M01,MEO,-0.27101404746237356,0.004791433119951077,-0.22060966236313584,0.04590628443513492
2025-01-06 21:15:00,M01,MEO,1.9901666601665364,0.12463635159463762,0.5617220336869855,0.20146501043749898
2025-01-06 21:30:00,M01,MEO,4.006013205350885,0.27552542603391755,1.6022712290778744,0.33096693921812137
2025-01-06 21:45:00,M01,MEO,6.851114409037055,0.4150998909174104,2.670143756414822,0.4411263221626981
2025-01-06 22:00:00,M01,MEO,-0.6091992532931391,0.018916113190006873,-0.22245117036519338,0.012332402557909863
2025-01-06 22:15:00,M01,MEO,1.666283262180751,0.1513048319823135,0.8126175724011118,0.14061434278778615
2025-01-06 22:30:00,M01,MEO,4.152710894488384,0.28116360191599654,1.6533065783930698,0.2608650163624647
2025-01-06 22:45:00,M01,MEO,6.79184064307583,0.4195885504476899,2.7470363053049995,0.4033653270277948
2025-01-06 23:00:00,M01,MEO,-1.6168782640719386,-0.005883742488959721,-0.06802713397326098,-0.015285376478982041
2025-01-06 23:15:00,M01,MEO,1.4073934010834597,0.11949434125730908,0.7956034211522743,0.07584573053505343
2025-01-06 23:30:00,M01,MEO,4.0006959724392575,0.31135201081881986,1.808784630178201,0.23039781830702832
2025-01-06 23:45:00,M01,MEO,6.122263156839683,0.3847531996931143,2.839970923514176,0.3470948243479344
2025-01-07 00:00:00,M01,MEO,-1.0752048931215765,0.0031348008118386034,0.1357403178395264,-0.07040769068494118
2025-01-07 00:15:00,M01,MEO,1.2174492176334217,0.08226275992208812,1.0520214264691519,0.0480133810943398
2025-01-07 00:30:00,M01,MEO,3.976163374987823,0.23220872299991047,1.8824284456532168,0.198349576037338
2025-01-07 00:45:00,M01,MEO,6.692715994559873,0.3922291930384592,2.9889160994832937,0.3189745211352589
2025-01-07 01:00:00,M01,MEO,-0.9186147522982149,-0.01123373550012168,0.3466893589976434,-0.09840125481694316
2025-01-07 01:15:00,M01,MEO,1.4887523942415237,0.07852648399693271,1.1495098954228322,0.021158629144246356
2025-01-07 01:30:00,M01,MEO,4.501325168777665,0.2436561709572487,2.065189942363412,0.17469260046179821
2025-01-07 01:45:00,M01,MEO,7.003492682833917,0.3696744272056519,3.116625873500796,0.336046458167437
2025-01-07 02:00:00,M01,MEO,0.014561899797121344,-0.011972438553563116,0.22378446310193842,-0.10217661217178488
2025-01-07 02:15:00,M01,MEO,1.9330272053048618,0.08314034290240968,1.1793473593250905,0.04197455613474797
2025-01-07 02:30:00,M01,MEO,4.871786029581282,0.22883447072520802,2.1500597109117576,0.1783425427892913
2025-01-07 02:45:00,M01,MEO,7.267344767325967,0.3584425169953235,3.158846839087594,0.32866943551377853
2025-01-07 03:00:00,M01,MEO,0.30918453876861657,0.0035193933321744386,0.17708331454012916,-0.06663188244799641
2025-01-07 03:15:00,M01,MEO,2.5520066786881057,0.12005081098239224,1.2197345824124135,0.06309971745397902
2025-01-07 03:30:00,M01,MEO,5.481681700759949,0.23309454208812558,2.059427326930967,0.20151582214450278
2025-01-07 03:45:00,M01,MEO,7.9501957936202725,0.3374941713439255,3.0853173528037905,0.373654065863213
2025-01-07 04:00:00,M01,MEO,0.9462156955116617,0.000858287137029937,0.2593106755975152,-0.03359488659013256
2025-01-07 04:15:00,M01,MEO,3.0385626871839486,0.12751933199931303,0.9966251021923167,0.1330950751388192
2025-01-07 04:30:00,M01,MEO,5.604580450397946,0.25922598674784164,1.886914954669361,0.22617417034181614
2025-01-07 04:45:00,M01,MEO,8.428524038312602,0.34402896127679683,2.885539277540118,0.40138720351529905
2025-01-07 05:00:00,M01,MEO,1.2086001740362167,-0.012779064726002421,0.035346102711710924,0.030950119679242216
2025-01-07 05:15:00,M01,MEO,3.2258176470818802,0.13657572043639474,0.7700772649322608,0.13327000068216244
2025-01-07 05:30:00,M01,MEO,5.5955780092882454,0.24889757510598776,1.7822192684858835,0.3044940796308426
2025-01-07 05:45:00,M01,MEO,8.125330012756555,0.3970326861608274,2.7963038029716416,0.43619608381645103
2025-01-07 06:00:00,M01,MEO,1.0162342540794316,0.026508999645549446,-0.19547780349106655,0.07303408864922954
2025-01-07 06:15:00,M01,MEO,3.4700312318230107,0.12421192465982434,0.7270836638020438,0.1985733510174844
2025-01-07 06:30:00,M01,MEO,5.8089109713043205,0.25114253834911854,1.6499141760798999,0.3223793628363961
2025-01-07 06:45:00,M01,MEO,8.326480132601109,0.38261990663386775,2.5510739273532863,0.46981301962190436
2025-01-07 07:00:00,M01,MEO,0.5995111249219103,-0.009346503923337012,-0.178719546497652,0.07553276539954443
2025-01-07 07:15:00,M01,MEO,3.5872141304642002,0.13599194151818209,0.6678930725059824,0.22327453406630854
2025-01-07 07:30:00,M01,MEO,5.443917897573482,0.2671861010355689,1.6436073600044148,0.3560003826681143
2025-01-07 07:45:00,M01,MEO,7.6157211236425395,0.37448944190862204,2.4737538860917256,0.48855863798524046
2025-01-07 08:00:00,M01,MEO,0.4244206955629142,0.01341525783049246,-0.31211304354599917,0.08012153695759502
2025-01-07 08:15:00,M01,MEO,2.763608934995025,0.09675022231110966,0.6083199617405347,0.22059824792248253
2025-01-07 08:30:00,M01,MEO,4.789419199095881,0.27608291724702627,1.536854232649782,0.3378373356409649
2025-01-07 08:45:00,M01,MEO,7.740020106527924,0.42583989684673956,2.601842394702964,0.4913978525293195
2025-01-07 09:00:00,M01,MEO,-0.43272722560325877,0.05131196592897122,-0.25603537971611684,0.09234996284505426
2025-01-07 09:15:00,M01,MEO,2.308406725821552,0.13188505881404167,0.5476144978002717,0.17020167290400662
2025-01-07 09:30:00,M01,MEO,4.685653628813984,0.27434880132319794,1.6152255182381665,0.29304801559961324
2025-01-07 09:45:00,M01,MEO,6.816349982628613,0.39949504144130227,2.676383714883087,0.42432196954093515
2025-01-07 10:00:00,M01,MEO,-1.1466431530042798,0.04054131460508232,-0.25972485650907423,0.023591353617598364
2025-01-07 10:15:00,M01,MEO,1.4044475598343926,0.09691284735095575,0.6965684163581134,0.15667212986486798
2025-01-07 10:30:00,M01,MEO,4.0196552956220515,0.25648865391734693,1.6332823927457147,0.27131346871142686
2025-01-07 10:45:00,M01,MEO,6.699493297399412,0.3947592290161211,2.744058154788519,0.38885506848793605
2025-01-07 11:00:00,M01,MEO,-0.9711005155612891,0.04302038379279049,-0.010946506257025368,-0.027261128414230302
2025-01-07 11:15:00,M01,MEO,1.3165438913862533,0.11279433960191772,0.8867901959317795,0.08995009494194522
2025-01-07 11:30:00,M01,MEO,3.39028158658364,0.2297594149961865,1.7942446654691202,0.21300476907811478
2025-01-07 11:45:00,M01,MEO,6.433591214728091,0.39532615673006855,2.7635040697787416,0.3604563891129063
2025-01-07 12:00:00,M01,MEO,-0.8317577420340476,0.00451538406203667,0.12052637255620335,-0.07086044914625647
2025-01-07 12:15:00,M01,MEO,1.1028144674639413,0.10380330377010279,1.0690664305989026,0.05821575847441712
2025-01-07 12:30:00,M01,MEO,3.4642716488394747,0.25708434634093347,1.986652235636878,0.1758044850729493
2025-01-07 12:45:00,M01,MEO,6.540335933980966,0.3624442079042172,3.0314252249885305,0.3043624514848407
2025-01-07 13:00:00,M01,MEO,-0.7881474776181002,0.003816365762742682,0.2616662673282427,-0.08798991495468213
2025-01-07 13:15:00,M01,MEO,1.9813773942276378,0.12462461194935652,1.1316060228073024,0.020389014231004497
2025-01-07 13:30:00,M01,MEO,4.142615113822596,0.20606776079411157,2.091489823533532,0.16528915474643444
2025-01-07 13:45:00,M01,MEO,6.89706472507203,0.3811035922958694,3.2178807280126014,0.3259934766118686
2025-01-07 14:00:00,M01,MEO,-0.518981601145198,-0.054850999143624166,0.25169452833456774,-0.07309071573833954
2025-01-07 14:15:00,M01,MEO,2.1433993099299435,0.12489690666098979,1.1635687611350989,0.06798276460035774
2025-01-07 14:30:00,M01,MEO,4.940539686271162,0.24123136492663835,2.1113510518447463,0.17095621664501265
2025-01-07 14:45:00,M01,MEO,8.038902031138749,0.36642141290540853,3.081175280768963,0.33288846936126426
2025-01-07 15:00:00,M01,MEO,0.08500125155788463,0.02200886646258154,0.2964198109820936,-0.04884923182747593
2025-01-07 15:15:00,M01,MEO,2.7626955608311996,0.11242964855629177,1.198255941116582,0.08479175540472379
2025-01-07 15:30:00,M01,MEO,5.134500246333752,0.22051026629060175,2.021930369776712,0.2021197220920944
2025-01-07 15:45:00,M01,MEO,8.206884397070548,0.3434569653786937,2.9637254516602365,0.3554401072189529
2025-01-07 16:00:00,M01,MEO,0.6920595199843704,0.002298541884294779,0.14370605063737366,-0.0520332808121743
2025-01-07 16:15:00,M01,MEO,2.863701189132283,0.07593598680184072,0.9966835378910687,0.1169612417792643
2025-01-07 16:30:00,M01,MEO,5.436617410785838,0.24146450962416025,2.038969502507467,0.23692805091861996
2025-01-07 16:45:00,M01,MEO,8.469400583397208,0.3503326664554566,2.9027432082635953,0.4267216826025137
2025-01-07 17:00:00,M01,MEO,0.8008456485881412,0.020559159257218327,0.011747568797540152,0.02452948143409023
2025-01-07 17:15:00,M01,MEO,3.310897788905465,0.12955386201327665,0.8902659339041371,0.15673267102648955
2025-01-07 17:30:00,M01,MEO,5.848743829536462,0.2655442459588776,1.7650289852862464,0.30351868074689015
2025-01-07 17:45:00,M01,MEO,8.645684249995455,0.3866583514951008,2.751161028818795,0.44993515287061886
2025-01-07 18:00:00,M01,MEO,0.9013020302799084,-0.009615780885642938,-0.13021320891264473,0.034816953009118225
2025-01-07 18:15:00,M01,MEO,3.0892131317221128,0.13938152874810356,0.7295550925095852,0.181551582085067
2025-01-07 18:30:00,M01,MEO,5.574014603038236,0.2729022961498315,1.6481638389201296,0.3304769602876164
2025-01-07 18:45:00,M01,MEO,8.344091496745113,0.3870178802667738,2.6973404707596025,0.46719695069484773
2025-01-07 19:00:00,M01,MEO,0.9249284790473139,0.003317817790778962,-0.21198348014299245,0.09088514838823551
2025-01-07 19:15:00,M01,MEO,2.8966515141160216,0.106434340803192,0.6682377351055986,0.20530977511690532
2025-01-07 19:30:00,M01,MEO,5.492259995615889,0.2437607030002019,1.5694843782104475,0.3488875592291989
2025-01-07 19:45:00,M01,MEO,7.426209581629541,0.3974841029432793,2.577774015101355,0.5009932690370491
2025-01-07 20:00:00,M01,MEO,0.01457426009763707,-0.00698019701762026,-0.27192265689171125,0.07551802267896995
2025-01-07 20:15:00,M01,MEO,2.9652638090075376,0.11346185334163235,0.6552717076890818,0.21212416859154565
2025-01-07 20:30:00,M01,MEO,4.807831760345081,0.23670961854939945,1.5564903338625824,0.34356968661814474
2025-01-07 20:45:00,M01,MEO,7.448770244248498,0.3960648169562638,2.6715103106979305,0.48346936680460584
2025-01-07 21:00:00,M01,MEO,-0.37164551347736186,0.02674477892823433,-0.26749314234356436,0.04506872711068137
2025-01-07 21:15:00,M01,MEO,1.7466262131682289,0.13272695316343636,0.6818454803618674,0.1919208762766474
2025-01-07 21:30:00,M01,MEO,4.180483423719009,0.254137336785486,1.6144704831913221,0.282239104357585
2025-01-07 21:45:00,M01,MEO,6.618909735421035,0.41401678567576655,2.534554011247478,0.4357360819637151
2025-01-07 22:00:00,M01,MEO,-0.6447308276719725,0.0017742232879424946,-0.21616444130558538,0.030957650760440398
2025-01-07 22:15:00,M01,MEO,1.433454922158695,0.15786169862355431,0.8049993278489586,0.16832176308428554
2025-01-07 22:30:00,M01,MEO,4.234675786835837,0.2810648604820387,1.7491246876484443,0.25875688933248053
2025-01-07 22:45:00,M01,MEO,6.387177163373965,0.4128300612673459,2.8091353361361873,0.39597256610967174
2025-01-07 23:00:00,M01,MEO,-1.001017170934317,0.020330195878874573,-0.09114171175145501,-0.03636693571111996
2025-01-07 23:15:00,M01,MEO,1.6378032507983127,0.14111111184638223,0.8610199391605846,0.0868975361351896
2025-01-07 23:30:00,M01,MEO,3.5821883610024545,0.24502746690811505,1.912608525048184,0.21597925387277542
2025-01-07 23:45:00,M01,MEO,6.82054337725178,0.3735733017151095,2.7780103055427814,0.342352844590817
2025-01-08 00:00:00,M01,MEO,-0.8561509800842872,-0.026587182926663497,0.20952371474304857,-0.06260179941419873
2025-01-08 00:15:00,M01,MEO,1.3237534236761306,0.11769704421964998,0.9549853524232657,0.06005248460498988
2025-01-08 00:30:00,M01,MEO,3.84378556160195,0.2525838164961699,1.9514697751420174,0.1711278033986576
2025-01-08 00:45:00,M01,MEO,6.646956052573427,0.3648522326247721,3.101525203751243,0.33217573944433104
2025-01-08 01:00:00,M01,MEO,-0.9152284910941259,0.007141101035866123,0.20028493832495153,-0.0972756727799415
2025-01-08 01:15:00,M01,MEO,1.7914736326494636,0.08941857505878859,1.1758470999162745,0.03764786156333912
2025-01-08 01:30:00,M01,MEO,4.1573821497161685,0.23999192405613423,1.9908884706512626,0.16955025962497228
2025-01-08 01:45:00,M01,MEO,7.180554580457059,0.34374527924031684,3.093985197333891,0.32484604035851083
2025-01-08 02:00:00,M01,MEO,-0.23540248442053313,-0.03452537887973527,0.3053551388457951,-0.08039222760797535
2025-01-08 02:15:00,M01,MEO,1.9672532034832495,0.1323751409929498,1.0595125585394733,0.04137472288266608
2025-01-08 02:30:00,M01,MEO,4.867326423685392,0.24270808380632558,2.141906583639147,0.17966658775871555
2025-01-08 02:45:00,M01,MEO,7.493265199911872,0.3419142206976051,3.060407353861735,0.33076234803621873
2025-01-08 03:00:00,M01,MEO,0.5094502203112,0.005833641962847707,0.2180208690661186,-0.048988831754376495
2025-01-08 03:15:00,M01,MEO,2.9495932767875583,0.08043665155936038,1.140564997012026,0.08041677561240018
2025-01-08 03:30:00,M01,MEO,5.6469101728073765,0.2361849589127875,2.168048062310581,0.21547802749869807
2025-01-08 03:45:00,M01,MEO,8.228569113273645,0.3582649202263461,2.9882899304656254,0.39245244198608076
2025-01-08 04:00:00,M01,MEO,0.5379483348851182,-0.01289807108641727,0.1479566910568247,-0.029699125197642444
2025-01-08 04:15:00,M01,MEO,3.0742846743243293,0.1257613351399407,1.0322196713504181,0.09107783752732113
2025-01-08 04:30:00,M01,MEO,6.105748237481033,0.2594427007618973,1.9225809211205673,0.2718567903102411
2025-01-08 04:45:00,M01,MEO,8.698575221483079,0.3602365607823172,2.7828101612128586,0.4253505150287911
2025-01-08 05:00:00,M01,MEO,0.9807924590616445,-0.020342722595920116,0.04014591255193172,0.02404410823108452
2025-01-08 05:15:00,M01,MEO,3.5454243559908325,0.08582874876930645,0.9222770933790883,0.16611931116457712
2025-01-08 05:30:00,M01,MEO,6.290678097429415,0.2542745243896283,1.866173747844771,0.3051325094075998
2025-01-08 05:45:00,M01,MEO,8.718690199580536,0.3651632664353879,2.774180171638765,0.46081524281940656
2025-01-08 06:00:00,M01,MEO,0.8696052706026876,0.009562066580887069,-0.049184638074890874,0.05723632416143534
2025-01-08 06:15:00,M01,MEO,3.6730339325396266,0.10911458543518372,0.7816909059874476,0.20023138350041172
2025-01-08 06:30:00,M01,MEO,5.9194035814324915,0.27376993991508874,1.702082522438503,0.3360763438007245
2025-01-08 06:45:00,M01,MEO,7.8863121747292615,0.373900345031471,2.663187997358572,0.4684003738974414
2025-01-08 07:00:00,M01,MEO,0.6066164614297361,0.029307578824086734,-0.19534353788196848,0.08282797576577111
2025-01-08 07:15:00,M01,MEO,2.4940301802469866,0.1626265795805022,0.7234373382835051,0.19065821055614848
2025-01-08 07:30:00,M01,MEO,5.341723174843374,0.2640330811376914,1.583337299682385,0.33085454286847227
2025-01-08 07:45:00,M01,MEO,7.646939977410284,0.39338555354304117,2.5064001372839995,0.46842996047181185
2025-01-08 08:00:00,M01,MEO,0.305488784801737,0.019380778598564404,-0.2663716976841418,0.08465207790098998
2025-01-08 08:15:00,M01,MEO,2.4759663509224197,0.1255938857139464,0.6565821446472924,0.18368043362832048
2025-01-08 08:30:00,M01,MEO,4.778694919276159,0.2680430310432772,1.421526485146587,0.3341993059302557
2025-01-08 08:45:00,M01,MEO,7.485102687784444,0.39397206116079575,2.6203488928778955,0.48095230275150436
2025-01-08 09:00:00,M01,MEO,0.062241830988795474,0.016087053052052287,-0.2779294339007514,0.06623613667108544
2025-01-08 09:15:00,M01,MEO,1.8505974250670358,0.14113069272377948,0.5694744056609133,0.19901110120854223
2025-01-08 09:30:00,M01,MEO,4.480031410764019,0.2512858829357693,1.5792360847475102,0.30902803540383716
2025-01-08 09:45:00,M01,MEO,6.953203303553275,0.4323187587529655,2.5937333018582445,0.4320655107278578
2025-01-08 10:00:00,M01,MEO,-0.7962340873332175,0.019831233070680347,-0.19724357259130249,0.005074228884925293
2025-01-08 10:15:00,M01,MEO,1.480338755968687,0.1535519916269199,0.6605276191347971,0.11066078675344072
2025-01-08 10:30:00,M01,MEO,4.139930750173035,0.2736249633680064,1.7242288948714972,0.26712171969194404
2025-01-08 10:45:00,M01,MEO,6.47598630310348,0.41366658567444076,2.6792107537268843,0.3755339905289736
2025-01-08 11:00:00,M01,MEO,-1.2313154300811433,0.015206500703172091,0.11346584032390333,-0.011705054117917314
2025-01-08 11:15:00,M01,MEO,0.8647480462489068,0.14958544486783204,0.8659669110455591,0.0948345938251635
2025-01-08 11:30:00,M01,MEO,4.077330969642503,0.2726889439061471,1.8172065751209814,0.2197930128747605
2025-01-08 11:45:00,M01,MEO,6.61052153889946,0.3766709135645787,2.869194878294011,0.35709541451726223
2025-01-08 12:00:00,M01,MEO,-0.7264661325705944,0.010114149701726905,0.15164435652354438,-0.05775241256471
2025-01-08 12:15:00,M01,MEO,1.62662362210003,0.1226669066875155,0.9847306338522714,0.05696299439270561
2025-01-08 12:30:00,M01,MEO,3.964369197687069,0.23510924560401206,1.994189032886401,0.1942761422668287
2025-01-08 12:45:00,M01,MEO,6.375288720718063,0.3668110714981562,3.0003467865978193,0.31063728473449603
2025-01-08 13:00:00,M01,MEO,-0.552239131814152,-0.043401567906157235,0.2273037571104992,-0.0903949312197572
2025-01-08 13:15:00,M01,MEO,1.8987294968280706,0.09517635942575187,1.1133284388264821,0.01766413646005921
2025-01-08 13:30:00,M01,MEO,4.46932914938765,0.22062961069254508,1.9834700659903728,0.16118165773212353
2025-01-08 13:45:00,M01,MEO,7.333053549591856,0.37089486101305075,3.0035098785145395,0.304868862571235
2025-01-08 14:00:00,M01,MEO,-0.1800136526664231,-0.017268093695662227,0.3261425094814943,-0.10998853223065923
2025-01-08 14:15:00,M01,MEO,2.3669047091630624,0.1016577774281366,1.2233962951052657,0.05684711835309841
2025-01-08 14:30:00,M01,MEO,5.0990249191021135,0.2226262050049892,2.151651161489828,0.17585762961408266
2025-01-08 14:45:00,M01,MEO,7.5246755228808695,0.3694258243138143,2.9780124316455323,0.3364309690619407
2025-01-08 15:00:00,M01,MEO,0.16407213608832105,-0.024635475301822654,0.28489764566644005,-0.06597828196592483
2025-01-08 15:15:00,M01,MEO,2.802745019419518,0.10522833768151149,1.0384115873230508,0.0786262948013703
2025-01-08 15:30:00,M01,MEO,5.431952248268565,0.20282326210358842,2.020101582330539,0.21336342552138451
2025-01-08 15:45:00,M01,MEO,8.24137126133858,0.3627226944514451,3.085693785541234,0.3566969844701541
2025-01-08 16:00:00,M01,MEO,0.8511854707200399,0.01044099436113969,0.2158641825322506,-0.03840864644040396
2025-01-08 16:15:00,M01,MEO,3.5836253313472417,0.08052688713755506,1.058984745148664,0.10650907068987536
2025-01-08 16:30:00,M01,MEO,5.738130197495234,0.23749858035572396,1.9004849156372152,0.25143595610416225
2025-01-08 16:45:00,M01,MEO,8.768552463141578,0.3817787217830341,2.8084841560479905,0.40965195796433757
2025-01-08 17:00:00,M01,MEO,1.0775427686753012,-0.0016549704968301813,0.03666769413688782,0.012410077483269742
2025-01-08 17:15:00,M01,MEO,3.072431045917587,0.11071278883170547,0.8185340054117973,0.15278183379090055
2025-01-08 17:30:00,M01,MEO,5.680478446792885,0.23458477298543706,1.7699091714344646,0.31174489426691454
2025-01-08 17:45:00,M01,MEO,8.741814674059727,0.395120688311659,2.737041507000361,0.4689471220627896
2025-01-08 18:00:00,M01,MEO,1.0829232289737276,0.01067247753898556,-0.05977412779389452,0.0834529957577892
2025-01-08 18:15:00,M01,MEO,3.4774488655588853,0.1115798042940198,0.7995627447232452,0.18620911064473986
2025-01-08 18:30:00,M01,MEO,5.856973214310961,0.28298579930460793,1.6950209608025166,0.3483993326343575
2025-01-08 18:45:00,M01,MEO,8.171893598853764,0.3991298102898257,2.592753490435557,0.4962257377381055
2025-01-08 19:00:00,M01,MEO,0.7663213519562662,0.0051662788048547695,-0.23801031860018343,0.07334132511977724
2025-01-08 19:15:00,M01,MEO,3.1417193395050034,0.1665207150920066,0.6489720463357781,0.19663192944573668
2025-01-08 19:30:00,M01,MEO,5.375726860248108,0.2608214155598841,1.4445159855651624,0.3561982345590084
2025-01-08 19:45:00,M01,MEO,8.333872036296935,0.40163983871232634,2.5321028196067883,0.499407754962793
2025-01-08 20:00:00,M01,MEO,0.5905520288416571,0.009520936184794751,-0.2688836339591078,0.0474917073293913
2025-01-08 20:15:00,M01,MEO,2.080420042372652,0.1754073852377679,0.541454344288467,0.2092805385454364
2025-01-08 20:30:00,M01,MEO,5.119515925773793,0.2799372500771337,1.6139464691717182,0.3294179896159402
2025-01-08 20:45:00,M01,MEO,7.428479051307333,0.42549584235939175,2.4529919165482954,0.4718308036929581
2025-01-08 21:00:00,M01,MEO,-0.5061783481898195,0.013062751790778515,-0.287575721329651,0.09155362711964168
2025-01-08 21:15:00,M01,MEO,1.8066634650783127,0.1300794987430248,0.5363174530811213,0.17982114152456513
2025-01-08 21:30:00,M01,MEO,4.162840984405723,0.2762195814062079,1.482385783915059,0.32218890623024693
2025-01-08 21:45:00,M01,MEO,7.075128250236455,0.4015457757229521,2.6222354140897663,0.4400535668981507
2025-01-08 22:00:00,M01,MEO,-1.0528478880859002,0.019177761470958503,-0.2548875108792336,0.02500787947964908
2025-01-08 22:15:00,M01,MEO,1.4973999928110828,0.1545304721118979,0.6798005407141368,0.1351958138397177
2025-01-08 22:30:00,M01,MEO,4.048454649541474,0.26222218739578884,1.7219346101865283,0.2630312915998914
2025-01-08 22:45:00,M01,MEO,6.62131861975877,0.40634597049788,2.688164950061108,0.369747617462263
2025-01-08 23:00:00,M01,MEO,-0.9995514791842818,0.027132845589642116,-0.04362272557248525,-0.022729293944159394
2025-01-08 23:15:00,M01,MEO,0.9036763431846372,0.08441883870618036,0.9750529898526459,0.08779918777388633
2025-01-08 23:30:00,M01,MEO,3.745340442140307,0.2680625589014141,1.841327286073307,0.1951828175835869
2025-01-08 23:45:00,M01,MEO,6.431069654605875,0.37708095857074037,2.861143038954502,0.34766166030789136
2025-01-01 00:00:00,M02,MEO,0.8093387480160263,0.024863970587979477,-0.09921786728526119,-0.005585667893830223
2025-01-01 00:15:00,M02,MEO,3.1904934499234185,0.1710280050339475,0.910451350971524,0.07661102928179626
2025-01-01 00:30:00,M02,MEO,6.167035745024477,0.3463347585070495,1.8445341721796067,0.19310698015243932
2025-01-01 00:45:00,M02,MEO,9.604515033137472,0.5291992492935071,2.9274457382361803,0.2910809388917152
2025-01-01 01:00:00,M02,MEO,0.6553799930539397,0.02384298684694455,0.08939601565899319,0.02423231974502247
2025-01-01 01:15:00,M02,MEO,3.047751759117906,0.18113131193297702,0.8968817360045075,0.10867196935521792
2025-01-01 01:30:00,M02,MEO,5.779465955987987,0.35205022790929275,2.053410947521156,0.23239130383359363
2025-01-01 01:45:00,M02,MEO,9.146875391628912,0.5159506045818303,3.013913611383422,0.3378520722135981
2025-01-01 02:00:00,M02,MEO,-0.016527823208334222,0.04884562326886275,0.1420816652281648,0.047590403734368396
2025-01-01 02:15:00,M02,MEO,3.1075360845197917,0.20625970499816632,1.0670955091719088,0.1328227483730145
2025-01-01 02:30:00,M02,MEO,5.506292311064901,0.35302980933775574,1.9941337667698786,0.22619742912485322
2025-01-01 02:45:00,M02,MEO,8.779097093817988,0.5133347225681577,3.095895593196131,0.34068847865582774
2025-01-01 03:00:00,M02,MEO,-0.3033562917581956,0.02092710875906086,0.1806552641130386,0.03780540516459187
2025-01-01 03:15:00,M02,MEO,2.6015650739329654,0.16531858169265157,1.2000636862445293,0.147901221673373
2025-01-01 03:30:00,M02,MEO,5.202930707866737,0.32300879260701676,2.123747891249456,0.24482155661993438
2025-01-01 03:45:00,M02,MEO,8.181502564920791,0.5122542066465385,3.0627537189465723,0.34950522772821074
2025-01-01 04:00:00,M02,MEO,-0.3179952177527913,0.00994279440774036,0.07855490255846778,0.057543807529708085
2025-01-01 04:15:00,M02,MEO,2.1925803688722016,0.17752908440901682,1.1610492636593388,0.12280612707898687
2025-01-01 04:30:00,M02,MEO,4.920485870988132,0.33185008010052813,2.0541340166186735,0.23483719277802415
2025-01-01 04:45:00,M02,MEO,8.341102784158737,0.5044200495003688,3.0698895234889125,0.34493069807423365
2025-01-01 05:00:00,M02,MEO,-0.7050089267065841,-0.023166203221819844,0.10032074158722636,0.031756744073414514
2025-01-01 05:15:00,M02,MEO,2.335438880862315,0.1343973241095432,1.0975506160576258,0.147531564795182
2025-01-01 05:30:00,M02,MEO,5.094385460444885,0.3216054148675781,1.9808283129227908,0.2156894562720012
2025-01-01 05:45:00,M02,MEO,8.219846253876906,0.4701291717576453,3.07612464480619,0.3219242862435575
2025-01-01 06:00:00,M02,MEO,-0.7123182278284657,-0.029259491340842294,0.02730497884574222,0.03148748152824605
2025-01-01 06:15:00,M02,MEO,2.3175698490802645,0.11444093409079713,0.9473692438017068,0.12041125239805091
2025-01-01 06:30:00,M02,MEO,5.4135846827695415,0.2969778520196427,1.8840346219553061,0.19248404870927774
2025-01-01 06:45:00,M02,MEO,8.59999494159051,0.4477310331394917,2.8992521987502755,0.29230229110321226
2025-01-01 07:00:00,M02,MEO,-0.21086390329781768,-0.041183081087360816,0.003926633281236179,-0.0021368239282938987
2025-01-01 07:15:00,M02,MEO,2.2834613683401606,0.13796004624142066,0.8885961961490241,0.07558387939195091
2025-01-01 07:30:00,M02,MEO,5.468193935900419,0.27742833105711523,1.7349057769959255,0.1638405208677259
2025-01-01 07:45:00,M02,MEO,8.950715566728514,0.4519255505275222,2.8751006005349846,0.2915158774482809
2025-01-01 08:00:00,M02,MEO,-0.3726186063890884,-0.021970461337929466,-0.21200080813278707,-0.03783399834496734
2025-01-01 08:15:00,M02,MEO,2.2757653401472053,0.1267459327124219,0.7505451533105415,0.054595001356169785
2025-01-01 08:30:00,M02,MEO,5.345814077498996,0.2659017890613933,1.7147823229726302,0.1426383733645839
2025-01-01 08:45:00,M02,MEO,8.872927296329085,0.46648824286803336,2.8225871457444036,0.24483059917829897
2025-01-01 09:00:00,M02,MEO,-0.15783306435292765,-0.03670717045102262,-0.10172404333073007,-0.06438652724696875
2025-01-01 09:15:00,M02,MEO,3.343689800646771,0.13487479936072672,0.7485803481801807,0.054798057448541014
2025-01-01 09:30:00,M02,MEO,6.1950914918507065,0.32684859773362945,1.7105846675876701,0.15109547430302261
2025-01-01 09:45:00,M02,MEO,9.170590574752731,0.4634204140000925,2.7518092466768906,0.24920590041778104
2025-01-01 10:00:00,M02,MEO,0.44099123649468175,0.0012495703926281372,-0.1181417920949695,-0.06695557588134828
2025-01-01 10:15:00,M02,MEO,2.695225123772317,0.15448046693382284,0.737021056163708,0.030854910957609838
2025-01-01 10:30:00,M02,MEO,6.403602654442847,0.31794879138584115,1.6119725094458355,0.13648627500018556
2025-01-01 10:45:00,M02,MEO,9.187028430468795,0.48079164780668004,2.812267864110735,0.27656130935908657
2025-01-01 11:00:00,M02,MEO,0.228510893299317,0.014085072043639516,-0.19695066646172266,-0.028685733170630737
2025-01-01 11:15:00,M02,MEO,3.3609437260096766,0.15485318844322032,0.865996792464876,0.07092389128691746
2025-01-01 11:30:00,M02,MEO,6.494729461398872,0.3458922446022688,1.8712489415557811,0.15727630388929634
2025-01-01 11:45:00,M02,MEO,9.661555580769626,0.48463311327312625,2.861966047571264,0.2695243722975641
2025-01-01 12:00:00,M02,MEO,0.7486002138736111,0.03855100292440481,-0.01607676922007669,-0.021062408764853324
2025-01-01 12:15:00,M02,MEO,2.9894786816625145,0.1873514346402508,0.8261420728439521,0.07855433051390166
2025-01-01 12:30:00,M02,MEO,6.265904951432041,0.3406119894502334,1.9379342425335084,0.1784295178123134
2025-01-01 12:45:00,M02,MEO,9.235665826178941,0.5141681013515569,2.967907764563517,0.3282423590549181
2025-01-01 13:00:00,M02,MEO,0.3035333545870157,0.045938250779505335,0.14966512335641596,0.017921695253841432
2025-01-01 13:15:00,M02,MEO,2.929784643752379,0.20784975111394255,1.0492389153684931,0.14649894077182357
2025-01-01 13:30:00,M02,MEO,6.262820761393448,0.3755939817693669,2.036119812793249,0.2082248532886662
2025-01-01 13:45:00,M02,MEO,9.274769439954303,0.515475700507483,3.0172573457761103,0.3237726120593009
2025-01-01 14:00:00,M02,MEO,0.33067995643763787,0.04202451764724986,0.12817202461203508,0.046544277747916925
2025-01-01 14:15:00,M02,MEO,2.663757578439267,0.19462364427052486,1.0679958529213434,0.11642862757980792
2025-01-01 14:30:00,M02,MEO,5.941390800227722,0.34771154357659495,2.1096985342247603,0.21252691938675947
2025-01-01 14:45:00,M02,MEO,8.8782260241517,0.5422707857542518,3.0889794433307918,0.32863320689267356
2025-01-01 15:00:00,M02,MEO,-0.5385710097033972,0.025838588899772124,0.19955237939018977,0.03315744910334183
2025-01-01 15:15:00,M02,MEO,2.4157195643319245,0.16849049286444437,1.1633490317590984,0.13607360617373426
2025-01-01 15:30:00,M02,MEO,5.184550455144453,0.31517488825854023,2.138515205788596,0.22379861843700355
2025-01-01 15:45:00,M02,MEO,8.425773524870563,0.48482835045450123,3.1941150883143816,0.3383900163900218
2025-01-01 16:00:00,M02,MEO,-0.3651616645503192,0.022102789811300573,0.3235774324954792,0.03796674383033721
2025-01-01 16:15:00,M02,MEO,2.480104053844063,0.14596046147824746,1.1875957164362456,0.13780950105825596
2025-01-01 16:30:00,M02,MEO,5.6417219947586394,0.33980037802491386,2.018800606358027,0.2584620831049735
2025-01-01 16:45:00,M02,MEO,8.392126824842222,0.4739333706817695,3.0738755505720343,0.34451437104211047
2025-01-01 17:00:00,M02,MEO,-0.6026487709481576,0.013322855407509517,0.15027329952955587,0.06725090538387028
2025-01-01 17:15:00,M02,MEO,2.3774023674490286,0.14283957125259544,1.0410678553502184,0.11374514260713604
2025-01-01 17:30:00,M02,MEO,5.080187790918232,0.2637585057978418,2.072788643430787,0.22387585986055014
2025-01-01 17:45:00,M02,MEO,8.846833154840168,0.4702238592351746,2.9624675281682333,0.31327525400147965
2025-01-01 18:00:00,M02,MEO,-0.689749561533491,-0.030123963453308023,-0.002990262843323486,0.019646244959611064
2025-01-01 18:15:00,M02,MEO,1.978683551120571,0.12350851551515193,0.9241373951698479,0.10642705028239365
2025-01-01 18:30:00,M02,MEO,5.079495306494187,0.29295566738401746,1.8794047095013091,0.20090058834519914
2025-01-01 18:45:00,M02,MEO,8.610098987079914,0.436637389178642,2.9123434393197045,0.2896434518948995
2025-01-01 19:00:00,M02,MEO,-0.3617193397197096,0.004666517668948107,-0.05659030512505387,-0.023553768121673466
2025-01-01 19:15:00,M02,MEO,2.454622027673751,0.141703657523558,0.7121427886362082,0.04799717965250885
2025-01-01 19:30:00,M02,MEO,5.735801025107818,0.25777800983164517,1.6470732461405235,0.16515304115146784
2025-01-01 19:45:00,M02,MEO,8.383679892564937,0.4706871497318958,2.791772249426707,0.2590221381136136
2025-01-01 20:00:00,M02,MEO,0.02014933103655099,-0.023389357840085806,-0.15829255341729284,-0.04589733654226032
2025-01-01 20:15:00,M02,MEO,2.4879144620572773,0.13837494383585316,0.7535654467033672,0.061822392325286885
2025-01-01 20:30:00,M02,MEO,5.45060617612623,0.29317190693347106,1.6372756679980478,0.180528849230176
2025-01-01 20:45:00,M02,MEO,9.080768308015948,0.4188586926659192,2.7292207718062715,0.265131870616945
2025-01-01 21:00:00,M02,MEO,0.49754671802164185,-0.03663612399762083,-0.26458475736970716,-0.05544995844335242
2025-01-01 21:15:00,M02,MEO,2.9793627807603293,0.15035355312345774,0.7370868321745181,0.03238442736132096
2025-01-01 21:30:00,M02,MEO,6.326601825766776,0.2809830119985091,1.5685528513120386,0.1726995576609952
2025-01-01 21:45:00,M02,MEO,8.909298719085816,0.46432904467406455,2.800216062431739,0.2384726196609063
2025-01-01 22:00:00,M02,MEO,0.4372058675558639,-0.017521750833872276,-0.25187051640376734,-0.03896021733531124
2025-01-01 22:15:00,M02,MEO,3.576045208180188,0.15203031613428317,0.7368250215685547,0.06118993046902393
2025-01-01 22:30:00,M02,MEO,6.410509286175215,0.30561098884285287,1.69890302367676,0.1525837671616503
2025-01-01 22:45:00,M02,MEO,9.734854887455676,0.4916879145643173,2.7193487567616805,0.24441801445961617
2025-01-01 23:00:00,M02,MEO,0.48014207466635656,0.021794347410508074,-0.16827359831135555,-0.03786817588320527
2025-01-01 23:15:00,M02,MEO,3.400581893216498,0.19593440589282624,0.9273980839087739,0.08978172802418606
2025-01-01 23:30:00,M02,MEO,6.338880826809342,0.3528299112191117,1.8411106377604498,0.18878200571405288
2025-01-01 23:45:00,M02,MEO,9.192886724734741,0.5112022371093398,2.864416559196687,0.27867058913655984
2025-01-02 00:00:00,M02,MEO,0.42017105178349795,0.02051907668343286,0.025937726276428843,-0.019740335532300833
2025-01-02 00:15:00,M02,MEO,3.209398525871159,0.17875432406590772,0.8601363814324455,0.0590938523033532
2025-01-02 00:30:00,M02,MEO,6.496401429970068,0.3197709080274758,1.845967650555672,0.2058448668306128
2025-01-02 00:45:00,M02,MEO,9.424257627853345,0.5290931134362048,3.0449419458667646,0.2926466346412053
2025-01-02 01:00:00,M02,MEO,0.19009379624973533,0.03555497581505188,0.14566829713858176,0.0004156886088126498
2025-01-02 01:15:00,M02,MEO,2.5952444178724527,0.17809613033037291,1.054951524103722,0.11828797770052474
2025-01-02 01:30:00,M02,MEO,5.949386825253746,0.34489890290482256,2.0179530132693477,0.2262666905269603
2025-01-02 01:45:00,M02,MEO,8.987901152421166,0.4976153676071486,3.027420178782885,0.31968349340677266
2025-01-02 02:00:00,M02,MEO,-0.1939214014789005,0.026891197926091702,0.19196896026375332,0.010309863792467887
2025-01-02 02:15:00,M02,MEO,2.6248306959632477,0.19126321469148244,1.0801106560930138,0.1227543276537969
2025-01-02 02:30:00,M02,MEO,6.07193819972841,0.32578289654202297,2.048483306716315,0.2300797019970602
2025-01-02 02:45:00,M02,MEO,8.821871571448503,0.499415501637478,3.0861124596977003,0.355181749287647
2025-01-02 03:00:00,M02,MEO,-0.2687155392572103,0.00436916761172188,0.2318214001728579,0.02352668672922383
2025-01-02 03:15:00,M02,MEO,2.4175698346301333,0.14462467514505728,1.1180320937771253,0.13727806060128994
2025-01-02 03:30:00,M02,MEO,5.584675357308937,0.31783235232061297,2.11816623845592,0.23603782907006846
2025-01-02 03:45:00,M02,MEO,8.637080114591042,0.49288627610522195,3.130848483533949,0.3381126899131944
2025-01-02 04:00:00,M02,MEO,-0.3039553182629677,-0.00012461980168693544,0.2527280226393971,0.059936922463581226
2025-01-02 04:15:00,M02,MEO,2.2400025554681107,0.14959120383778896,1.102179402691855,0.143822679084098
2025-01-02 04:30:00,M02,MEO,5.517633786393289,0.2980178029999162,2.031579671240421,0.231717943941362
2025-01-02 04:45:00,M02,MEO,8.51465306650636,0.47096641130792155,3.1873731186471153,0.3306263935215519
2025-01-02 05:00:00,M02,MEO,-0.35875495294201004,0.001838412507130259,0.06871849297381495,0.04226372359497637
2025-01-02 05:15:00,M02,MEO,2.319998631592465,0.14711708062405787,1.04465712652504,0.12240101856233199
2025-01-02 05:30:00,M02,MEO,4.818099924372953,0.30303295365584404,1.9534036016251906,0.20652651105784714
2025-01-02 05:45:00,M02,MEO,8.416988545762434,0.44545441720902995,3.0553172275503457,0.320163800295303
2025-01-02 06:00:00,M02,MEO,-0.7739903364159387,-0.021633281213629063,0.09927541006385951,0.028405905918281862
2025-01-02 06:15:00,M02,MEO,1.9283082509298812,0.09514595549976802,1.007962756407947,0.10038062240603078
2025-01-02 06:30:00,M02,MEO,5.369340315900905,0.32125502049038746,1.9073475563356594,0.19148474821844835
2025-01-02 06:45:00,M02,MEO,8.44687946522722,0.4633022049626388,2.9250662734908643,0.3020909672968726
2025-01-02 07:00:00,M02,MEO,-0.21774233859694062,-0.037692432631595316,-0.07343421242965055,-0.033637298895905374
2025-01-02 07:15:00,M02,MEO,2.4153813376041575,0.10875831993957019,0.7916486663804853,0.08685662066259224
2025-01-02 07:30:00,M02,MEO,5.266470787520206,0.279480018180427,1.7926663340454685,0.17821635804268876
2025-01-02 07:45:00,M02,MEO,8.7964914472728,0.4690277858310262,2.817742417672735,0.2517857044942361
2025-01-02 08:00:00,M02,MEO,0.15831463172826093,-0.032526369899269804,-0.08380632334750586,-0.029180339084272915
2025-01-02 08:15:00,M02,MEO,2.6710340504538688,0.12197812504951021,0.716191288706237,0.037020501384183946
2025-01-02 08:30:00,M02,MEO,5.379682488452309,0.27569641275535706,1.7113199268231607,0.13616406041651574
2025-01-02 08:45:00,M02,MEO,9.121171548226801,0.4609227360786792,2.745016483883111,0.23064880226671705
2025-01-02 09:00:00,M02,MEO,0.6117475339182592,-0.02193959882221947,-0.11797361759471375,-0.07420738744354427
2025-01-02 09:15:00,M02,MEO,2.9875921667308507,0.11311416476570826,0.7125649398646474,0.058760609663021636
2025-01-02 09:30:00,M02,MEO,6.058677035689044,0.29412245473842114,1.73661096865983,0.15546975240622168
2025-01-02 09:45:00,M02,MEO,9.375056251012616,0.476030838421865,2.722292130670817,0.2598980802841606
2025-01-02 10:00:00,M02,MEO,0.7178211813020361,0.0165440859808318,-0.029231676155491187,-0.050330342899176934
2025-01-02 10:15:00,M02,MEO,3.0127747811730536,0.14693536369948498,0.7131673254399893,0.0501907469619728
2025-01-02 10:30:00,M02,MEO,6.336896823863477,0.32476059303474325,1.7717159507898688,0.1249167225511373
2025-01-02 10:45:00,M02,MEO,9.34142442506876,0.48292454429786347,2.8289311376740924,0.28183716314435764
2025-01-02 11:00:00,M02,MEO,0.5696365760619247,0.019275788855119397,-0.1382662669898056,-0.03815266530564192
2025-01-02 11:15:00,M02,MEO,3.44180242730511,0.18158360251059352,0.8021398781847122,0.04403213119655073
2025-01-02 11:30:00,M02,MEO,6.3919142047413295,0.3287674302269975,1.8315394290076155,0.1347806568143938
2025-01-02 11:45:00,M02,MEO,9.479940660223651,0.5231485249852672,2.83318423810576,0.2724728086706921
2025-01-02 12:00:00,M02,MEO,0.7081017961013985,0.04102347060687602,-0.050876212496959464,-0.017199591700047673
2025-01-02 12:15:00,M02,MEO,3.357763571777442,0.20598901317599375,0.9216725521194706,0.07456787554355267
2025-01-02 12:30:00,M02,MEO,6.109951207699441,0.36764170927855555,1.8625123661331227,0.19217811828360504
2025-01-02 12:45:00,M02,MEO,9.207543682841012,0.5477555465642793,2.965448873945067,0.26420212351805505
2025-01-02 13:00:00,M02,MEO,-0.13443659824737292,0.022827427885141954,0.06955678938718898,-0.001310152927765726
2025-01-02 13:15:00,M02,MEO,3.265018693234374,0.1565870841193528,0.9806629743397752,0.117957973029507
2025-01-02 13:30:00,M02,MEO,5.803085816883365,0.35155454007372,1.9760064067483811,0.21191142005617286
2025-01-02 13:45:00,M02,MEO,9.096353529552912,0.542683263632021,3.1083840912008687,0.3300413162181986
2025-01-02 14:00:00,M02,MEO,-0.24454823918497126,0.04412673669337927,0.23136065247029355,0.01694381764944998
2025-01-02 14:15:00,M02,MEO,2.8723575787966906,0.17881605798891992,1.1098481702455225,0.11982730252469712
2025-01-02 14:30:00,M02,MEO,5.4461509798315815,0.3300101477656628,2.0784658247740597,0.22700540981757605
2025-01-02 14:45:00,M02,MEO,8.79430067222594,0.5292065261546472,3.11623537110688,0.33722341156614744
2025-01-02 15:00:00,M02,MEO,0.2010813860048867,0.013361232886690473,0.27036455194749515,0.05172411882491621
2025-01-02 15:15:00,M02,MEO,2.9362616898079543,0.18615288746564423,1.0843631495918211,0.13841564699358605
2025-01-02 15:30:00,M02,MEO,5.428969479193397,0.3210332272237949,2.0273084359161704,0.25310586842554966
2025-01-02 15:45:00,M02,MEO,8.466481634199203,0.4915686115558016,3.0920136555973845,0.3444358235930232
2025-01-02 16:00:00,M02,MEO,-0.22710304841249995,0.026342000525839862,0.19534857131227892,0.037898812661140716
2025-01-02 16:15:00,M02,MEO,2.415230934763907,0.1661697763814893,1.1146965503205066,0.13534828455643305
2025-01-02 16:30:00,M02,MEO,5.224075623081725,0.31526863575097236,2.088667377127686,0.22775990982059613
2025-01-02 16:45:00,M02,MEO,8.45182737763367,0.4516400103393381,3.1609086003315507,0.31534604342246614
2025-01-02 17:00:00,M02,MEO,-0.11721033841483366,-0.027759503870052882,0.11148293579098928,0.03469109683214518
2025-01-02 17:15:00,M02,MEO,2.057198433293089,0.12316467174510534,1.0876092247172588,0.1280638593638455
2025-01-02 17:30:00,M02,MEO,5.285898386857234,0.3222393981055565,1.9344657970998465,0.2280281080476788
2025-01-02 17:45:00,M02,MEO,8.619261254401072,0.4639628618292249,2.9822236160449487,0.32594114479068076
2025-01-02 18:00:00,M02,MEO,-0.23079225810138343,-0.02077576905301901,-0.03300624823110704,0.04449545828767584
2025-01-02 18:15:00,M02,MEO,2.1074303384059716,0.13314490911472093,0.9536317726313641,0.07751260398300795
2025-01-02 18:30:00,M02,MEO,5.1769848582108215,0.3059872925855186,1.8770593245196672,0.1664987141094425
2025-01-02 18:45:00,M02,MEO,8.647072617154482,0.48969911411390665,2.8952679384899254,0.29859670077374273
2025-01-02 19:00:00,M02,MEO,-0.3512680123792583,-0.005771387356064094,-0.05584983801379954,-0.009601214695335572
2025-01-02 19:15:00,M02,MEO,2.3269878377961817,0.12682091534781875,0.7159805118815308,0.07101843506911083
2025-01-02 19:30:00,M02,MEO,5.275338827416249,0.2779145386246818,1.634988741794645,0.1799278459622072
2025-01-02 19:45:00,M02,MEO,8.77726178992668,0.44657391983270783,2.762093466693619,0.22477506113109522
2025-01-02 20:00:00,M02,MEO,0.2752165360024989,-0.031120462746278874,-0.11991155777785412,-0.03808942648879226
2025-01-02 20:15:00,M02,MEO,2.4970808135164373,0.11149595930799379,0.6864978149684104,0.035108788833191525
2025-01-02 20:30:00,M02,MEO,5.972778916741116,0.29299186476526085,1.7091413882876243,0.17344934411316756
2025-01-02 20:45:00,M02,MEO,8.9714999269608,0.4545906673979977,2.7107647637117807,0.2564018999139363
2025-01-02 21:00:00,M02,MEO,0.1143408576688063,-0.016733405764075067,-0.09911847170006699,-0.04700193927295498
2025-01-02 21:15:00,M02,MEO,2.706090546895126,0.15437314556228948,0.7257557580492772,0.02616821530808683
2025-01-02 21:30:00,M02,MEO,5.825899185531806,0.3184226156429869,1.6607369644806398,0.13423638066822904
2025-01-02 21:45:00,M02,MEO,9.196513600916205,0.47826936098299305,2.8082314859756687,0.22921601858412546
2025-01-02 22:00:00,M02,MEO,0.5276788206580155,-0.02506017585319907,-0.17629008885363465,-0.05079580118319397
2025-01-02 22:15:00,M02,MEO,3.0279466034464577,0.1591183505840664,0.7113165548280336,0.05973762312501894
2025-01-02 22:30:00,M02,MEO,5.9716219814835565,0.33919274232649177,1.6327426335371535,0.12545323060533728
2025-01-02 22:45:00,M02,MEO,9.25033406321709,0.4864875542892542,2.7706602072560185,0.2539002122341092
2025-01-02 23:00:00,M02,MEO,0.8391065641157565,0.014057543693692437,-0.003986442585144079,-0.01734254746515109
2025-01-02 23:15:00,M02,MEO,3.4447846284979824,0.16078665492961433,0.8584663184572762,0.07073073217719429
2025-01-02 23:30:00,M02,MEO,5.945661457374915,0.3285409727804327,1.782997841336071,0.1542266113051353
2025-01-02 23:45:00,M02,MEO,9.32956853661096,0.520848026917372,2.862406545600267,0.287389411033048
2025-01-03 00:00:00,M02,MEO,0.5728749235160033,0.03424230232582008,-0.04794069045228973,0.004734189242969493
2025-01-03 00:15:00,M02,MEO,3.138861325754492,0.1677419596991812,1.0670199298961378,0.07707787319128252
2025-01-03 00:30:00,M02,MEO,5.98284160947671,0.3537045151622201,1.9529350346221732,0.20119513486773796
2025-01-03 00:45:00,M02,MEO,9.538010217154186,0.5257126787360532,2.945244662527284,0.31263840464879555
2025-01-03 01:00:00,M02,MEO,0.38372732132795484,0.03454608828610774,0.0790231275633133,0.0013485726460441654
2025-01-03 01:15:00,M02,MEO,2.9523463647424704,0.19936669220742065,0.9557212720187012,0.1080359658913279
2025-01-03 01:30:00,M02,MEO,5.580569385216814,0.3531024955407145,2.073449057488868,0.18723662810772418
2025-01-03 01:45:00,M02,MEO,9.34370133303385,0.5355778142371409,3.1022844805469822,0.3214919194798856
2025-01-03 02:00:00,M02,MEO,0.07956347092506982,0.05884418147772324,0.17233128279504853,0.03342291867014985
2025-01-03 02:15:00,M02,MEO,2.6090838469712145,0.15208234803104426,1.0382420492414457,0.1391424880613873
2025-01-03 02:30:00,M02,MEO,5.7131115431270505,0.3326607648853617,2.071390791405537,0.22255737721435914
2025-01-03 02:45:00,M02,MEO,8.523871735414028,0.5243341780235381,3.0708427994449914,0.33649871098938955
2025-01-03 03:00:00,M02,MEO,-0.4110738796080811,0.03832575711454571,0.09052442912823941,0.03686839902376773
2025-01-03 03:15:00,M02,MEO,2.5852442353248497,0.1712868569575708,1.1636049315230879,0.13255348623735974
2025-01-03 03:30:00,M02,MEO,5.340500002532064,0.3609740316839128,2.0747020453716414,0.24406623387666285
2025-01-03 03:45:00,M02,MEO,8.720286779737556,0.5198908801388926,3.1632863464171455,0.3462057686197412
2025-01-03 04:00:00,M02,MEO,-0.532448923261118,-0.004484261924317159,0.2585901286884035,0.06070122333907436
2025-01-03 04:15:00,M02,MEO,1.7670308743405987,0.1387847460856351,1.1260324082591453,0.1416020647495534
2025-01-03 04:30:00,M02,MEO,4.759434111946225,0.3108805107825962,2.0602641956679726,0.24470160782243533
2025-01-03 04:45:00,M02,MEO,8.59572402943537,0.4699041673825629,3.2103923757988397,0.3343997011963514
2025-01-03 05:00:00,M02,MEO,-0.8556983185324787,-0.011750310453914843,0.09071365295801709,0.05436163892932471
2025-01-03 05:15:00,M02,MEO,2.00778110405264,0.12807003156624047,1.025915745728035,0.10874456174401725
2025-01-03 05:30:00,M02,MEO,4.712831638501079,0.2960977289508334,1.9815189741369157,0.224659446254033
2025-01-03 05:45:00,M02,MEO,8.551731675613171,0.4261555604236231,2.950347881303441,0.3129974205578058
2025-01-03 06:00:00,M02,MEO,-0.4017630467312906,-0.01607681480298133,-0.044319105015645816,0.02195763737825652
2025-01-03 06:15:00,M02,MEO,2.1648873272872007,0.12600119177105262,0.8580651784362786,0.10447889655634203
2025-01-03 06:30:00,M02,MEO,5.312268688360777,0.25828461522461155,1.933455221062822,0.21117634965962076
2025-01-03 06:45:00,M02,MEO,8.170259738589273,0.4369888136104438,2.9301241823334254,0.30693496902317424
2025-01-03 07:00:00,M02,MEO,-0.24272070295329506,-0.04279233839607566,-0.05192249932172716,-0.002102873733235604
2025-01-03 07:15:00,M02,MEO,2.4340478494425,0.11616592875298219,0.8486976224145609,0.07747796959787527
2025-01-03 07:30:00,M02,MEO,5.635334355301086,0.31053011212551923,1.8438366047187864,0.18110895166794358
2025-01-03 07:45:00,M02,MEO,8.637023172888929,0.4382377539843113,2.837277312321794,0.2761129570531307
2025-01-03 08:00:00,M02,MEO,-0.294931111741771,-0.02135638817640762,-0.09023569821884689,-0.05969200776174379
2025-01-03 08:15:00,M02,MEO,2.3337305750349358,0.14042595358783308,0.7643367387448355,0.059854191803374576
2025-01-03 08:30:00,M02,MEO,5.730442501769849,0.2813776763940586,1.7117524846346075,0.15722043375061562
2025-01-03 08:45:00,M02,MEO,9.087657884556197,0.4456837593737987,2.7069817298735557,0.24670941734061302
2025-01-03 09:00:00,M02,MEO,0.12752037168001587,-0.020906926642635822,-0.2894964035218712,-0.04213555362625246
2025-01-03 09:15:00,M02,MEO,2.6329668137816222,0.13076025286391438,0.7964364045199606,0.044800372088481394
2025-01-03 09:30:00,M02,MEO,6.3370001239441995,0.28836878238509206,1.6141889282724367,0.12059763665752622
2025-01-03 09:45:00,M02,MEO,9.430273736991898,0.47101952089636834,2.6781895747067668,0.23638123330378014
2025-01-03 10:00:00,M02,MEO,0.491414584273935,-0.022656248279069865,-0.27727845059869705,-0.0574500885404333
2025-01-03 10:15:00,M02,MEO,3.2243640317041367,0.14277812912359705,0.7729100836872893,0.04972072603440423
2025-01-03 10:30:00,M02,MEO,6.56106690565717,0.3327262920171547,1.6624430768541376,0.11803517389805751
2025-01-03 10:45:00,M02,MEO,9.431410398093004,0.4857384650841251,2.786553358888576,0.24719804129687606
2025-01-03 11:00:00,M02,MEO,0.6119930290315093,-0.026801173896747528,-0.23293000163091818,-0.04350617423103356
2025-01-03 11:15:00,M02,MEO,3.1924260080972964,0.18255437210409328,0.909754999613896,0.07465720797684722
2025-01-03 11:30:00,M02,MEO,6.332609824623357,0.3005425194908783,1.8701638742184516,0.15038452090616497
2025-01-03 11:45:00,M02,MEO,9.227495866907061,0.5137026009722433,2.837353837866806,0.2543141698473886
2025-01-03 12:00:00,M02,MEO,0.1543025245930553,0.031234032807646528,-0.014205284241956632,-0.022528165532389025
2025-01-03 12:15:00,M02,MEO,3.117059664867541,0.20200211245725475,0.7327042738060462,0.09971325181458983
2025-01-03 12:30:00,M02,MEO,6.688139485086442,0.3432542406176793,1.9733963452227437,0.1957053155587765
2025-01-03 12:45:00,M02,MEO,9.072873701189616,0.5651534292018583,2.9711480595885646,0.2947350352574985
2025-01-03 13:00:00,M02,MEO,0.3003175053478697,0.028691003751199505,0.12906163666360146,0.00043710703270419173
2025-01-03 13:15:00,M02,MEO,3.0171863182372545,0.17446268483623376,1.0566285467972514,0.1119341898862111
2025-01-03 13:30:00,M02,MEO,5.807868297222615,0.3464774581474515,2.008679331173093,0.20725149032749454
2025-01-03 13:45:00,M02,MEO,9.03486459084844,0.5083660116553439,3.1624301616501675,0.3296127321081926
2025-01-03 14:00:00,M02,MEO,0.06458862679843953,0.031260564892552425,0.04857665069225893,0.05049817421548022
2025-01-03 14:15:00,M02,MEO,2.8099044763934984,0.19322374443411836,1.1366059704221203,0.15093998506783135
2025-01-03 14:30:00,M02,MEO,5.675595542540958,0.36722874209318057,2.129974676468555,0.25388965172787187
2025-01-03 14:45:00,M02,MEO,9.10100046785121,0.5104284697811418,3.1953005891426405,0.3546022778329079
2025-01-03 15:00:00,M02,MEO,0.07750298818758047,0.011701033429371545,0.09527443851745744,0.04648209573446648
2025-01-03 15:15:00,M02,MEO,3.0912735170130228,0.19140281842866572,1.0480798014491284,0.10038151707170681
2025-01-03 15:30:00,M02,MEO,5.401535945740175,0.32277432709503734,2.0800633477937653,0.2323919718030924
2025-01-03 15:45:00,M02,MEO,8.680570246146758,0.5048316093561472,3.1104205503353906,0.35473264536391896
2025-01-03 16:00:00,M02,MEO,-0.7070256148064777,-4.544294300154808e-05,0.22250529117575502,0.05520494540020925
2025-01-03 16:15:00,M02,MEO,2.3416193915227175,0.15141130156895616,1.0160954771516377,0.12460735170968464
2025-01-03 16:30:00,M02,MEO,5.2178569762071705,0.3244710866638943,2.1049476733826236,0.21761978339073224
2025-01-03 16:45:00,M02,MEO,8.527691207047232,0.4612759522861788,3.0261244483910925,0.34786920996759296
2025-01-03 17:00:00,M02,MEO,-0.8106592754769171,-0.0100037119015529,0.13824707183579457,0.04568002022137389
2025-01-03 17:15:00,M02,MEO,2.353546619761538,0.14911885370270095,1.0635310868339076,0.13303953561252244
2025-01-03 17:30:00,M02,MEO,4.922319118705459,0.2572256604808711,2.0493843057003938,0.20274138110978168
2025-01-03 17:45:00,M02,MEO,8.61769276979106,0.4739174045510912,3.0472476650729172,0.3022373931477467
2025-01-03 18:00:00,M02,MEO,-0.48863148053251493,-0.038290957005130695,-0.010475242535489818,0.026011322028994845
2025-01-03 18:15:00,M02,MEO,1.92548781698219,0.11084928834833505,0.9556324467006798,0.10234937691574343
2025-01-03 18:30:00,M02,MEO,5.199148484420781,0.26487133475162383,1.787557686103495,0.17731097028570555
2025-01-03 18:45:00,M02,MEO,8.603322357584744,0.44747318944894854,2.8436432700781653,0.27976347915931643
2025-01-03 19:00:00,M02,MEO,-0.7510060609771646,-0.018543953605528823,-0.08550155519269874,-0.011856301839660365
2025-01-03 19:15:00,M02,MEO,2.8733387551363387,0.10085009883288182,0.7946183690129165,0.08474293832319041
2025-01-03 19:30:00,M02,MEO,5.57936307333986,0.27909877189054666,1.7476577371108877,0.14858593925435468
2025-01-03 19:45:00,M02,MEO,8.743272321809881,0.44113852098503814,2.8248091480632826,0.26081997172044696
2025-01-03 20:00:00,M02,MEO,0.022201001894081838,-0.010850513690524284,-0.06290352872297911,-0.026789983347458527
2025-01-03 20:15:00,M02,MEO,2.6242895976491285,0.16218692653912545,0.805608103407583,0.04417512381896214
2025-01-03 20:30:00,M02,MEO,5.572016954021215,0.2803409530026291,1.7846786773148704,0.18316805142772388
2025-01-03 20:45:00,M02,MEO,9.057840471419997,0.44737781106782726,2.779166762780495,0.236302140800518
2025-01-03 21:00:00,M02,MEO,0.39881955327780433,-0.047414825828627,-0.347863357381438,-0.06331522098072356
2025-01-03 21:15:00,M02,MEO,3.0952024139120335,0.11145908636282124,0.6883617439542207,0.0494207723246503
2025-01-03 21:30:00,M02,MEO,6.01133923207219,0.32326655984065455,1.6795774391576783,0.1560571218918539
2025-01-03 21:45:00,M02,MEO,9.29710932801117,0.4834400371644318,2.711387996157682,0.24681504645913557
2025-01-03 22:00:00,M02,MEO,0.7647778238147419,-0.008938184033650274,-0.1809905642386819,-0.06754822065546306
2025-01-03 22:15:00,M02,MEO,2.9960506812875027,0.13881086983013777,0.7492427274464631,0.05960918493668897
2025-01-03 22:30:00,M02,MEO,5.726032064424182,0.30011524245005966,1.9127887868695972,0.1356263951530537
2025-01-03 22:45:00,M02,MEO,9.307184406759928,0.5137436125102429,2.7742046489213306,0.237011907929125
2025-01-03 23:00:00,M02,MEO,0.6610144418508015,0.020578625029832466,-0.06765980474640212,-0.027724457434618658
2025-01-03 23:15:00,M02,MEO,3.6620914797409267,0.17591846907447783,0.9245881214787438,0.07600152982120388
2025-01-03 23:30:00,M02,MEO,6.194473966895749,0.3743437596164613,1.8266370791840263,0.1777100227146556
2025-01-03 23:45:00,M02,MEO,9.857745766477972,0.5220887647518768,2.878446527511813,0.2756837111719751
2025-01-04 00:00:00,M02,MEO,0.9361941242465721,0.018978155318281606,0.047747936226583014,-0.003225194479941456
2025-01-04 00:15:00,M02,MEO,3.530017361730704,0.21554540708090178,0.9277696968774716,0.1110868178740852
2025-01-04 00:30:00,M02,MEO,6.362726486393578,0.3568446800146199,1.8810803744454554,0.20140190403486474
2025-01-04 00:45:00,M02,MEO,9.160022744846863,0.51528915713415,3.0067077282785775,0.29268173907800005
2025-01-04 01:00:00,M02,MEO,0.2517146610650692,0.024487217076699395,0.025105961867657227,-0.006060908242664233
2025-01-04 01:15:00,M02,MEO,3.148498991503272,0.20881394809990986,0.9802467581289701,0.13034858085159715
2025-01-04 01:30:00,M02,MEO,6.101373906779978,0.36100172685181475,2.0200783711719383,0.2233355996081027
2025-01-04 01:45:00,M02,MEO,8.827922530082924,0.538621325258086,2.9915006374778437,0.34483825420348474
2025-01-04 02:00:00,M02,MEO,-0.12294417332473181,0.03287615083847652,0.21490211683898014,0.07402978142973947
2025-01-04 02:15:00,M02,MEO,2.7913098667609075,0.19832611247035703,1.0404526276925383,0.12854300600053922
2025-01-04 02:30:00,M02,MEO,5.32574175874184,0.3433155321132244,2.0668434839300036,0.21701464706459767
2025-01-04 02:45:00,M02,MEO,8.527367128165995,0.5227429604726314,3.1030497853167978,0.33818135622828166
2025-01-04 03:00:00,M02,MEO,-0.3128824448029488,-0.0022124073734084947,0.1638948097340395,0.051621824749120526
2025-01-04 03:15:00,M02,MEO,2.6259612967980126,0.15076055977183295,1.1827665348061658,0.15688674030815564
2025-01-04 03:30:00,M02,MEO,5.461583774392322,0.30618464389538225,2.1484359691928163,0.24484528871894143
2025-01-04 03:45:00,M02,MEO,8.351130950013273,0.5013301215460658,3.1497923443803617,0.35229258598046853
2025-01-04 04:00:00,M02,MEO,0.0892607182547293,-0.02576131505914657,0.2174374938217016,0.05863663478211439
2025-01-04 04:15:00,M02,MEO,2.246401869711076,0.15937269472052917,1.0849441092792147,0.1302893532282528
2025-01-04 04:30:00,M02,MEO,4.970388843313209,0.3377045952942566,2.026543886675978,0.22627278078627874
2025-01-04 04:45:00,M02,MEO,8.584689585080158,0.46244295233848004,3.084550346987271,0.35197141386226294
2025-01-04 05:00:00,M02,MEO,-0.27194027803628296,-0.03836630383885019,0.1315421291858715,0.03620355525185273
2025-01-04 05:15:00,M02,MEO,2.5849171388836,0.12316981541504499,1.033198141871808,0.10330685710648439
2025-01-04 05:30:00,M02,MEO,5.151852620292255,0.2950966910887559,1.969291180326115,0.20873594242032995
2025-01-04 05:45:00,M02,MEO,8.505301989750501,0.4477706113746386,2.9930943148208353,0.29554524859914905
2025-01-04 06:00:00,M02,MEO,-0.6449438709069106,-0.02051027620186604,0.01109870775366165,0.03514769014778513
2025-01-04 06:15:00,M02,MEO,1.9822040147754274,0.13299610268702183,0.8565330319450325,0.07101910549882366
2025-01-04 06:30:00,M02,MEO,5.128544117421248,0.2802570759828977,1.8529978484633778,0.1747867725349999
2025-01-04 06:45:00,M02,MEO,8.516589966346945,0.4222728951099498,2.910543206989338,0.28764356548321335
2025-01-04 07:00:00,M02,MEO,-0.3441774633080832,-0.0641473678286885,-0.05454711604675244,-0.017119498859692057
2025-01-04 07:15:00,M02,MEO,2.5543728974135522,0.11741562115099458,0.7557451160439734,0.07682029624203532
2025-01-04 07:30:00,M02,MEO,5.531327851669504,0.30071453833826606,1.770303953764021,0.13520793482640725
2025-01-04 07:45:00,M02,MEO,8.321887789809063,0.47062690346987357,2.752928075126231,0.2837195957753904
2025-01-04 08:00:00,M02,MEO,-0.11267195544297395,-0.04610509589840249,-0.20275144990684688,0.004884918906608264
2025-01-04 08:15:00,M02,MEO,2.300611286192587,0.12086205282419629,0.7576972565745352,0.0587597559465068
2025-01-04 08:30:00,M02,MEO,6.10847762834354,0.29248378588870355,1.7071255752761878,0.15398034768708135
2025-01-04 08:45:00,M02,MEO,9.010895312573355,0.46565014163795265,2.740919731148411,0.2656948513515765
2025-01-04 09:00:00,M02,MEO,0.2899259198757005,-0.06422989329745642,-0.06620516806910538,-0.04611487131056796
2025-01-04 09:15:00,M02,MEO,3.11167245782563,0.11357089399582396,0.7604490997289306,0.047576272085147114
2025-01-04 09:30:00,M02,MEO,6.450580199495971,0.33290025769446596,1.6260027247656261,0.13589668215515843
2025-01-04 09:45:00,M02,MEO,9.709086780006746,0.4789428306988988,2.7925496887348804,0.24615287333942257
2025-01-04 10:00:00,M02,MEO,0.6086888426811063,0.024932171100469903,-0.1921987014534073,-0.05002988794750874
2025-01-04 10:15:00,M02,MEO,3.18869072219973,0.13434692408288848,0.6882724788393298,0.056575679661989516
2025-01-04 10:30:00,M02,MEO,6.3335287525434065,0.3253714111206295,1.6085002633228964,0.17475511005686956
2025-01-04 10:45:00,M02,MEO,9.871536697159858,0.5190284459432826,2.7913909133977612,0.28137162653054015
2025-01-04 11:00:00,M02,MEO,0.9847605233401966,0.022449885259211787,-0.12201824836310117,-0.021909879301112344
2025-01-04 11:15:00,M02,MEO,3.3530665207128245,0.17200037825298575,0.8857179916654488,0.059864768688170984
2025-01-04 11:30:00,M02,MEO,6.115450834250944,0.3353131098893636,1.8967644502289658,0.18566287565529777
2025-01-04 11:45:00,M02,MEO,9.165701745312706,0.5279243900750646,2.845956460753322,0.2835774868623722
2025-01-04 12:00:00,M02,MEO,0.18120993713134198,0.015377595134464996,0.030023638360772847,-0.03979688611725157
2025-01-04 12:15:00,M02,MEO,3.260894495600621,0.21334018040897115,0.9493392111660943,0.10224471110376714
2025-01-04 12:30:00,M02,MEO,6.649257336366417,0.36509613835939453,1.908177443955032,0.20060487657868054
2025-01-04 12:45:00,M02,MEO,9.370558309322753,0.5196175362053718,2.975772577408918,0.3021861967558357
2025-01-04 13:00:00,M02,MEO,-0.036735286873909645,-0.006054683337436299,0.10346587699586192,0.02514421607865965
2025-01-04 13:15:00,M02,MEO,3.180008044250035,0.2068291911592728,0.9639154655595594,0.11494098260522305
2025-01-04 13:30:00,M02,MEO,5.912829028471493,0.35139888362771227,1.9632013561810955,0.22262280376321145
2025-01-04 13:45:00,M02,MEO,8.664394078838379,0.5015133343507296,3.0648872371277744,0.31965663770831876
2025-01-04 14:00:00,M02,MEO,0.3593669655191064,0.018361189278448053,0.2093718481492872,0.040956893989578164
2025-01-04 14:15:00,M02,MEO,2.7961778867536813,0.16736188921083658,0.9975518789974541,0.16481936437292147
2025-01-04 14:30:00,M02,MEO,5.7879567369632365,0.34271932334817506,2.0348614830158613,0.20900000626864246
2025-01-04 14:45:00,M02,MEO,8.667596784606786,0.5257294384549405,3.183652229571248,0.355946067582235
2025-01-04 15:00:00,M02,MEO,0.12182941386360045,0.026381855245304352,0.18449354729269254,0.05186123330946903
2025-01-04 15:15:00,M02,MEO,2.398545126331462,0.15380889776191825,0.9938043948517052,0.16000563294615266
2025-01-04 15:30:00,M02,MEO,5.567287683426364,0.3140833666689698,2.1271853532197382,0.2689595932607808
2025-01-04 15:45:00,M02,MEO,8.39500958564246,0.521225559762215,3.1449183863528254,0.3785883257552614
2025-01-04 16:00:00,M02,MEO,-0.6053797544906563,-0.018028926822003032,0.1303026632771906,0.04581203815324321
2025-01-04 16:15:00,M02,MEO,2.579505306821465,0.16491595538081275,1.069517607478363,0.1141530600756943
2025-01-04 16:30:00,M02,MEO,5.615913181906148,0.2890319023708368,2.00053406993095,0.22438290128329144
2025-01-04 16:45:00,M02,MEO,8.0587496663711,0.4713301201953109,3.1092135299650865,0.337939836559139
2025-01-04 17:00:00,M02,MEO,-0.07201873276801551,-0.005148794521273268,0.18938023665770745,0.032607812089067524
2025-01-04 17:15:00,M02,MEO,1.9895101472289836,0.15004320236425364,0.8930053977296002,0.10382909685454876
2025-01-04 17:30:00,M02,MEO,5.219270732267226,0.2952495550227206,1.9983237261305675,0.23717772457974567
2025-01-04 17:45:00,M02,MEO,8.011471684056808,0.4534555931278361,2.9653181961771833,0.32281656231635086
2025-01-04 18:00:00,M02,MEO,-0.5884774816397241,-0.015193226452752558,-0.03982534405269704,-0.005812490692392162
2025-01-04 18:15:00,M02,MEO,2.4042994964902706,0.14520112934094223,0.9336322321578752,0.11536420160743541
2025-01-04 18:30:00,M02,MEO,5.750030422893675,0.3007328206068507,1.8936986134562384,0.16952360288973495
2025-01-04 18:45:00,M02,MEO,8.289639695653793,0.45622182905899406,2.910516880662983,0.29475186781617996
2025-01-04 19:00:00,M02,MEO,0.03723145957658813,-0.046675825774406494,-0.08595814902411038,-0.03930731413348182
2025-01-04 19:15:00,M02,MEO,2.276987788032244,0.13741627872026024,0.7768450464223995,0.07336583626607726
2025-01-04 19:30:00,M02,MEO,5.4901551497026135,0.2592476093885303,1.699490621264263,0.15683249266137714
2025-01-04 19:45:00,M02,MEO,8.672854317098908,0.4498127971253537,2.803410452751393,0.2578865793270642
2025-01-04 20:00:00,M02,MEO,-0.5188774187055103,-0.02257127664617135,-0.19623001195954506,-0.05097285709900151
2025-01-04 20:15:00,M02,MEO,3.095153239037353,0.10643544584189737,0.7334724146425289,0.06256183532160542
2025-01-04 20:30:00,M02,MEO,5.8591048025113155,0.31924838480930384,1.7475078116635359,0.15217829192428176
2025-01-04 20:45:00,M02,MEO,9.114040986938472,0.4509263606597656,2.8200015328854615,0.23570091562646242
2025-01-04 21:00:00,M02,MEO,-0.12328133552461774,0.004078668079147411,-0.13604141169038755,-0.06489478106547775
2025-01-04 21:15:00,M02,MEO,3.026055187109637,0.11460069985665744,0.8162857656724142,0.036620629596127136
2025-01-04 21:30:00,M02,MEO,6.238947527435011,0.3385000311484144,1.6992286196431239,0.15140211564158432
2025-01-04 21:45:00,M02,MEO,9.14128362693196,0.4719875008434439,2.8824090974739014,0.2607220973893822
2025-01-04 22:00:00,M02,MEO,0.23090540018884687,-0.01685285074293985,-0.1464659659961649,-0.048270361378224116
2025-01-04 22:15:00,M02,MEO,3.463139511619794,0.1491979054978078,0.6912900079395918,0.06326185905052456
2025-01-04 22:30:00,M02,MEO,5.977418696578394,0.3283629441305858,1.7636758706976765,0.15790924276756738
2025-01-04 22:45:00,M02,MEO,9.737519198500326,0.5443530528228664,2.858440644070007,0.24524308763458721
2025-01-04 23:00:00,M02,MEO,0.5729522018946391,0.020177773109631703,-0.061827213152281,-0.034568049512949964
2025-01-04 23:15:00,M02,MEO,3.1591859296668567,0.17125717305932567,0.8841852763815926,0.05009499122919913
2025-01-04 23:30:00,M02,MEO,6.207687101831433,0.33302777120308225,1.850642783519465,0.1645147957747547
2025-01-04 23:45:00,M02,MEO,9.330976057438564,0.5367753776574516,2.8470856012624686,0.3044113033476394
2025-01-05 00:00:00,M02,MEO,0.5682009736755224,0.014784281640402904,-0.09926780458190114,-0.0041125965204860445
2025-01-05 00:15:00,M02,MEO,3.348822260672534,0.21435880667928883,0.9425942706503302,0.09211505828215831
2025-01-05 00:30:00,M02,MEO,5.987629228212385,0.35495016697575493,1.9352751614894987,0.20473244115064415
2025-01-05 00:45:00,M02,MEO,8.88983517697363,0.5332076128299491,2.963494664021328,0.3055895979870256
2025-01-05 01:00:00,M02,MEO,0.27078763923560534,0.05166425705586367,0.174854666372593,0.03990142390747463
2025-01-05 01:15:00,M02,MEO,3.1795687747784296,0.17191472243654773,1.074456712287894,0.11460251052494087
2025-01-05 01:30:00,M02,MEO,5.808147506297045,0.34089744839684827,2.0222434436824335,0.25174907108091416
2025-01-05 01:45:00,M02,MEO,8.882633714471153,0.524830501114692,3.103052928087521,0.3076969216173292
2025-01-05 02:00:00,M02,MEO,-0.0009853329088438112,0.017169128338622185,0.1265033698935174,0.0641266453087614
2025-01-05 02:15:00,M02,MEO,2.653125109118579,0.17323808102438357,1.0693078636735698,0.150145416787119
2025-01-05 02:30:00,M02,MEO,5.594452223910806,0.34154626792456694,2.112093399140265,0.2526160969813082
2025-01-05 02:45:00,M02,MEO,8.533028589536071,0.5313119483168467,3.1129731087887373,0.33317301881414846
2025-01-05 03:00:00,M02,MEO,-0.05845217338542933,0.049802091039427177,0.05118994941267967,0.04828574268429993
2025-01-05 03:15:00,M02,MEO,2.472766247048708,0.18535394064121435,1.0639930614608837,0.16189460767001357
2025-01-05 03:30:00,M02,MEO,5.247980938337607,0.3044890478659796,2.120721527012608,0.26117014362605734
2025-01-05 03:45:00,M02,MEO,8.905060008168576,0.48568360693678825,3.1821173999605143,0.34239022107111433
2025-01-05 04:00:00,M02,MEO,-0.5819571506563181,0.009867103299765291,0.1221303360139415,0.04467180410628407
2025-01-05 04:15:00,M02,MEO,2.5522422619676943,0.15878327644504328,1.0938018825828189,0.16355040658106176
2025-01-05 04:30:00,M02,MEO,5.383498729754814,0.3201932818683219,2.043984667874616,0.23954399168071688
2025-01-05 04:45:00,M02,MEO,8.01841990412958,0.4606596506244978,3.1523055936694333,0.33586789473456763
2025-01-05 05:00:00,M02,MEO,-0.7296991943624964,-0.012437161711250332,0.08275267088717163,0.031603620336367585
2025-01-05 05:15:00,M02,MEO,2.1504035376153956,0.14828801945780729,1.0281373981803112,0.1173147926992761
2025-01-05 05:30:00,M02,MEO,4.945848828714234,0.29892056403146694,2.0160461038472457,0.2198580016198295
2025-01-05 05:45:00,M02,MEO,8.353321858924463,0.457045663107922,3.0133106333599344,0.30774303732540526
2025-01-05 06:00:00,M02,MEO,-0.6391849191732866,-0.007248173973831851,-0.030842094970217317,0.018498061888152863
2025-01-05 06:15:00,M02,MEO,2.521592298649809,0.1286511731891567,0.9116289558825316,0.13277491613083697
2025-01-05 06:30:00,M02,MEO,5.150457503730267,0.2743633631600353,1.9204756927571802,0.191188572341593
2025-01-05 06:45:00,M02,MEO,8.393361815603756,0.4814830105174002,2.9037614171806667,0.2862606051142607
2025-01-05 07:00:00,M02,MEO,-0.31289113991688977,-0.030716629672678256,-0.02520051952404805,-0.021601979999741977
2025-01-05 07:15:00,M02,MEO,1.9470821751929044,0.12364111039685256,0.8210897528613501,0.05022173285413324
2025-01-05 07:30:00,M02,MEO,5.340231101100505,0.27963552583201173,1.8515618282586535,0.1780912154762336
2025-01-05 07:45:00,M02,MEO,8.61464007289587,0.44681953487175385,2.7488870272133012,0.2672666179914957
2025-01-05 08:00:00,M02,MEO,-0.25285579099706396,-0.040974971957716544,-0.14627695378335812,-0.03559506076393064
2025-01-05 08:15:00,M02,MEO,2.64989958880459,0.11423665602514514,0.8075579138013129,0.04266090477640473
2025-01-05 08:30:00,M02,MEO,5.662555195595052,0.2694865823694455,1.6756928194260279,0.1589149486217908
2025-01-05 08:45:00,M02,MEO,8.73231457018366,0.4714370171342941,2.6272773609478364,0.25935184918590165
2025-01-05 09:00:00,M02,MEO,0.26419392149656595,0.03956905589608397,-0.26598752605487896,-0.05328590053563147
2025-01-05 09:15:00,M02,MEO,3.5947523996286073,0.12165422275023963,0.6606746457236341,0.06738392790254183
2025-01-05 09:30:00,M02,MEO,5.922550339868432,0.2908824272324164,1.6395948782481293,0.15133855794761208
2025-01-05 09:45:00,M02,MEO,9.210495355018702,0.46161025008882356,2.6854890666317095,0.25583460732798136
2025-01-05 10:00:00,M02,MEO,0.22292724384302448,-0.029032388876077165,-0.22595506103959562,-0.06174901637752892
2025-01-05 10:15:00,M02,MEO,2.788450850911591,0.16680653982255272,0.7326331650699016,0.04186051234131785
2025-01-05 10:30:00,M02,MEO,6.20789129138733,0.3330566739923091,1.6508635179995301,0.14477768031676894
2025-01-05 10:45:00,M02,MEO,9.529640692773338,0.50027090720444,2.850639083937422,0.25094945234322075
2025-01-05 11:00:00,M02,MEO,0.8000557669020538,0.01703584014818202,-0.027808197566354838,-0.031077971354943754
2025-01-05 11:15:00,M02,MEO,3.4703421214400265,0.1460481431439519,0.8230150314392747,0.08011558143666007
2025-01-05 11:30:00,M02,MEO,6.5686808833048795,0.35017606764754994,1.6955330284868815,0.17434646014087696
2025-01-05 11:45:00,M02,MEO,9.48889870365484,0.49975135913133684,2.899214575027813,0.26918626044338634
2025-01-05 12:00:00,M02,MEO,0.2379870404014267,0.021763507487050002,-0.009561623682172778,-0.017409333444404422
2025-01-05 12:15:00,M02,MEO,3.502816142430552,0.22191319548646782,0.9827695414482606,0.08397863543210858
2025-01-05 12:30:00,M02,MEO,6.073816727139787,0.34547645060600085,1.9943162375313541,0.19539358553487032
2025-01-05 12:45:00,M02,MEO,8.921941502816935,0.5335006772997217,3.02246307841887,0.2796266287851995
2025-01-05 13:00:00,M02,MEO,0.06135634997313985,0.048119422076284404,0.08288826268050686,0.03274949783763428
2025-01-05 13:15:00,M02,MEO,3.1855519597557653,0.17432456960341597,0.9607346870755539,0.11333058641713144
2025-01-05 13:30:00,M02,MEO,5.847329405131112,0.3619341768224936,2.0157629335602856,0.22121915319981222
2025-01-05 13:45:00,M02,MEO,8.919380583040482,0.5417134400913878,3.152524424201739,0.32356013180061394
2025-01-05 14:00:00,M02,MEO,0.39152210232213747,0.01335001669178808,0.2319636668461187,0.05250131797373018
2025-01-05 14:15:00,M02,MEO,2.716249363742338,0.19021002290834074,1.2172675259571744,0.12603610266198445
2025-01-05 14:30:00,M02,MEO,5.842782736320145,0.32786955779532906,2.055297415765092,0.2538009589965163
2025-01-05 14:45:00,M02,MEO,8.798216454776432,0.5103968856213508,3.1309662161425273,0.35402543719991153
2025-01-05 15:00:00,M02,MEO,0.013590195375335196,0.017379194765627257,0.21297954642168235,0.03684537211163696
2025-01-05 15:15:00,M02,MEO,2.5866245562139754,0.17103313793091462,1.155696369466591,0.142599708569279
2025-01-05 15:30:00,M02,MEO,5.3229914895671415,0.3420164493285575,2.043040618993826,0.24390790234468954
2025-01-05 15:45:00,M02,MEO,8.318536602586134,0.49911859290344,3.108659035695483,0.33787867466693317
2025-01-05 16:00:00,M02,MEO,-0.7654665666069687,0.004976804439109224,0.09758083342719873,0.04880051082950215
2025-01-05 16:15:00,M02,MEO,2.4972226733952643,0.12137262215513761,1.0878827674026272,0.13663273292538594
2025-01-05 16:30:00,M02,MEO,5.511260100345352,0.28704089772403374,1.9888849911126072,0.22548578289993348
2025-01-05 16:45:00,M02,MEO,8.251353453429328,0.49428969859784117,3.0345127837727346,0.3278354871304945
2025-01-05 17:00:00,M02,MEO,-0.6218350972602611,-0.013488644503884636,0.03621455204747431,0.02374175509951658
2025-01-05 17:15:00,M02,MEO,2.1114502391690233,0.1355432334195247,1.090668494958166,0.09982408572782243
2025-01-05 17:30:00,M02,MEO,5.40189601955488,0.30618475969643094,1.9861556784293828,0.19059277061050298
2025-01-05 17:45:00,M02,MEO,8.391743825101123,0.473871611311586,3.0093267700199267,0.307064333600273
2025-01-05 18:00:00,M02,MEO,-0.1917393268361212,-0.02000093188253848,0.09802377287534463,0.027508969652917457
2025-01-05 18:15:00,M02,MEO,2.3801504356145946,0.14490416382868254,0.907272297176073,0.09354969521695523
2025-01-05 18:30:00,M02,MEO,4.904311911013784,0.272154767229235,1.8337894700966175,0.16978348284082456
2025-01-05 18:45:00,M02,MEO,8.460038972739133,0.44262009843270594,2.9380243397306325,0.27549526784680234
2025-01-05 19:00:00,M02,MEO,-0.4433437781798582,-0.017161383714447753,-0.11359436325252978,-0.006118491309216871
2025-01-05 19:15:00,M02,MEO,2.550163918692417,0.13538408756221842,0.7352919055249262,0.0822775192838379
2025-01-05 19:30:00,M02,MEO,5.510817727578479,0.2803388101966274,1.7963010424305523,0.16307949399911514
2025-01-05 19:45:00,M02,MEO,8.67202914187199,0.4524567195613916,2.635254282156211,0.2450793741745724
2025-01-05 20:00:00,M02,MEO,-0.17714520282348536,0.008158802718142937,-0.22960547400683645,-0.06024040687820444
2025-01-05 20:15:00,M02,MEO,2.762325959114258,0.13882262619147878,0.692404218400895,0.0330149290556753
2025-01-05 20:30:00,M02,MEO,5.98255805198102,0.2741424422407458,1.6141304014787845,0.1464998714768544
2025-01-05 20:45:00,M02,MEO,9.204831316447217,0.45761574093851615,2.729086702544789,0.24415931346201394
2025-01-05 21:00:00,M02,MEO,0.12800321558864558,-0.03503820456775446,-0.18368482688009188,-0.06541364471841159
2025-01-05 21:15:00,M02,MEO,2.6649099509456775,0.13128417294796194,0.6608055099025547,0.039070355041042316
2025-01-05 21:30:00,M02,MEO,5.786369284821392,0.27754563905083984,1.7109392912828862,0.13815499143058899
2025-01-05 21:45:00,M02,MEO,9.322677068907929,0.4664426217440783,2.6791671594992246,0.26108903551223656
2025-01-05 22:00:00,M02,MEO,0.19305459009645765,-0.02919290058538686,-0.20840961803074093,-0.016411975544936563
2025-01-05 22:15:00,M02,MEO,3.0748527688901817,0.16738967596361531,0.8384239685030344,0.048658024120539725
2025-01-05 22:30:00,M02,MEO,6.147979253700391,0.32792149754089006,1.7447583664853787,0.15530478363808575
2025-01-05 22:45:00,M02,MEO,9.286934929774882,0.483778338879434,2.7780697018104936,0.25657867405236573
2025-01-05 23:00:00,M02,MEO,0.570328630394229,0.008646102835251258,-0.1192360475167077,-0.042047898115712475
2025-01-05 23:15:00,M02,MEO,3.593594997061526,0.20129569285861185,0.8054600425617385,0.05517466981679552
2025-01-05 23:30:00,M02,MEO,6.117107702614468,0.32947458980587974,1.7896406534708769,0.16915186526981577
2025-01-05 23:45:00,M02,MEO,9.902196810317593,0.5291800221379881,2.854604265190632,0.2825215868977647
2025-01-06 00:00:00,M02,MEO,0.7148963801026829,0.015677033654882835,-0.026751377264785225,0.004926852666348624
2025-01-06 00:15:00,M02,MEO,3.4903628353219345,0.1754100926600586,0.8000378760954838,0.08106297785484448
2025-01-06 00:30:00,M02,MEO,6.028698984689246,0.3391730822138702,1.9813881554238522,0.2185426616950309
2025-01-06 00:45:00,M02,MEO,9.293050565757223,0.5400577962312172,3.0520320083812233,0.31930928048085927
2025-01-06 01:00:00,M02,MEO,0.30419568706220323,0.04724063208856441,0.07923555758533328,0.02701128733482346
2025-01-06 01:15:00,M02,MEO,2.6420734060867725,0.1699158802518536,0.9568403237417299,0.09838392698570764
2025-01-06 01:30:00,M02,MEO,5.941032677119397,0.3703687731829456,2.009426951998391,0.21617312693529334
2025-01-06 01:45:00,M02,MEO,9.211821244104032,0.5269751468759086,3.1140513048403498,0.3185179203096241
2025-01-06 02:00:00,M02,MEO,0.07552433792652612,0.05353029797672521,0.1902323064467454,0.05871774269171313
2025-01-06 02:15:00,M02,MEO,2.979523369333508,0.16756128202446527,1.131230024285266,0.1254785912305374
2025-01-06 02:30:00,M02,MEO,5.8237890391853675,0.3787519816626286,2.1128966115143273,0.24850051428612152
2025-01-06 02:45:00,M02,MEO,8.696013379097435,0.5113444622724059,3.0619036929187593,0.35229619523891786
2025-01-06 03:00:00,M02,MEO,-0.19051443296622023,0.03316353619165395,0.13822048137736392,0.05014920650315546
2025-01-06 03:15:00,M02,MEO,2.5910729774180457,0.1774202279987217,1.1565205285714877,0.14655382055092772
2025-01-06 03:30:00,M02,MEO,5.427612308188806,0.31035795015815615,2.1344894989121186,0.24474953404611596
2025-01-06 03:45:00,M02,MEO,8.272241243146606,0.5001720171022398,2.9713192813814002,0.35386281482402093
2025-01-06 04:00:00,M02,MEO,-0.4369536294112202,0.013340415694192979,0.1875106156274223,0.04355043587539729
2025-01-06 04:15:00,M02,MEO,2.062097823962582,0.13936946131787212,1.0937117258353428,0.15194058581058217
2025-01-06 04:30:00,M02,MEO,5.210211058320083,0.31387360492401245,2.0592183262604946,0.2409525377408301
2025-01-06 04:45:00,M02,MEO,8.129399462731275,0.49972813194476173,3.037830705847196,0.3266233679504181
2025-01-06 05:00:00,M02,MEO,-0.6105598920890639,-0.00033981039865252013,0.04837317456882284,0.03718921874827695
2025-01-06 05:15:00,M02,MEO,2.062970534396409,0.13411534635769556,1.0356152245628982,0.12131437630119826
2025-01-06 05:30:00,M02,MEO,5.216676598082745,0.26119290543770746,1.9293293126887785,0.19359652864867902
2025-01-06 05:45:00,M02,MEO,8.701695771454903,0.45528300283050444,3.005156054490152,0.29847531008596073
2025-01-06 06:00:00,M02,MEO,-0.832688398353037,-0.018948495095982197,-0.06121186845648124,0.005922656132781676
2025-01-06 06:15:00,M02,MEO,2.402198701282492,0.11731636896886802,0.8400793954741199,0.08924698961065863
2025-01-06 06:30:00,M02,MEO,5.268330138894752,0.2802254791101233,1.7709941919264638,0.17927168733565962
2025-01-06 06:45:00,M02,MEO,8.331040440886447,0.45220937179336973,2.8211181273111334,0.29397469172506596
2025-01-06 07:00:00,M02,MEO,-0.8761220097169338,-0.018760942437325116,-0.07456172894857782,-0.012817741962823086
2025-01-06 07:15:00,M02,MEO,2.6621045615954,0.12565521831411408,0.7865448483557157,0.08641853588030672
2025-01-06 07:30:00,M02,MEO,5.439483957681679,0.3180992393367443,1.7063408615401745,0.164763905764425
2025-01-06 07:45:00,M02,MEO,8.883001075424096,0.4333357702296468,2.7876761935098413,0.2872884156389363
2025-01-06 08:00:00,M02,MEO,-0.3072456808454633,-0.0346468103357242,-0.1483336937795253,-0.07840521595991332
2025-01-06 08:15:00,M02,MEO,2.9559656753793764,0.1112952981381202,0.7767156036216294,0.049486601943531494
2025-01-06 08:30:00,M02,MEO,5.942169279958255,0.2869427328269813,1.6849215410480702,0.11414040389309878
2025-01-06 08:45:00,M02,MEO,9.24316151820436,0.444923489924816,2.7788642054952652,0.23720303633733442
2025-01-06 09:00:00,M02,MEO,0.25813129051946027,-0.024516987261648984,-0.28628330756879555,-0.06410007039517845
2025-01-06 09:15:00,M02,MEO,3.2839550654849283,0.11728730651757609,0.7098607714692953,0.06085130495086004
2025-01-06 09:30:00,M02,MEO,6.180935380123593,0.31775426505918797,1.6481062955813839,0.15050033570160853
2025-01-06 09:45:00,M02,MEO,9.603216039349059,0.49631154064798977,2.835696628979812,0.2562527086961534
2025-01-06 10:00:00,M02,MEO,0.5037107389991954,-0.007213734999856865,-0.23782955309022397,-0.05598750202644502
2025-01-06 10:15:00,M02,MEO,3.5556956711753442,0.13211547748678573,0.7290484714115648,0.06414272876009082
2025-01-06 10:30:00,M02,MEO,6.042358292045999,0.32853418847560567,1.7594735163749318,0.15301078023368564
2025-01-06 10:45:00,M02,MEO,9.205752492123407,0.485039123368486,2.7468886989271413,0.2995820937708315
2025-01-06 11:00:00,M02,MEO,0.3841874897795416,-0.019944591108808377,-0.045611426759545964,-0.018394297976324765
2025-01-06 11:15:00,M02,MEO,3.2563570387648197,0.19255175598161933,0.9002874570013474,0.052720963979277925
2025-01-06 11:30:00,M02,MEO,5.873279102229215,0.3584058473332613,1.9123720180023016,0.16363919348360959
2025-01-06 11:45:00,M02,MEO,9.757614642488264,0.5362606713194529,2.837259796844947,0.2791949903859583
2025-01-06 12:00:00,M02,MEO,0.34466291658547055,0.05709170301312016,-0.003012731632127695,0.010261950111900604
2025-01-06 12:15:00,M02,MEO,3.148844238254969,0.16703868076219536,0.963568459193674,0.09472597773598646
2025-01-06 12:30:00,M02,MEO,6.252769902242935,0.36239138483504835,1.9275323025276605,0.20123672031985748
2025-01-06 12:45:00,M02,MEO,9.099408375330214,0.5040516764096199,2.9571933838306186,0.32350005996001446
2025-01-06 13:00:00,M02,MEO,0.19722792616372753,0.028944480286065458,0.1696552125222387,0.005443900595157156
2025-01-06 13:15:00,M02,MEO,2.541821152407822,0.2017586499968543,1.0703521049799778,0.10928280819329969
2025-01-06 13:30:00,M02,MEO,6.18455863734113,0.3302993383865201,1.9694018516747136,0.2345644446076842
2025-01-06 13:45:00,M02,MEO,8.556781927984158,0.5107905169349092,3.0107775642966867,0.3371565586965049
2025-01-06 14:00:00,M02,MEO,-0.16593737845847417,0.03116275195342806,0.2334145083198228,0.035688516240595373
2025-01-06 14:15:00,M02,MEO,2.734940001432557,0.17026692402798257,1.0140375217597626,0.1369496336190024
2025-01-06 14:30:00,M02,MEO,5.423500888802153,0.334677999351909,2.0436072499474727,0.23492295963358717
2025-01-06 14:45:00,M02,MEO,8.556934920603897,0.522043822176981,3.0650786355799786,0.34689741224285914
2025-01-06 15:00:00,M02,MEO,-0.20963814908725056,0.031238754350756525,0.20632970228426675,0.03401653381151208
2025-01-06 15:15:00,M02,MEO,2.4113367740693272,0.16011011742675843,1.1034240676329121,0.12597987813715786
2025-01-06 15:30:00,M02,MEO,5.337621774222999,0.32844751672522743,1.9949657555969422,0.24634191897571192
2025-01-06 15:45:00,M02,MEO,8.891751514281774,0.48266118286287674,3.193664627294733,0.34697227258328617
2025-01-06 16:00:00,M02,MEO,-0.27053581821251316,0.0022992495059902113,0.10970541552588559,0.0590993036405262
2025-01-06 16:15:00,M02,MEO,2.1263805044633024,0.13339963246821657,1.1270651144264523,0.10587127825325264
2025-01-06 16:30:00,M02,MEO,4.946219982792498,0.30296825408678124,1.9689958209027394,0.21487670991299238
2025-01-06 16:45:00,M02,MEO,8.17434186018963,0.4809028141049982,3.006746708715642,0.32897696645238445
2025-01-06 17:00:00,M02,MEO,-0.3835640351229936,-0.027184638206078318,0.13639046248326772,0.040978848995010725
2025-01-06 17:15:00,M02,MEO,2.0683877729483693,0.115844922625779,1.143080076087299,0.11663926942007917
2025-01-06 17:30:00,M02,MEO,5.184077065507727,0.31003278155515385,1.9660729268000243,0.22019389263705305
2025-01-06 17:45:00,M02,MEO,8.631092042524907,0.46790771623547406,3.03139275266046,0.29907751290715434
2025-01-06 18:00:00,M02,MEO,-0.8655051173299743,0.00913515060912194,0.047415364831476216,0.025553592311581656
2025-01-06 18:15:00,M02,MEO,1.8807462889556186,0.10278694253759432,0.894767553125519,0.10111526478403743
2025-01-06 18:30:00,M02,MEO,5.204499848797275,0.26798368172050707,1.8450087630032628,0.1465439484108826
2025-01-06 18:45:00,M02,MEO,8.460158160795256,0.4063090003592087,2.864196049346911,0.29428254828613426
2025-01-06 19:00:00,M02,MEO,-0.41913055383112446,-0.06203212015594164,-0.13263662868579162,-0.012295156121944917
2025-01-06 19:15:00,M02,MEO,2.275742044833391,0.08496902138981133,0.9143958633639852,0.06417798801781721
2025-01-06 19:30:00,M02,MEO,5.44764144276741,0.293587579723039,1.7736770813798712,0.1482727758425683
2025-01-06 19:45:00,M02,MEO,8.715107575554274,0.4300332698092215,2.7274802684829402,0.26600525518354823
2025-01-06 20:00:00,M02,MEO,-0.7273438097403528,-0.04518296096812757,-0.22534421371847096,-0.039776949687328714
2025-01-06 20:15:00,M02,MEO,2.2708928085704096,0.14066134333118058,0.6955292561808173,0.049155205724565415
2025-01-06 20:30:00,M02,MEO,5.6727275933818015,0.2855519807253105,1.7588633954742923,0.13641848009897123
2025-01-06 20:45:00,M02,MEO,8.921860445841121,0.4545279886937161,2.760794845150527,0.25439369843971416
2025-01-06 21:00:00,M02,MEO,0.12546339201054937,0.04108969782556915,-0.3140515728864822,-0.05411926949910683
2025-01-06 21:15:00,M02,MEO,2.58534611418997,0.13799995774964782,0.7085152431634771,0.0528959068814916
2025-01-06 21:30:00,M02,MEO,6.057350375775403,0.3383588442072692,1.7840039014023867,0.1505381518435091
2025-01-06 21:45:00,M02,MEO,9.163454270792881,0.47086045137508437,2.730679799621133,0.24884311165437753
2025-01-06 22:00:00,M02,MEO,0.3243560580282617,0.013503763270258633,-0.2116726959061407,-0.04865936363469939
2025-01-06 22:15:00,M02,MEO,3.191976564727768,0.1636356697806383,0.7043651921559895,0.04392728169019561
2025-01-06 22:30:00,M02,MEO,6.074920870002531,0.34008407946886887,1.6988763121677584,0.13718266326061826
2025-01-06 22:45:00,M02,MEO,9.352213387120957,0.5375587414492583,2.778990856595778,0.2509958683539219
2025-01-06 23:00:00,M02,MEO,0.9574301451604157,0.026480069503957288,-0.08870768251551313,-0.03907759832481035
2025-01-06 23:15:00,M02,MEO,3.426249918533081,0.15875341392414138,0.8194183314155353,0.04073712612442739
2025-01-06 23:30:00,M02,MEO,6.187813055855601,0.35790542325276287,1.910062158911844,0.14356906033451683
2025-01-06 23:45:00,M02,MEO,9.340137505434187,0.5390778281196946,2.9267447220708833,0.28385243837389673
2025-01-07 00:00:00,M02,MEO,0.6272870662792516,0.017582050296566173,0.014528729091141841,-0.021768237177351917
2025-01-07 00:15:00,M02,MEO,3.362151429725043,0.1566653510717381,0.9167529573702096,0.09179899542744997
2025-01-07 00:30:00,M02,MEO,6.099526732697538,0.3386422450076215,2.0642163833068303,0.20390579308613818
2025-01-07 00:45:00,M02,MEO,9.202539826955814,0.5102504805718356,3.1027561874664515,0.29796680841492995
2025-01-07 01:00:00,M02,MEO,0.18341317839658006,0.01719471128953187,0.09717618212718934,0.008173903307625312
2025-01-07 01:15:00,M02,MEO,3.322512078063032,0.188774055731529,0.9493324705350763,0.12488473517563228
2025-01-07 01:30:00,M02,MEO,5.683625028857886,0.3439176350938547,1.9708892644901885,0.19926060180205196
2025-01-07 01:45:00,M02,MEO,8.860210445410575,0.5477799434812891,3.106849411575389,0.34530978630763814
2025-01-07 02:00:00,M02,MEO,0.48991115011616776,0.025548637181199124,0.20735288056495332,0.0374584934281128
2025-01-07 02:15:00,M02,MEO,2.6249863236470574,0.18899957626229016,1.115890947650845,0.13575932026099563
2025-01-07 02:30:00,M02,MEO,5.536061443934441,0.3571091618041903,2.066708517943291,0.2566404680154944
2025-01-07 02:45:00,M02,MEO,8.797184019062895,0.5076259640903645,3.227109612222688,0.3787705066886109
2025-01-07 03:00:00,M02,MEO,-0.09860022680926758,0.01793639934183896,0.22477782435414795,0.061451453861365364
2025-01-07 03:15:00,M02,MEO,2.5298065325041716,0.17080504120143786,1.1416499617369729,0.1635393203412173
2025-01-07 03:30:00,M02,MEO,5.509979385561607,0.34926998550375626,1.9907774815162682,0.23890160884551273
2025-01-07 03:45:00,M02,MEO,8.34955094150238,0.49799669041605416,3.0203692446883736,0.36741584021255114
2025-01-07 04:00:00,M02,MEO,-1.0618848973217474,0.03530161001177745,0.1970542370967701,0.051545800723630915
2025-01-07 04:15:00,M02,MEO,2.4960452455577435,0.15668716855774678,1.0743828619517177,0.13164564868021794
2025-01-07 04:30:00,M02,MEO,5.238933080026752,0.29805150359178006,2.0412304735707183,0.2284317821168132
2025-01-07 04:45:00,M02,MEO,8.485899640097886,0.4802648735523122,3.072774103747202,0.32782778101770493
2025-01-07 05:00:00,M02,MEO,-0.535073494928441,-0.009367548230158135,0.06079433391792264,0.04500520005789495
2025-01-07 05:15:00,M02,MEO,2.4990826422821897,0.11687927563886902,0.9556198883539762,0.12999324871596332
2025-01-07 05:30:00,M02,MEO,5.015814535933621,0.2989960670548472,1.864830202873351,0.2082989879829306
2025-01-07 05:45:00,M02,MEO,8.374293394246614,0.4622140528398389,2.8765458959823,0.2992724473441015
2025-01-07 06:00:00,M02,MEO,-0.3386374134696522,-0.022046716900465734,0.008986802462108404,-0.0013558782262719856
2025-01-07 06:15:00,M02,MEO,1.92466096909184,0.1056726492789605,0.9424028362434028,0.08225515017153273
2025-01-07 06:30:00,M02,MEO,5.2731317645784985,0.300775232206178,1.7706023994112814,0.19210546474920076
2025-01-07 06:45:00,M02,MEO,8.488382660904051,0.45399768988870726,2.974584602316168,0.2776290683404684
2025-01-07 07:00:00,M02,MEO,-0.1391597938222961,-0.01239278583550745,-0.11764128192692348,-0.03411706734491905
2025-01-07 07:15:00,M02,MEO,2.465682699603508,0.13106458553030909,0.7768907440224408,0.0573887961052304
2025-01-07 07:30:00,M02,MEO,5.479771734039852,0.29216067206882235,1.7537419310552553,0.14186658023564583
2025-01-07 07:45:00,M02,MEO,8.562676845584699,0.4379128344661321,2.8555121695717283,0.2464913514197602
2025-01-07 08:00:00,M02,MEO,-0.16731124934768601,-0.02490200862856095,-0.2173810480007903,-0.02116067743092652
2025-01-07 08:15:00,M02,MEO,2.725179742091138,0.14671915370906036,0.799588056795232,0.04425494148786082
2025-01-07 08:30:00,M02,MEO,5.795578526376613,0.30976578261972815,1.7052210473264555,0.12518287234202535
2025-01-07 08:45:00,M02,MEO,9.038323489833296,0.5068563337861236,2.759396668562192,0.23972250467072298
2025-01-07 09:00:00,M02,MEO,0.354448339942809,0.003744740756500576,-0.21378405900161376,-0.04964194434229903
2025-01-07 09:15:00,M02,MEO,3.2976907039422727,0.14514021491781467,0.7921675567471811,0.03592494669273065
2025-01-07 09:30:00,M02,MEO,5.941697152828059,0.3078868361509201,1.7790944230472345,0.13192228571133613
2025-01-07 09:45:00,M02,MEO,9.222699477897038,0.4849818267947218,2.866704541481296,0.27117086939448565
2025-01-07 10:00:00,M02,MEO,0.15059870207801263,-0.00033123047806049664,-0.19125634023347976,-0.08609737339092878
2025-01-07 10:15:00,M02,MEO,3.280788670980531,0.1648072837707218,0.7092156300178382,0.03288698844884144
2025-01-07 10:30:00,M02,MEO,5.981400664219845,0.34127231003521363,1.731751456269498,0.1610140932507101
2025-01-07 10:45:00,M02,MEO,9.180983359831123,0.49575373766943337,2.7813196247046412,0.28406459319734734
2025-01-07 11:00:00,M02,MEO,0.26564685491352363,0.024618910653873862,-0.12733261214153782,-0.029088391470130457
2025-01-07 11:15:00,M02,MEO,3.36758713129053,0.19284263860173345,0.8502676600130935,0.06414948958037132
2025-01-07 11:30:00,M02,MEO,6.350028222221078,0.34406293324071874,1.8140330266219187,0.16644004972866722
2025-01-07 11:45:00,M02,MEO,9.446787740657161,0.5006373891086325,2.8380377918456796,0.2907684367692508
2025-01-07 12:00:00,M02,MEO,0.45922929616092806,0.007897710138305881,0.031643570223034184,-0.013632775590128297
2025-01-07 12:15:00,M02,MEO,3.1049695405615942,0.15943620729359648,0.9589163653221594,0.09450666705655565
2025-01-07 12:30:00,M02,MEO,5.927626573254399,0.3790925359641662,1.927788556942732,0.19377907839826644
2025-01-07 12:45:00,M02,MEO,8.960448391031951,0.5477294556585374,3.009983261259759,0.31946739367494253
2025-01-07 13:00:00,M02,MEO,0.11063958539936086,0.042328384626477936,0.06368128442514726,0.011824715128675979
2025-01-07 13:15:00,M02,MEO,3.423377280850936,0.18179085867146721,1.0103230332078137,0.1156920819684122
2025-01-07 13:30:00,M02,MEO,5.6237992493715065,0.34671766728708386,2.0551180039615944,0.21084742976351578
2025-01-07 13:45:00,M02,MEO,8.782396786482096,0.5106620382380203,3.095319465208121,0.33308700849034484
2025-01-07 14:00:00,M02,MEO,-0.5340330959123057,0.027562919750376853,0.12484372546162865,0.02889405106917761
2025-01-07 14:15:00,M02,MEO,2.583329705888903,0.18082999738123479,1.0847074671008057,0.15547881042241476
2025-01-07 14:30:00,M02,MEO,5.564777071934894,0.3431901676407424,2.030874833259684,0.22741289054078467
2025-01-07 14:45:00,M02,MEO,8.679914880266365,0.5094600065856428,3.16938096120988,0.3619013993869025
2025-01-07 15:00:00,M02,MEO,-0.5875953323328971,0.036061823392046395,0.22137875032864268,0.03064820843555461
2025-01-07 15:15:00,M02,MEO,2.5220161758871904,0.1790072358968843,1.0758256090151623,0.12092122813708692
2025-01-07 15:30:00,M02,MEO,5.426886646761781,0.3158314643557454,2.055523441035581,0.2437846696074028
2025-01-07 15:45:00,M02,MEO,8.648541502764996,0.4837036377960511,3.1430683264553267,0.36286601961386883
2025-01-07 16:00:00,M02,MEO,-0.6505637813619783,-0.017583362182204257,0.08740482341638484,0.03136782665740558
2025-01-07 16:15:00,M02,MEO,2.352933074143279,0.1364100624126565,1.052092228818061,0.09678029859383379
2025-01-07 16:30:00,M02,MEO,5.351212766133626,0.34026412340200723,1.9789048417146569,0.2256383492813096
2025-01-07 16:45:00,M02,MEO,8.229998529796223,0.4856062053227796,2.9943791255174497,0.3295933450853108
2025-01-07 17:00:00,M02,MEO,-0.4318149787502562,0.024801947132018855,0.001411314013080086,0.012061946653936501
2025-01-07 17:15:00,M02,MEO,2.066113076192812,0.1310572918224627,0.9557611031455655,0.07988981115548968
2025-01-07 17:30:00,M02,MEO,4.695980312648321,0.28762814209334736,1.9312370825760143,0.19643306389685483
2025-01-07 17:45:00,M02,MEO,8.10792346637721,0.4527613348834059,3.0079494651775924,0.3070593641911838
2025-01-07 18:00:00,M02,MEO,-0.14626340417377304,-0.04351921210215525,0.031301020514368484,-0.00893581718097549
2025-01-07 18:15:00,M02,MEO,2.3218288368572053,0.12052051217647239,0.9820145318042784,0.09373998931306331
2025-01-07 18:30:00,M02,MEO,5.289125416653904,0.30373767961969167,1.80174440287394,0.1930415840704371
2025-01-07 18:45:00,M02,MEO,8.352623940298479,0.46626704928389356,2.82181517029161,0.25637740419729427
2025-01-07 19:00:00,M02,MEO,0.07462013069051232,-0.036185030048943835,-0.14326406720930734,-0.00456355687060608
2025-01-07 19:15:00,M02,MEO,2.297815114102436,0.10315977325072963,0.6788047993112172,0.07050223106014962
2025-01-07 19:30:00,M02,MEO,5.472489556565134,0.29043279475932177,1.6730826711216236,0.15158952646655055
2025-01-07 19:45:00,M02,MEO,8.516887070808929,0.45172202563377767,2.8337703139366823,0.26819081155407676
2025-01-07 20:00:00,M02,MEO,0.20268304839078105,-0.037137594268111175,-0.1892272174166826,-0.05828391953700782
2025-01-07 20:15:00,M02,MEO,2.8062364997091094,0.14435041319759162,0.7481365599561385,0.049973054076333956
2025-01-07 20:30:00,M02,MEO,5.783245278129071,0.3051322181827368,1.6498706447704754,0.14834892903506355
2025-01-07 20:45:00,M02,MEO,8.974354709552044,0.47572858554895453,2.7832148136481,0.21714512677116735
2025-01-07 21:00:00,M02,MEO,0.3997072767425781,-0.00971482039903904,-0.2507241567562487,-0.06124951994205993
2025-01-07 21:15:00,M02,MEO,3.095624707971674,0.11943455426986313,0.746244553823994,0.03694532278253851
2025-01-07 21:30:00,M02,MEO,6.454175060856723,0.32103871969517406,1.7080543606089733,0.13809846583442814
2025-01-07 21:45:00,M02,MEO,9.125366764397302,0.5046306646613005,2.747883677372667,0.24508035149006466
2025-01-07 22:00:00,M02,MEO,0.3087083062871898,-0.004519905483504169,-0.2191099684991458,-0.050577664415893786
2025-01-07 22:15:00,M02,MEO,3.510862852149336,0.13443383377711876,0.7794385220757377,0.07088526996008222
2025-01-07 22:30:00,M02,MEO,6.3571280504590755,0.34091462896179797,1.829574043111462,0.14866570407454766
2025-01-07 22:45:00,M02,MEO,9.524546259694402,0.5018521182778359,2.885435704521792,0.268593054769543
2025-01-07 23:00:00,M02,MEO,0.6941189255871276,0.01847549807867752,-0.06217636513724496,-0.018962922650892198
2025-01-07 23:15:00,M02,MEO,3.0088994898511627,0.16055617414707296,0.7884574629217205,0.054679265792221834
2025-01-07 23:30:00,M02,MEO,6.437084527530722,0.3581595452615124,1.7860894295192633,0.16802538113109378
2025-01-07 23:45:00,M02,MEO,9.459393575500155,0.5165379250255487,2.9141705596502643,0.29067832000737187
2025-01-08 00:00:00,M02,MEO,0.23143494402648945,0.01089839473348,0.12158316461724977,0.007740465064197509
2025-01-08 00:15:00,M02,MEO,3.2252105536645095,0.20494486360481678,0.8985632741385242,0.11491951632347253
2025-01-08 00:30:00,M02,MEO,6.14594955612278,0.363198906243938,1.936105974957245,0.19580372373836344
2025-01-08 00:45:00,M02,MEO,9.201379442997025,0.5413274918970817,3.0425944287513467,0.30253634349437086
2025-01-08 01:00:00,M02,MEO,-0.17692363307519895,0.03705709505766137,0.07878951453105086,0.03647221571355916
2025-01-08 01:15:00,M02,MEO,2.8360299624746297,0.18942222021495608,0.9106899888121041,0.12397731059270958
2025-01-08 01:30:00,M02,MEO,5.596118969371098,0.35228420801702454,2.018719733060819,0.21606214162302573
2025-01-08 01:45:00,M02,MEO,8.887716500977675,0.546039601386628,3.0929508744566983,0.323111852780513
2025-01-08 02:00:00,M02,MEO,-0.11542619773438872,0.05119813793146814,0.07539584662986765,0.04934828185354596
2025-01-08 02:15:00,M02,MEO,2.6438716022331747,0.1909208072424096,1.0746732156669538,0.12723264143777296
2025-01-08 02:30:00,M02,MEO,5.651555695784968,0.3179906853273565,2.04054493746487,0.2575647061815921
2025-01-08 02:45:00,M02,MEO,8.901216111970841,0.49321530385625256,3.161154938290702,0.33077000959867187
2025-01-08 03:00:00,M02,MEO,-0.5010052587613735,0.025219914755273607,0.2293119648654039,0.049114152001201714
2025-01-08 03:15:00,M02,MEO,2.0181849338723072,0.16843775389069174,1.0683029729120996,0.1409555853606117
2025-01-08 03:30:00,M02,MEO,5.086220675915806,0.31484416392198294,2.0465174900383527,0.22419018336339472
2025-01-08 03:45:00,M02,MEO,8.383181912560575,0.4714726987120998,3.2078453776175686,0.35742830309767876
2025-01-08 04:00:00,M02,MEO,-0.7359525215737853,0.002025997682745643,0.27813630061310773,0.036340782620497725
2025-01-08 04:15:00,M02,MEO,2.1475452773145216,0.12319269221765057,1.069723944608087,0.14502990473094685
2025-01-08 04:30:00,M02,MEO,5.072557144216267,0.31966050287551334,1.9855892786010667,0.2186660233538321
2025-01-08 04:45:00,M02,MEO,8.127495458168442,0.49404670010895274,3.067257196577264,0.34438816971509306
2025-01-08 05:00:00,M02,MEO,-0.2519535302306618,-0.023392761414456776,0.11256450617913288,0.02542803106509697
2025-01-08 05:15:00,M02,MEO,2.381327863680863,0.1387407654353266,0.9909301024294312,0.09168290680586734
2025-01-08 05:30:00,M02,MEO,4.980894245044775,0.31534979103967903,1.8977687372234546,0.21337286540203393
2025-01-08 05:45:00,M02,MEO,8.22667076794258,0.4422780601146054,3.0217366801888086,0.3062739745927536
2025-01-08 06:00:00,M02,MEO,-0.5781088653407397,-0.04644645074478744,-0.04107166590877138,0.005512644171805621
2025-01-08 06:15:00,M02,MEO,2.5769527069960327,0.11090096552052864,0.862504086103472,0.07510803432403171
2025-01-08 06:30:00,M02,MEO,5.2295120910845805,0.28426752906672237,1.8037169103985708,0.18091229197180297
2025-01-08 06:45:00,M02,MEO,8.758863264589825,0.45636016393242895,2.7636940705578636,0.2803153452695337
2025-01-08 07:00:00,M02,MEO,-0.2894365030057197,-0.04983488860606014,-0.14316449093110617,-0.016630059327603745
2025-01-08 07:15:00,M02,MEO,2.6567381727474526,0.10323765220647514,0.8204574859014274,0.03963008877328944
2025-01-08 07:30:00,M02,MEO,5.757686223540574,0.258278128592663,1.7578698262400418,0.14757909253473883
2025-01-08 07:45:00,M02,MEO,8.773590659840115,0.4563152854574238,2.7645326130894685,0.25678156561135174
2025-01-08 08:00:00,M02,MEO,-0.1906321416473572,-0.01773295625141673,-0.23597881503841472,-0.03486406291735381
2025-01-08 08:15:00,M02,MEO,2.745754592949084,0.13547865325378794,0.7658564547244148,0.06148876811373525
2025-01-08 08:30:00,M02,MEO,5.681775982790164,0.2851642715235179,1.8496822881861064,0.1428538443613807
2025-01-08 08:45:00,M02,MEO,8.897912239231767,0.46377587164996487,2.7444400702377125,0.2568110805628873
2025-01-08 09:00:00,M02,MEO,0.3999572800139535,-0.02113090253301564,-0.0948924851094571,-0.059547046609112406
2025-01-08 09:15:00,M02,MEO,2.978461891808579,0.14007792960461424,0.6474364888550692,0.03858690762269992
2025-01-08 09:30:00,M02,MEO,6.63830243381959,0.29185486581248643,1.6398366683172692,0.14718772436407263
2025-01-08 09:45:00,M02,MEO,9.486550886419717,0.5135944944747494,2.749295178578608,0.23742782525911765
2025-01-08 10:00:00,M02,MEO,0.5803573094610949,0.010646477738760544,-0.2605041063291252,-0.03534961747564444
2025-01-08 10:15:00,M02,MEO,3.1071676160307766,0.17774450986193163,0.7530567234440186,0.0661857587801385
2025-01-08 10:30:00,M02,MEO,6.042928128373001,0.30931490298163383,1.7476647903897446,0.1295379301244903
2025-01-08 10:45:00,M02,MEO,9.05690634765619,0.5084816654274906,2.794626349751261,0.24293721260146306
2025-01-08 11:00:00,M02,MEO,0.8410928350201455,0.02316141680957048,-0.23817374474083983,-0.01600065455275731
2025-01-08 11:15:00,M02,MEO,3.4228765941254786,0.17843851243379544,0.8999184713723233,0.062377494707063455
2025-01-08 11:30:00,M02,MEO,6.402615451947279,0.36295436543849774,1.8834362717934099,0.16608451477911398
2025-01-08 11:45:00,M02,MEO,9.130665299108005,0.5066476102619849,2.869676887973572,0.28925283325913803
2025-01-08 12:00:00,M02,MEO,0.8322656208905268,0.017477884419374794,0.036424734093730676,0.0027567224404635047
2025-01-08 12:15:00,M02,MEO,3.336395511954884,0.15980386851205053,0.9437690262666975,0.09105065373673545
2025-01-08 12:30:00,M02,MEO,5.561212451630256,0.3103509784922255,1.8710048047575112,0.20170455071183613
2025-01-08 12:45:00,M02,MEO,9.006307861362941,0.49404899205987335,3.0804674582218015,0.3121535526991542
2025-01-08 13:00:00,M02,MEO,0.18926248293150177,0.037541968455600816,0.0815005092413297,0.04521417027452586
2025-01-08 13:15:00,M02,MEO,2.695453491887972,0.20396701291637273,1.0646771882542316,0.12326149952231663
2025-01-08 13:30:00,M02,MEO,6.406907427411429,0.3498921378319635,2.0367450436514303,0.21300319531993958
2025-01-08 13:45:00,M02,MEO,9.008765228569498,0.5040976343797625,3.175258955602227,0.32834472054177205
2025-01-08 14:00:00,M02,MEO,-0.03655126083322264,0.04607649045726973,0.20173314643239398,0.07636690134418649
2025-01-08 14:15:00,M02,MEO,2.261870753365067,0.15100698611332455,1.0155468719216085,0.13555547402745796
2025-01-08 14:30:00,M02,MEO,5.6773222941572765,0.33540225213329955,2.1244823847862704,0.24468991620825933
2025-01-08 14:45:00,M02,MEO,8.80247328771059,0.51099530821913,3.194793697488837,0.34595581044366475
2025-01-08 15:00:00,M02,MEO,-0.0746001535037414,0.021654993263912466,0.274728508773806,0.045676306516132276
2025-01-08 15:15:00,M02,MEO,2.324706380895919,0.15603231701947423,1.1285310519403946,0.14945139773543825
2025-01-08 15:30:00,M02,MEO,5.4650551245756605,0.31115806113569877,2.1209465635002513,0.24776791365346681
2025-01-08 15:45:00,M02,MEO,8.562401709680037,0.48367228362509856,3.1600689484531466,0.3230325630297243
2025-01-08 16:00:00,M02,MEO,-0.32698038671140045,-0.016931864160738042,0.24385327464320614,0.04643925608186634
2025-01-08 16:15:00,M02,MEO,2.3703444336195045,0.13969249437126058,0.9877528604072784,0.15022125975974485
2025-01-08 16:30:00,M02,MEO,5.352314994807656,0.27598903586898327,2.13022125417373,0.23810227050762026
2025-01-08 16:45:00,M02,MEO,8.196463633196881,0.4683187088562291,2.977405778115704,0.355414562781951
2025-01-08 17:00:00,M02,MEO,-1.0811995415526534,-0.013525820400542983,0.11058354559901395,0.024780248193075862
2025-01-08 17:15:00,M02,MEO,2.109268184692939,0.1369449117409689,1.0477361961226266,0.134782059756542
2025-01-08 17:30:00,M02,MEO,5.37760341384003,0.2797697887764358,1.8954175208055046,0.20698310644625442
2025-01-08 17:45:00,M02,MEO,7.970394560872476,0.47534482586691273,2.9057688207716637,0.3136145045256846
2025-01-08 18:00:00,M02,MEO,-0.350723108944934,-0.04948730256856812,0.006609331942777491,0.003868540027976331
2025-01-08 18:15:00,M02,MEO,2.792028442886907,0.15489041048615668,0.8768477763032329,0.08487838471329415
2025-01-08 18:30:00,M02,MEO,5.39184787297093,0.27495223224594656,1.7684437333959113,0.17745967108997707
2025-01-08 18:45:00,M02,MEO,8.705706699787218,0.42892131979867065,2.8343600489951166,0.2779297898516591
2025-01-08 19:00:00,M02,MEO,-0.3696567608831823,-0.02394982783231199,-0.16310453545993125,-0.016446856096683435
2025-01-08 19:15:00,M02,MEO,2.8597861845684367,0.12069926721625224,0.7237953138485027,0.06970944174009386
2025-01-08 19:30:00,M02,MEO,5.61095995092509,0.2944222345076097,1.7068421570007795,0.15325401499261235
2025-01-08 19:45:00,M02,MEO,8.94543045836465,0.4627746710140914,2.757201665097747,0.2710998934068527
2025-01-08 20:00:00,M02,MEO,-0.0895972107719724,-0.04964001067733243,-0.19818800908374923,-0.06903149239261838
2025-01-08 20:15:00,M02,MEO,2.8450221513031893,0.1385056191260166,0.7722719419809037,0.03466137179108202
2025-01-08 20:30:00,M02,MEO,5.975831791958817,0.2832229397115235,1.679250817462773,0.14061925251592003
2025-01-08 20:45:00,M02,MEO,9.182006935557409,0.47431389794818984,2.7411390360279224,0.24298529891688872
2025-01-08 21:00:00,M02,MEO,0.5947349149150382,-0.03404613413142067,-0.17685406904349793,-0.03427667410742441
2025-01-08 21:15:00,M02,MEO,2.9879056961518384,0.13605403068162197,0.6389026765248467,0.014126934858406163
2025-01-08 21:30:00,M02,MEO,6.106752093266649,0.3039112510067465,1.7373599827239958,0.14460316786880253
2025-01-08 21:45:00,M02,MEO,9.575416319981523,0.4741976219209724,2.7295371501660597,0.25187889895637317
2025-01-08 22:00:00,M02,MEO,0.2607155870254351,0.018161513849898257,-0.15048535490738116,-0.06153757192380522
2025-01-08 22:15:00,M02,MEO,3.2298148713680255,0.1523932504604705,0.7891126646767965,0.08534746924192985
2025-01-08 22:30:00,M02,MEO,6.077753779026426,0.3096306438274647,1.7324593878132748,0.1539819957128614
2025-01-08 22:45:00,M02,MEO,9.40722836755385,0.48720447376578196,2.8096397255318495,0.2726067648669906
2025-01-08 23:00:00,M02,MEO,0.8066242870029527,0.016451988764143794,-0.10364753575427317,-0.03674253181419946
2025-01-08 23:15:00,M02,MEO,3.476620783624585,0.16474709163224033,0.7910987495021206,0.06962506309101313
2025-01-08 23:30:00,M02,MEO,6.762162107751986,0.3595927215449563,1.8301283272082092,0.17327668587047457
2025-01-08 23:45:00,M02,MEO,9.649261826523947,0.5417241972032798,2.959492543603073,0.28217442737141324
2025-01-01 00:00:00,M03,MEO,-0.5274641792834499,-0.008153370616567332,0.26300089296871587,-0.000246072291665476
2025-01-01 00:15:00,M03,MEO,1.7090526418621086,0.12981005007934812,1.2016774482665067,0.04196123633274069
2025-01-01 00:30:00,M03,MEO,4.670904055762302,0.2374934164983117,1.9474865994747714,0.051433637952394196
2025-01-01 00:45:00,M03,MEO,7.534278627640977,0.3582601660111995,2.891142430257774,0.12905310715746693
2025-01-01 01:00:00,M03,MEO,-0.8840068359885294,0.008512862599630426,0.6337441899210887,0.0426896349333777
2025-01-01 01:15:00,M03,MEO,2.0147328732308054,0.13047240979944022,1.5252386414433012,0.0653745061483291
2025-01-01 01:30:00,M03,MEO,4.636497178360108,0.2554955528019716,2.1843651441794747,0.12329643200917767
2025-01-01 01:45:00,M03,MEO,7.5299792463781525,0.3537395054748806,3.1104377744732474,0.15324254351651664
2025-01-01 02:00:00,M03,MEO,-0.5949574332062317,0.01261765440880402,0.8376320169989497,0.033492672955703136
2025-01-01 02:15:00,M03,MEO,2.1209795854997813,0.09856248565998305,1.5862109533412658,0.07580349933724707
2025-01-01 02:30:00,M03,MEO,4.969001463087293,0.252616988929473,2.287667754058149,0.10664863707789035
2025-01-01 02:45:00,M03,MEO,8.070219428132262,0.4157905755448126,3.0298972673456874,0.14897979488215207
2025-01-01 03:00:00,M03,MEO,0.31929031059166596,-0.04071698207976654,0.8117542390578298,0.04556276191483525
2025-01-01 03:15:00,M03,MEO,2.9432831137608213,0.126948503151134,1.400406648121158,0.053555240655411174
2025-01-01 03:30:00,M03,MEO,5.558512295394199,0.26778481860445597,2.094892279706289,0.11742440768775787
2025-01-01 03:45:00,M03,MEO,8.63941360133555,0.4002708741749878,2.8332629800619356,0.1537222134461789
2025-01-01 04:00:00,M03,MEO,0.5322191768001763,-0.01906713860452474,0.5620830525001005,0.02523477080022894
2025-01-01 04:15:00,M03,MEO,3.4349002870140186,0.11083194831488115,1.1649228298060572,0.04529512013899183
2025-01-01 04:30:00,M03,MEO,6.078578063236016,0.23609950342897262,1.8984266013477649,0.10705630749698446
2025-01-01 04:45:00,M03,MEO,9.246028070941815,0.367208263936239,2.453755598314597,0.11908052544285407
2025-01-01 05:00:00,M03,MEO,0.9255922731303738,0.0016483169451790925,0.16738782676132677,-0.0030610040900305715
2025-01-01 05:15:00,M03,MEO,3.488070291374828,0.11725982872470998,0.7555820200817817,0.03819748270300969
2025-01-01 05:30:00,M03,MEO,6.432032548167126,0.2832341611200869,1.3880889609790945,0.09272278533534678
2025-01-01 05:45:00,M03,MEO,9.135409716146706,0.39328932799809757,2.071704128336042,0.12782520932443386
2025-01-01 06:00:00,M03,MEO,1.3937898850667902,-0.008242215162332863,-0.35352122675221265,-0.005994428966585306
2025-01-01 06:15:00,M03,MEO,3.7998195622463364,0.09755460059065617,0.2248981405009135,0.032587343087153255
2025-01-01 06:30:00,M03,MEO,6.538142048251889,0.26357422858210344,0.8520945289385826,0.025729417100866646
2025-01-01 06:45:00,M03,MEO,8.831014984616129,0.3633276737081808,1.5611748782709765,0.09905993801654187
2025-01-01 07:00:00,M03,MEO,0.6993656192287927,0.017909444392311,-0.7412499554190377,-0.01134739150547993
2025-01-01 07:15:00,M03,MEO,3.1067697847926867,0.10533391122614619,-0.08232354829622253,0.009771067422864743
2025-01-01 07:30:00,M03,MEO,5.669778993232684,0.25353905846140246,0.6656855652941077,0.05717235129125605
2025-01-01 07:45:00,M03,MEO,8.774617748091122,0.3910371690554519,1.3646209574823667,0.0871311758040504
2025-01-01 08:00:00,M03,MEO,0.16447519831415172,0.027813318113825918,-0.8757333332358819,-0.033291859002660414
2025-01-01 08:15:00,M03,MEO,2.2821973114684457,0.13986080412332402,-0.19297594899099563,0.010417197223123606
2025-01-01 08:30:00,M03,MEO,5.310329743935566,0.2720445414975007,0.5715745776140132,0.030708644527140543
2025-01-01 08:45:00,M03,MEO,8.519623420761215,0.37835430244209256,1.24471116843034,0.08806095311366906
2025-01-01 09:00:00,M03,MEO,-0.10349563256123324,-0.014470992815959592,-0.7645438418443283,-0.04048208042533696
2025-01-01 09:15:00,M03,MEO,2.51657575148348,0.09222890197442743,-0.034776373707928375,-0.014973863101654926
2025-01-01 09:30:00,M03,MEO,4.893222627655,0.24350193871090298,0.7488836139798539,0.031794065863970274
2025-01-01 09:45:00,M03,MEO,8.07727585169261,0.4089488461453879,1.615010044740792,0.06276206778439276
2025-01-01 10:00:00,M03,MEO,-0.11770209383053598,0.02568365156033016,-0.5844687309484122,-0.030013325878006373
2025-01-01 10:15:00,M03,MEO,2.2757938961649344,0.1232753275075617,0.13253355316434068,0.014331501603193754
2025-01-01 10:30:00,M03,MEO,4.739369620175108,0.2526128910624703,1.105677839096482,0.05813668340322445
2025-01-01 10:45:00,M03,MEO,7.3802066512060245,0.37815449638374865,1.9687379321205607,0.08660442418056008
2025-01-01 11:00:00,M03,MEO,-0.7617376650274111,-0.009303148034010372,-0.04008190521899552,-0.02321927043167389
2025-01-01 11:15:00,M03,MEO,1.4164047018403287,0.09134245746969864,0.6695095383684344,0.020038497931069335
2025-01-01 11:30:00,M03,MEO,4.408987077590944,0.26119179317524943,1.479022826536104,0.058802974058293864
2025-01-01 11:45:00,M03,MEO,7.006891302551872,0.3959004291962386,2.3865869529105064,0.11818087729196766
2025-01-01 12:00:00,M03,MEO,-1.0193291414078973,-0.019502567381876067,0.3206482920165843,0.002968740690791869
2025-01-01 12:15:00,M03,MEO,1.5694233239175812,0.117239595470499,1.0512553685782713,0.06945858998566003
2025-01-01 12:30:00,M03,MEO,4.327128193304843,0.2576612716664111,2.028286862246201,0.06675403584178335
2025-01-01 12:45:00,M03,MEO,7.286861622552483,0.3942556596077481,2.8386555938530647,0.14449166490949716
2025-01-01 13:00:00,M03,MEO,-0.6988153667320437,-0.02572903573464208,0.6169388239266669,0.018420248173878724
2025-01-01 13:15:00,M03,MEO,1.9607881311394113,0.15397453719906956,1.4268535863696221,0.06146853720756967
2025-01-01 13:30:00,M03,MEO,4.769561960024621,0.24168486500489003,2.224914216012891,0.09324502008736368
2025-01-01 13:45:00,M03,MEO,7.862440325297283,0.40682186534036313,3.0887982419625395,0.1446612077796575
2025-01-01 14:00:00,M03,MEO,-0.4742272468787685,0.03143225765544938,0.8706583785383931,0.04723583553839895
2025-01-01 14:15:00,M03,MEO,2.367371945957676,0.12696462660114693,1.6195969943753161,0.08564619363228568
2025-01-01 14:30:00,M03,MEO,4.97396122525677,0.20858234478909987,2.301344709097716,0.1496935558375856
2025-01-01 14:45:00,M03,MEO,8.475387901370453,0.3804856460010213,3.103154851402906,0.1743346399058467
2025-01-01 15:00:00,M03,MEO,0.3365552512101151,-0.005654200296443261,0.8848972534281037,0.03869094611054463
2025-01-01 15:15:00,M03,MEO,3.1558230239571303,0.08928575561731113,1.5003119915650243,0.0648235388105875
2025-01-01 15:30:00,M03,MEO,5.300674574005244,0.23235677124691032,2.124003585258318,0.12739481290099414
2025-01-01 15:45:00,M03,MEO,8.981314398941834,0.37022524401612317,2.933046286495736,0.14934019206285123
2025-01-01 16:00:00,M03,MEO,0.6984547633630719,0.0026760178895428085,0.5902079757887743,0.048954855957611995
2025-01-01 16:15:00,M03,MEO,3.2727467704593787,0.1394306103059308,1.2132619227016028,0.07044672799233878
2025-01-01 16:30:00,M03,MEO,6.374662884004111,0.25018595466613186,1.8726935401573508,0.08612368026093234
2025-01-01 16:45:00,M03,MEO,8.816475417204847,0.3743555922269506,2.423480050630359,0.12417806867351855
2025-01-01 17:00:00,M03,MEO,0.8051954716494824,0.000621390012778486,0.18740830480472798,0.011446090771266643
2025-01-01 17:15:00,M03,MEO,3.3153701361808334,0.14557237815129656,0.6945058853545563,0.04908287788559171
2025-01-01 17:30:00,M03,MEO,6.0539377420381,0.24348830764467405,1.3958780287402295,0.06797790433233937
2025-01-01 17:45:00,M03,MEO,9.095199158329148,0.4007092826267872,2.0533434500356633,0.11235151331519921
2025-01-01 18:00:00,M03,MEO,1.2519088412688146,-0.0009373302547209398,-0.48163899164720286,-0.0018194412980410916
2025-01-01 18:15:00,M03,MEO,3.1667220786139034,0.14423784157082736,0.2630441217553184,0.02609882182944141
2025-01-01 18:30:00,M03,MEO,5.8486431397082335,0.2811358527028968,0.9453213461857117,0.04023843542595879
2025-01-01 18:45:00,M03,MEO,9.146168632494856,0.36902025592233606,1.6466076658725186,0.08758050154443364
2025-01-01 19:00:00,M03,MEO,1.0104380237103436,-0.03066701357347957,-0.6937468527236221,0.01837445266201484
2025-01-01 19:15:00,M03,MEO,3.1254668542658424,0.10397542973579135,-0.2213367362711088,0.00444780565252866
2025-01-01 19:30:00,M03,MEO,6.048556821328386,0.258591764566555,0.6083204539992731,0.0506261322211195
2025-01-01 19:45:00,M03,MEO,9.226556915792012,0.41281484070299135,1.307266589930363,0.10092319207233179
2025-01-01 20:00:00,M03,MEO,0.7778751124741647,-0.004653893448353328,-0.9853850427438695,-0.0513231913194954
2025-01-01 20:15:00,M03,MEO,2.7929986606855577,0.13901626755335775,-0.15459669589380318,-0.039007016235331225
2025-01-01 20:30:00,M03,MEO,5.369458492710376,0.2549306809702486,0.43910934452135625,0.041948058663455814
2025-01-01 20:45:00,M03,MEO,8.224319484775823,0.39567994379866106,1.2816826805183659,0.0676409708483313
2025-01-01 21:00:00,M03,MEO,0.1905797221128424,0.0013604712532418978,-0.7969504452939622,-0.047478990352907216
2025-01-01 21:15:00,M03,MEO,2.366363184864646,0.12922001551061518,-0.11352587026241817,-0.018373323297026324
2025-01-01 21:30:00,M03,MEO,4.773105726805607,0.24820899004938424,0.5463825581681118,0.005960537606143915
2025-01-01 21:45:00,M03,MEO,7.882017318940223,0.40601153131580003,1.5663041725599458,0.09421730824633866
2025-01-01 22:00:00,M03,MEO,-0.4582232926043541,0.0016063857621497744,-0.5193523476052477,-0.039940896935489134
2025-01-01 22:15:00,M03,MEO,2.118953190233397,0.11954903290707092,0.2532495594794451,0.000958062057196793
2025-01-01 22:30:00,M03,MEO,4.610410454056194,0.24149033854872995,1.0912229005250869,0.0575572458030003
2025-01-01 22:45:00,M03,MEO,6.949019692370967,0.4140132330699742,1.968053018026801,0.09911262096076316
2025-01-01 23:00:00,M03,MEO,-0.7059587646425971,-0.004037315232170843,-0.1477795103199718,-0.011247925068231428
2025-01-01 23:15:00,M03,MEO,1.6952566123577064,0.1415484454160577,0.7020893324229325,0.03250102677444141
2025-01-01 23:30:00,M03,MEO,4.184862221158466,0.2505984800937319,1.4449466287985815,0.07819406557753805
2025-01-01 23:45:00,M03,MEO,6.930748476191887,0.3965973338269828,2.418921292316946,0.09707043097226083
2025-01-02 00:00:00,M03,MEO,-0.7724755219386245,0.011442668874036806,0.34012630236635777,0.010811422866685575
2025-01-02 00:15:00,M03,MEO,1.4789306666867303,0.12778356278777458,1.2105747211106743,0.04635661840922434
2025-01-02 00:30:00,M03,MEO,4.603583252640455,0.24028831585076363,2.030281772924033,0.08376949654225702
2025-01-02 00:45:00,M03,MEO,7.308323037434191,0.39127478056588905,2.7858033565766585,0.1452585579870705
2025-01-02 01:00:00,M03,MEO,-0.8189823804366017,-0.006643176261867914,0.7259248050835454,0.02424698651343139
2025-01-02 01:15:00,M03,MEO,1.4872939170053718,0.10110600421978168,1.4541419637665733,0.05863234237015438
2025-01-02 01:30:00,M03,MEO,4.774416049779381,0.27388822161674947,2.206214491071264,0.12730224416622812
2025-01-02 01:45:00,M03,MEO,7.605494143818745,0.37900505174824484,3.1831024475444623,0.14612999515588693
2025-01-02 02:00:00,M03,MEO,0.012766495695211655,-0.010548234782482015,0.9316170864780831,0.06717803673333868
2025-01-02 02:15:00,M03,MEO,2.356381848798879,0.08689966533490466,1.5634583883340676,0.07377385290075553
2025-01-02 02:30:00,M03,MEO,4.997226825928468,0.23493686425688723,2.254044897254589,0.11704014384512551
2025-01-02 02:45:00,M03,MEO,8.364621781707404,0.37341892417636086,3.155275157239033,0.14819767810262727
2025-01-02 03:00:00,M03,MEO,-0.08982975322822401,-0.00830193949325372,0.815517513304191,0.031536234381652775
2025-01-02 03:15:00,M03,MEO,2.8577108324397655,0.10648174527274294,1.420131486662315,0.08098962630814038
2025-01-02 03:30:00,M03,MEO,5.612725259145131,0.2542031724869877,2.1335701192023446,0.12042862632926053
2025-01-02 03:45:00,M03,MEO,8.351844992036899,0.3889207613207107,2.960970578375614,0.15732118331913067
2025-01-02 04:00:00,M03,MEO,0.6146210182122003,0.004708090304962032,0.6614618826904904,0.05082159322204881
2025-01-02 04:15:00,M03,MEO,2.8624814439397275,0.11470683781111847,1.1772682501565739,0.07295526619122478
2025-01-02 04:30:00,M03,MEO,6.092832507174444,0.2834608779684003,1.776271715966903,0.08558473270760715
2025-01-02 04:45:00,M03,MEO,9.28732980244591,0.3902775221175515,2.453103822135964,0.11087438227833059
2025-01-02 05:00:00,M03,MEO,1.1332756979001617,-0.017730748396995365,0.13067162293122186,0.021714262406366387
2025-01-02 05:15:00,M03,MEO,3.6949478264907523,0.10154210879832574,0.7570402996118094,0.044542487587647527
2025-01-02 05:30:00,M03,MEO,6.190867876024887,0.22059635397434146,1.2589968127274918,0.0774029911040321
2025-01-02 05:45:00,M03,MEO,9.158825171878258,0.40917588868763893,2.0226231861245005,0.114328345656568
2025-01-02 06:00:00,M03,MEO,0.7553826069713878,0.01765615101491603,-0.36826423446497625,-0.009275972672170616
2025-01-02 06:15:00,M03,MEO,3.2866635159428395,0.14810739171968848,0.33467423485907677,0.04375788600097777
2025-01-02 06:30:00,M03,MEO,5.9834126655913975,0.2552748354859426,0.8271471633951426,0.058721337935520014
2025-01-02 06:45:00,M03,MEO,9.336941232948288,0.3882211977715102,1.5502548196611197,0.09455923510317407
2025-01-02 07:00:00,M03,MEO,0.5738208991698762,0.0007520814136576194,-0.7513567159137841,-0.018473862032160525
2025-01-02 07:15:00,M03,MEO,3.3210694953561166,0.12151175768587526,-0.07093890206473766,0.017174918737575345
2025-01-02 07:30:00,M03,MEO,6.128250135355552,0.2135132091166263,0.5923601073114968,0.025141489610255252
2025-01-02 07:45:00,M03,MEO,8.313347411480555,0.3962722393878397,1.3480252218865059,0.10281282878310875
2025-01-02 08:00:00,M03,MEO,0.6125077535592326,0.01922135721257186,-0.7948637995544391,-0.04977988405892676
2025-01-02 08:15:00,M03,MEO,2.8504534206731305,0.1415020268567842,-0.20138895952363356,-0.03004113596607877
2025-01-02 08:30:00,M03,MEO,5.537719882025977,0.27038335097789407,0.6137901275851291,0.04436401005212102
2025-01-02 08:45:00,M03,MEO,7.976639748490626,0.40053483677180446,1.393872463252814,0.08136673923413822
2025-01-02 09:00:00,M03,MEO,0.10052546497780938,0.03458125744990683,-0.8845453345656122,-0.033239891170050676
2025-01-02 09:15:00,M03,MEO,2.484721858318658,0.10171462165191518,-0.17632241571162469,-0.0003814720663928976
2025-01-02 09:30:00,M03,MEO,5.036073975855362,0.26450844565126785,0.7187224714839487,0.01550482970320879
2025-01-02 09:45:00,M03,MEO,7.651666317614504,0.3686255156149364,1.5223497526281382,0.07096643807369313
2025-01-02 10:00:00,M03,MEO,-0.4928405842314714,0.004791350842408299,-0.5558050033687396,-0.0282400854127826
2025-01-02 10:15:00,M03,MEO,1.558439525318992,0.1332676036564679,0.2027349169696771,0.012932324196222136
2025-01-02 10:30:00,M03,MEO,4.876008562065773,0.2505576174222024,0.9576183088413108,0.0467170687912454
2025-01-02 10:45:00,M03,MEO,7.651381440228368,0.39944499671554035,1.9316181151559215,0.08985960288219784
2025-01-02 11:00:00,M03,MEO,-0.7785649347413285,0.025064558284842428,-0.2280172073518074,0.001865948995840817
2025-01-02 11:15:00,M03,MEO,1.8003968629301867,0.12953219040796976,0.7172081030405002,0.02613534695024034
2025-01-02 11:30:00,M03,MEO,4.066656721607573,0.24617887930235402,1.565469479559379,0.06912913175601514
2025-01-02 11:45:00,M03,MEO,7.165002980500883,0.4021340360259731,2.2939373270392496,0.10901359042134609
2025-01-02 12:00:00,M03,MEO,-0.663636516072455,0.019928206679351235,0.32363298232768606,0.00826924631348587
2025-01-02 12:15:00,M03,MEO,1.7877646686109476,0.10582953578004256,1.1695543274178464,0.05818355606508125
2025-01-02 12:30:00,M03,MEO,4.287201895839225,0.24884296377872303,2.0710618117884723,0.10001545287275254
2025-01-02 12:45:00,M03,MEO,7.4080215403540794,0.3568841832280299,2.9311294094330047,0.13559312540883134
2025-01-02 13:00:00,M03,MEO,-0.995615649394257,-0.007450206220639372,0.725381868992387,0.031056424950272863
2025-01-02 13:15:00,M03,MEO,2.0145549453294453,0.13459685259168402,1.3956258785362587,0.0673436846085224
2025-01-02 13:30:00,M03,MEO,4.978792787358574,0.27659834664993177,2.2569837146614438,0.11747611731383902
2025-01-02 13:45:00,M03,MEO,7.572414047729337,0.38840403192386613,3.1609056539774727,0.15554632467128154
2025-01-02 14:00:00,M03,MEO,-0.37393434524425617,0.017068858645704343,0.973224492697635,0.06513477713703361
2025-01-02 14:15:00,M03,MEO,2.282624624295682,0.136088839621349,1.601959290738577,0.11740565155130275
2025-01-02 14:30:00,M03,MEO,4.945784451847046,0.2663204379508972,2.266057058333817,0.10937401928248436
2025-01-02 14:45:00,M03,MEO,7.934502563223673,0.3720305435096396,3.0776897753587016,0.14305585401709342
2025-01-02 15:00:00,M03,MEO,0.18963036770686703,-0.01275243394784278,0.8205876329007953,0.04846161364038025
2025-01-02 15:15:00,M03,MEO,2.810694067102149,0.12120555941485082,1.47039674274339,0.0994557821283517
2025-01-02 15:30:00,M03,MEO,5.579101168766438,0.24788229621777766,2.136572280721641,0.12539175195574323
2025-01-02 15:45:00,M03,MEO,8.73347942596181,0.37877125487642116,2.936794444987926,0.14303881056624548
2025-01-02 16:00:00,M03,MEO,0.45237470140335756,0.0037982104057464328,0.5859868808824161,0.04002437086806781
2025-01-02 16:15:00,M03,MEO,3.3191087087274926,0.12076923832936376,1.1526408539405586,0.07661961251701387
2025-01-02 16:30:00,M03,MEO,5.889699789449201,0.2533603594766956,1.7807562076700638,0.08948668102572888
2025-01-02 16:45:00,M03,MEO,8.991068277538227,0.3643189559364043,2.4851286752234407,0.12586571347186365
2025-01-02 17:00:00,M03,MEO,0.8993585078178078,0.008211148378910585,0.07525224538403827,0.02078235262043335
2025-01-02 17:15:00,M03,MEO,3.4118927296841006,0.13681729599867126,0.7560368558228925,0.044741936372597386
2025-01-02 17:30:00,M03,MEO,6.3795496647224,0.21335493298664338,1.28251672166903,0.09111549134156222
2025-01-02 17:45:00,M03,MEO,9.460751191992033,0.38835215023540026,2.0371789801511304,0.11125777142072137
2025-01-02 18:00:00,M03,MEO,0.732312150782895,0.000830541640452394,-0.2624724207313602,0.0011703556343320405
2025-01-02 18:15:00,M03,MEO,3.6269875464167143,0.0882111915877832,0.20525545083425528,0.030896674126514936
2025-01-02 18:30:00,M03,MEO,5.8400265314448685,0.2426846673422121,0.7888544922014852,0.055208254194826036
2025-01-02 18:45:00,M03,MEO,8.72282687210639,0.4008692208123261,1.58494765961325,0.0660984034603786
2025-01-02 19:00:00,M03,MEO,0.7872430785453386,-0.005674075197566934,-0.7182537529023181,-0.032584415873152923
2025-01-02 19:15:00,M03,MEO,3.063690383002543,0.13302168696273609,-0.015234034293960006,0.01253250824117617
2025-01-02 19:30:00,M03,MEO,5.621686338083412,0.2446714347712124,0.6423342655285581,0.04210920084204283
2025-01-02 19:45:00,M03,MEO,8.93447279602501,0.4204253996637623,1.3701193154644626,0.07610566920276352
2025-01-02 20:00:00,M03,MEO,0.3739728886357247,-0.0173499868946651,-0.8497319791195805,-0.039955623744437854
2025-01-02 20:15:00,M03,MEO,3.3083585072141983,0.10595649278001307,-0.2017623537333869,-0.01304735176104922
2025-01-02 20:30:00,M03,MEO,5.237105877781884,0.26016357994820943,0.49645344434023636,0.013254437704515818
2025-01-02 20:45:00,M03,MEO,7.984105052593506,0.36869954133228094,1.355128247240485,0.08604163835534395
2025-01-02 21:00:00,M03,MEO,-0.15336852507272736,0.01457232329512358,-0.8539003082804963,-0.03158722569304182
2025-01-02 21:15:00,M03,MEO,2.0380893083877893,0.11269916160813241,0.04127790691437698,-0.017392187314457644
2025-01-02 21:30:00,M03,MEO,4.767590687130416,0.29479190744819844,0.6968709527281931,0.03725199774464546
2025-01-02 21:45:00,M03,MEO,7.7787007322671675,0.38408423822986243,1.6154294921342471,0.06750855096273904
2025-01-02 22:00:00,M03,MEO,-0.48763216716707386,0.014613730324959646,-0.5061316180322958,-0.04001743696946663
2025-01-02 22:15:00,M03,MEO,1.8769490387450594,0.13807323937838942,0.2506102059612341,0.010580184003031356
2025-01-02 22:30:00,M03,MEO,4.872482995257079,0.26046304382303503,1.0431373154439652,0.03766446547171196
2025-01-02 22:45:00,M03,MEO,7.635100034635902,0.4157454314282967,1.9711294640556931,0.08856619769253544
2025-01-02 23:00:00,M03,MEO,-0.8145878532736036,0.03497012835145688,-0.07180875305906657,-0.007937497409059035
2025-01-02 23:15:00,M03,MEO,1.8956871143413823,0.10424311471602492,0.7002908093769253,0.029339665085302554
2025-01-02 23:30:00,M03,MEO,4.294327126831954,0.28958163745108617,1.5099248754653487,0.07134660860974625
2025-01-02 23:45:00,M03,MEO,7.0824586076210165,0.3696326288640926,2.4165427851841192,0.09460084799179862
2025-01-03 00:00:00,M03,MEO,-0.7632087290981744,-0.034805311943730474,0.3862472473877162,0.006354755682848342
2025-01-03 00:15:00,M03,MEO,1.6284988977274284,0.12264288619544961,1.1218073720987074,0.05873925662882235
2025-01-03 00:30:00,M03,MEO,4.2164509088366025,0.24735306080249939,1.9941522866865444,0.12035098961065563
2025-01-03 00:45:00,M03,MEO,7.964248671581375,0.36522896021457074,2.8484409686373238,0.14661530963880617
2025-01-03 01:00:00,M03,MEO,-0.6364005926721752,-0.018616494112642597,0.6713367448727345,0.018025122158812953
2025-01-03 01:15:00,M03,MEO,2.086524292137711,0.12361843781119308,1.4536454723454653,0.061730238205878155
2025-01-03 01:30:00,M03,MEO,4.681927404376107,0.24338759249786118,2.2747868659883057,0.11021208595940349
2025-01-03 01:45:00,M03,MEO,7.734817777201726,0.3759337062986875,3.150406044353555,0.17431841034470233
2025-01-03 02:00:00,M03,MEO,-0.448623131412539,0.004721859537740169,0.9219143522270214,0.03024765451097143
2025-01-03 02:15:00,M03,MEO,2.2882927285056085,0.0913859790994235,1.5349766767122976,0.06247928118205275
2025-01-03 02:30:00,M03,MEO,4.940369103309419,0.2183909248150989,2.3232146155504663,0.11263263784773828
2025-01-03 02:45:00,M03,MEO,8.003393531458794,0.3580958915450788,3.119848544237016,0.1643409196694893
2025-01-03 03:00:00,M03,MEO,0.3781588585792922,-0.010971635198494539,0.9607213594693489,0.03863625934247626
2025-01-03 03:15:00,M03,MEO,2.8859589128428,0.11375289500534061,1.511166900100575,0.08536068663162785
2025-01-03 03:30:00,M03,MEO,5.648363996917048,0.2742509410297034,2.1253715121214882,0.09608873665791104
2025-01-03 03:45:00,M03,MEO,8.77876966703507,0.3707574586452878,2.8375988210080325,0.15410145577548565
2025-01-03 04:00:00,M03,MEO,0.7126331774487812,-0.0033765997970479247,0.5746832883308931,0.03589006228395486
2025-01-03 04:15:00,M03,MEO,2.8274632267058486,0.11898316839636128,1.1383773960711152,0.0564532253329819
2025-01-03 04:30:00,M03,MEO,5.9198151582633685,0.23740747627156467,1.6718868866207894,0.0943531619437074
2025-01-03 04:45:00,M03,MEO,8.847541964551493,0.3860169308993286,2.381057897672547,0.1665466590924104
2025-01-03 05:00:00,M03,MEO,0.804675362875172,0.009585835424641713,0.2081245503726438,0.00957725516205192
2025-01-03 05:15:00,M03,MEO,3.5813938422586595,0.13148541594230884,0.7416527604303956,0.0393852855199843
2025-01-03 05:30:00,M03,MEO,5.942646079046571,0.2367507513986433,1.27023197492708,0.08592265618710253
2025-01-03 05:45:00,M03,MEO,9.269763226532868,0.40050755655422987,1.9752605410846191,0.11382538557410941
2025-01-03 06:00:00,M03,MEO,1.343918818268395,-0.021148615650442598,-0.41839218597992395,0.006507128929558012
2025-01-03 06:15:00,M03,MEO,3.5033727103348298,0.13295267781877984,0.17463660957187455,0.0010432471406259104
2025-01-03 06:30:00,M03,MEO,6.224106160115998,0.23481284293518595,1.0085081990416294,0.03990184278577842
2025-01-03 06:45:00,M03,MEO,9.212580473636612,0.41051196309363464,1.597277493150475,0.11119085640192648
2025-01-03 07:00:00,M03,MEO,0.5261361856341303,-0.013713889622631616,-0.7298572399170817,-0.005516832504866732
2025-01-03 07:15:00,M03,MEO,2.880529004046555,0.13269254478529388,-0.17940747206017904,-0.009470937470081672
2025-01-03 07:30:00,M03,MEO,5.904511986797717,0.2677557783324996,0.5350671445393511,0.0237752253481228
2025-01-03 07:45:00,M03,MEO,8.900903175218556,0.3604979416155937,1.3581028473211219,0.0423529066674155
2025-01-03 08:00:00,M03,MEO,0.8307970418519344,-0.01593304998136366,-0.8293282208638332,-0.02632268056669461
2025-01-03 08:15:00,M03,MEO,2.8655414481341515,0.12932238104490867,-0.17110644725293697,0.01456489624676139
2025-01-03 08:30:00,M03,MEO,5.284974592259736,0.26418135534085346,0.5659091441217122,0.03386071715329322
2025-01-03 08:45:00,M03,MEO,8.535509297629181,0.39658513363171116,1.3510481559698542,0.06683084174098068
2025-01-03 09:00:00,M03,MEO,-0.16972748393846337,0.022068164475674504,-0.7635898811278258,-0.049799528934173526
2025-01-03 09:15:00,M03,MEO,2.322009673990878,0.12271199541698148,-0.1187788536804279,-0.003144216997303108
2025-01-03 09:30:00,M03,MEO,4.961102621455978,0.2546861103045289,0.7634306523654866,0.036948418584350176
2025-01-03 09:45:00,M03,MEO,7.636344466905868,0.37942558425234135,1.7541757477835256,0.08762661918998282
2025-01-03 10:00:00,M03,MEO,-1.1780082656492927,0.010051665953122279,-0.45466467621718687,-0.0197932942916932
2025-01-03 10:15:00,M03,MEO,1.9125620318132721,0.11078869922987217,0.272531946630565,-0.02433125709751073
2025-01-03 10:30:00,M03,MEO,4.476721111926168,0.2543632113916196,1.2382741819512282,0.058005276164711454
2025-01-03 10:45:00,M03,MEO,7.589786911899985,0.4122402110474224,2.004418295721344,0.10143990391203483
2025-01-03 11:00:00,M03,MEO,-0.8832100070497485,0.017969030632960313,-0.11721869464015379,-0.013495935130644666
2025-01-03 11:15:00,M03,MEO,1.4070210331901734,0.11930221089404948,0.7407847149663287,0.022920471348825452
2025-01-03 11:30:00,M03,MEO,4.461484519433111,0.2389731822707036,1.6432915421118275,0.0609408137302204
2025-01-03 11:45:00,M03,MEO,7.242723464491943,0.3867009205604833,2.3981016722205983,0.12288170189229948
2025-01-03 12:00:00,M03,MEO,-1.3666339146833701,0.008974763401345714,0.36683471852227534,-0.010706228684756253
2025-01-03 12:15:00,M03,MEO,2.028604359872732,0.11893679117484456,1.1824279218030396,0.027771831267891234
2025-01-03 12:30:00,M03,MEO,4.359265135698306,0.2628690247715656,2.0385897844475585,0.10406236582282709
2025-01-03 12:45:00,M03,MEO,7.1883550994635295,0.4012096236603487,2.8692130186521916,0.11406095926399751
2025-01-03 13:00:00,M03,MEO,-0.6887855658448574,0.0019288448589785273,0.8398378051893207,0.04896073656377371
2025-01-03 13:15:00,M03,MEO,1.907858809561127,0.11689873447204849,1.5504332011951825,0.05100214069451452
2025-01-03 13:30:00,M03,MEO,5.0874814801497115,0.2519425000563252,2.3035312593365886,0.10266730702211216
2025-01-03 13:45:00,M03,MEO,7.934502502829202,0.3700205008713952,3.151077550073749,0.16880152490317238
2025-01-03 14:00:00,M03,MEO,-0.2911752598229072,0.015919130024508895,0.8800184782537147,0.06410231681916449
2025-01-03 14:15:00,M03,MEO,2.2940033774935182,0.11256210889896011,1.5735055245890055,0.07816954690702846
2025-01-03 14:30:00,M03,MEO,5.363262937917111,0.24132470347235177,2.412697731606819,0.1323709810890829
2025-01-03 14:45:00,M03,MEO,8.23513035309782,0.3781587067851203,3.043983747346365,0.14613721669363075
2025-01-03 15:00:00,M03,MEO,0.009323702172541228,-0.025810769236683066,0.7950856327574833,0.05205933408892518
2025-01-03 15:15:00,M03,MEO,2.7810383069651374,0.1460188743732148,1.5188632053878457,0.07001621745660308
2025-01-03 15:30:00,M03,MEO,5.686370273177175,0.2635517871989061,2.0441748810364255,0.09933826362012411
2025-01-03 15:45:00,M03,MEO,8.531018228388808,0.398536875474431,2.893416422240614,0.13481833395927525
2025-01-03 16:00:00,M03,MEO,0.6130864867898063,-0.015621160451153415,0.5094257800071653,0.02861797370546783
2025-01-03 16:15:00,M03,MEO,3.473889622978542,0.10472530545493099,1.1083459419974857,0.07747532917943453
2025-01-03 16:30:00,M03,MEO,6.272632300655888,0.2569548798499268,1.751728996907756,0.08545602860622295
2025-01-03 16:45:00,M03,MEO,8.80129452494619,0.38774879838255927,2.4499782968952912,0.14666562639355152
2025-01-03 17:00:00,M03,MEO,0.3927314304595631,0.009525735313152548,0.06730720282659933,0.040073580802950357
2025-01-03 17:15:00,M03,MEO,3.566305068238923,0.10026316770927993,0.5870519935369719,0.05041707534788674
2025-01-03 17:30:00,M03,MEO,6.133433473280166,0.2555276719956821,1.2361133277559797,0.09977316613030232
2025-01-03 17:45:00,M03,MEO,9.10384626202839,0.4102915419352769,1.8808736908720667,0.11400962914086905
2025-01-03 18:00:00,M03,MEO,0.7518515026147157,-0.00884503989981869,-0.3123302628193967,-0.02982954847848013
2025-01-03 18:15:00,M03,MEO,3.2276462526934737,0.1400218471954572,0.22663562823944694,0.011573074214006482
2025-01-03 18:30:00,M03,MEO,6.15717865082196,0.24690473608322358,0.7650261799782805,0.07272571633235224
2025-01-03 18:45:00,M03,MEO,9.02442333632923,0.3839284520744885,1.547659378211117,0.08816620688166121
2025-01-03 19:00:00,M03,MEO,0.2048668787796109,-0.0023530751254644613,-0.752233819463191,-0.013110945673664396
2025-01-03 19:15:00,M03,MEO,3.088938271107907,0.1307270893720329,-0.056411766814747626,0.021932438287922316
2025-01-03 19:30:00,M03,MEO,5.697785361875966,0.24829022898001826,0.5461100392618696,0.03191192380452742
2025-01-03 19:45:00,M03,MEO,8.522070634599954,0.38626781410691,1.2952022350103407,0.06717034541625719
2025-01-03 20:00:00,M03,MEO,0.3344572398649187,0.006171423168702966,-0.9643450797375855,-0.034382963286429404
2025-01-03 20:15:00,M03,MEO,2.930364619442501,0.10535084082485106,-0.2549000205720867,-0.0005558207244032599
2025-01-03 20:30:00,M03,MEO,5.036446494995707,0.23305177648035671,0.5160485320902161,0.014433120186718383
2025-01-03 20:45:00,M03,MEO,8.4388496180233,0.37233903895975967,1.2987040074972567,0.06977949142148092
2025-01-03 21:00:00,M03,MEO,0.5899152896737802,0.009967382951625699,-0.9093211954879691,-0.017691053143666483
2025-01-03 21:15:00,M03,MEO,2.4097858451222565,0.11768929345501365,-0.004038581039772282,-0.01003139857127032
2025-01-03 21:30:00,M03,MEO,5.132616424677113,0.2626447709331049,0.5672920556584109,0.02874850142587559
2025-01-03 21:45:00,M03,MEO,7.727685394239885,0.4189410095336555,1.6317170927280307,0.07867607624652184
2025-01-03 22:00:00,M03,MEO,-0.6819721796909806,0.009261642113189372,-0.4395673502180761,-0.021196989775610575
2025-01-03 22:15:00,M03,MEO,1.7297445749600955,0.10633488032993714,0.26143056020333166,0.007843769137200968
2025-01-03 22:30:00,M03,MEO,4.582253972846172,0.2484254354087248,1.0569770214491072,0.0726296928720675
2025-01-03 22:45:00,M03,MEO,7.14340535958647,0.38076707138005716,2.027963444429429,0.07512485386937957
2025-01-03 23:00:00,M03,MEO,-0.8266690779114828,0.011536710037112121,-0.030818730399680055,-0.021217585530911215
2025-01-03 23:15:00,M03,MEO,1.0899510665273173,0.13256365379646193,0.7466977239355862,0.027051688167689516
2025-01-03 23:30:00,M03,MEO,4.061822287069359,0.2539235381745143,1.533779230731271,0.07154040768688091
2025-01-03 23:45:00,M03,MEO,7.469124301726983,0.4026870221188817,2.6292599108028307,0.08357302785484536
2025-01-04 00:00:00,M03,MEO,-0.9681007701513437,-0.012089598227798159,0.3949421924560717,-0.001869507881299452
2025-01-04 00:15:00,M03,MEO,1.884228329124805,0.13041906064564587,1.1781335444807457,0.06375792169033787
2025-01-04 00:30:00,M03,MEO,4.040936242093835,0.25224972011183067,1.9762109784902,0.09095138799345939
2025-01-04 00:45:00,M03,MEO,7.3335794784279065,0.3849387802707076,2.8804804018153165,0.14374769060970294
2025-01-04 01:00:00,M03,MEO,-0.9135199174257294,-0.04612008085106266,0.7733301413535711,0.023284237798528954
2025-01-04 01:15:00,M03,MEO,1.760810382967659,0.13357258862023924,1.4236307638959862,0.06059663995716332
2025-01-04 01:30:00,M03,MEO,4.506148065707668,0.2699169673599899,2.3265773690644864,0.11344255738062167
2025-01-04 01:45:00,M03,MEO,7.920262296991556,0.37803709095318916,3.2073197529958066,0.1655457774177834
2025-01-04 02:00:00,M03,MEO,-0.32967194887670065,-0.004748487205513116,0.8527546158098005,0.052552793114099536
2025-01-04 02:15:00,M03,MEO,2.6719150088879933,0.11156588481033772,1.5971641358230937,0.07254036292423564
2025-01-04 02:30:00,M03,MEO,4.966744329651054,0.2406371350052015,2.339618372830915,0.09932532539153266
2025-01-04 02:45:00,M03,MEO,8.656783118023954,0.4077662795402779,3.1591403033691985,0.15547400354732027
2025-01-04 03:00:00,M03,MEO,0.4120716838594818,-0.005517225098834813,0.8082795837758946,0.04513469016619313
2025-01-04 03:15:00,M03,MEO,2.9887396420757915,0.11621724726862377,1.4013020268175969,0.06229543826534834
2025-01-04 03:30:00,M03,MEO,5.5512585027891514,0.24116224033885975,2.086088446325075,0.10343945577291111
2025-01-04 03:45:00,M03,MEO,8.701027058064456,0.3965349205017797,2.8823030043611495,0.1777848691258727
2025-01-04 04:00:00,M03,MEO,0.5725478265787899,-0.00013571305363402797,0.49692265643883227,0.010876962096615001
2025-01-04 04:15:00,M03,MEO,3.4382564853127735,0.10482239617431718,1.1573320745687332,0.06069258692263532
2025-01-04 04:30:00,M03,MEO,5.837631849103196,0.20697270809386795,1.7277705998062023,0.11423990883613361
2025-01-04 04:45:00,M03,MEO,9.048582345961144,0.36998162667737133,2.379526912589791,0.13287530030365347
2025-01-04 05:00:00,M03,MEO,0.9912525155051114,-0.03134288190494688,0.12300061673525514,0.010306314188087388
2025-01-04 05:15:00,M03,MEO,3.4389747198658585,0.14160329576016747,0.7750494216986543,0.06495404677764224
2025-01-04 05:30:00,M03,MEO,6.521322792423425,0.25962813943248575,1.187955943709191,0.0621723307796356
2025-01-04 05:45:00,M03,MEO,9.462687921752208,0.39803575394700713,1.892738281504287,0.11506659544639598
2025-01-04 06:00:00,M03,MEO,1.0916962891813868,-0.010424004097026752,-0.44836955904975534,0.0014183597278605402
2025-01-04 06:15:00,M03,MEO,3.46654232358874,0.10612496376643597,0.23738383527799187,0.02258872596198114
2025-01-04 06:30:00,M03,MEO,5.817531623252626,0.253347653167547,0.841979135386206,0.04474870266261333
2025-01-04 06:45:00,M03,MEO,8.946175626033597,0.3914847070714248,1.5346295790643856,0.08189252158456822
2025-01-04 07:00:00,M03,MEO,1.1383902445622958,-0.006693016888720456,-0.6634679484188244,-0.04025487890207777
2025-01-04 07:15:00,M03,MEO,3.514598657560478,0.14232057744184584,-0.13884005905645608,-0.01800675679505118
2025-01-04 07:30:00,M03,MEO,5.797310005194138,0.2188989220275765,0.5953594763585044,0.04761398339146383
2025-01-04 07:45:00,M03,MEO,8.71795895061151,0.36361424541358583,1.3457634500478366,0.05866969584578612
2025-01-04 08:00:00,M03,MEO,0.4248626409472869,-0.004137433188986234,-0.9752856364716189,-0.03981089495408062
2025-01-04 08:15:00,M03,MEO,2.8363336130851624,0.13025637302699822,-0.16315756118412386,-0.01626894695406804
2025-01-04 08:30:00,M03,MEO,5.414130414274794,0.25617459827719324,0.5548412943574637,0.034391049411568106
2025-01-04 08:45:00,M03,MEO,8.228905510983056,0.3778108417213187,1.4686341315842137,0.06226200844094351
2025-01-04 09:00:00,M03,MEO,-0.26617444343944185,0.018425908691140608,-0.8770476247031955,-0.03431672130251572
2025-01-04 09:15:00,M03,MEO,2.095730544479398,0.1124565061324842,-0.1396220916744384,0.003095929999534365
2025-01-04 09:30:00,M03,MEO,4.768255723492365,0.23788887801364658,0.791381618967059,0.04820152164521633
2025-01-04 09:45:00,M03,MEO,7.342959071492378,0.40365367277967296,1.6289966788515573,0.08601569221019623
2025-01-04 10:00:00,M03,MEO,-1.0021377898239148,0.020299604954111258,-0.5596680120897441,-0.024856516424982666
2025-01-04 10:15:00,M03,MEO,1.8943594641118815,0.12972135420788145,0.3309070598003552,-0.007036879460142147
2025-01-04 10:30:00,M03,MEO,4.434160010125716,0.2625467120859449,1.2034381953282332,0.03840108818450895
2025-01-04 10:45:00,M03,MEO,7.061250765599306,0.39526982402280886,1.9185390831575257,0.09516766196694237
2025-01-04 11:00:00,M03,MEO,-1.1199108194345824,-0.0012397635244438734,-0.022018779482386668,-0.01205298177379693
2025-01-04 11:15:00,M03,MEO,1.9793473116870304,0.09804091734829164,0.6952004235172213,-0.0020835282710249706
2025-01-04 11:30:00,M03,MEO,4.585381290240639,0.24950633169823525,1.6659572124322697,0.056430427450981285
2025-01-04 11:45:00,M03,MEO,7.206899723834908,0.37286899777838883,2.5389160968615627,0.09977119900940631
2025-01-04 12:00:00,M03,MEO,-1.005252443425456,0.012516149516760236,0.3794215583131865,-0.0138869163771953
2025-01-04 12:15:00,M03,MEO,1.769133494338532,0.12331970429050185,1.1670363697330506,0.030528291314011073
2025-01-04 12:30:00,M03,MEO,4.070541153665485,0.24784365495438032,1.8903028035230953,0.06980783362485206
2025-01-04 12:45:00,M03,MEO,7.744483340789092,0.4010589847803694,2.957234601109922,0.1118598543898342
2025-01-04 13:00:00,M03,MEO,-0.9287287225566139,-0.005473499090872108,0.7662430168070654,0.02247997184199091
2025-01-04 13:15:00,M03,MEO,1.617209813095559,0.11262075349398826,1.5234653043762192,0.06665363049740497
2025-01-04 13:30:00,M03,MEO,4.8394902402955795,0.2736998661316739,2.27303064901278,0.1132062932400263
2025-01-04 13:45:00,M03,MEO,7.686851765433537,0.4082614731725963,3.0876070214973224,0.15711418774741673
2025-01-04 14:00:00,M03,MEO,-0.06615475847721121,-0.035736462868238096,0.824621222147156,0.047034966255611675
2025-01-04 14:15:00,M03,MEO,2.3127960451401766,0.1309949064188865,1.6053754182077042,0.07050474112759396
2025-01-04 14:30:00,M03,MEO,5.2394129114494055,0.24884092897928492,2.333042825616384,0.10385540652315564
2025-01-04 14:45:00,M03,MEO,8.36370384810446,0.3473065372608782,3.112825621003269,0.1574472302109573
2025-01-04 15:00:00,M03,MEO,0.07436558720940611,0.01697272123514361,0.7085817295439943,0.02531964601722697
2025-01-04 15:15:00,M03,MEO,3.1973451635608208,0.1117979396311986,1.346204720315159,0.06328325525679775
2025-01-04 15:30:00,M03,MEO,5.905644045827062,0.2215380217675414,2.0744662588519596,0.11200783234176427
2025-01-04 15:45:00,M03,MEO,8.377693686398178,0.39985030254257303,2.7797271493115816,0.13943345626266843
2025-01-04 16:00:00,M03,MEO,0.7194171676511227,-0.0018391436614479612,0.48951346528684214,0.026331135280929903
2025-01-04 16:15:00,M03,MEO,2.9422812329651014,0.10761153036575365,1.1108970773715625,0.06815575176686339
2025-01-04 16:30:00,M03,MEO,5.762436165208214,0.2551244616878394,1.7037110810111697,0.08073198187783268
2025-01-04 16:45:00,M03,MEO,8.706258718356993,0.35917437013395515,2.3983320652992592,0.14028656124623434
2025-01-04 17:00:00,M03,MEO,0.8961349669711697,0.003211123383001625,0.04551952799086023,0.010894905969445617
2025-01-04 17:15:00,M03,MEO,3.2779339704287316,0.1034879151840017,0.6089136334142602,0.03259933113289856
2025-01-04 17:30:00,M03,MEO,6.1184898431939905,0.21686512623148868,1.2341397711175432,0.06223707591482902
2025-01-04 17:45:00,M03,MEO,9.005955663991417,0.3801565387948854,1.9339151368212504,0.10341663452230605
2025-01-04 18:00:00,M03,MEO,0.9612506976440277,0.011280814929012877,-0.40250221593060065,-0.006504761963742097
2025-01-04 18:15:00,M03,MEO,3.3415255043413716,0.11299401858167478,0.16472732207928556,0.015847570851564293
2025-01-04 18:30:00,M03,MEO,5.964361523515074,0.2203014163330141,0.8446690420940783,0.07682908155379349
2025-01-04 18:45:00,M03,MEO,9.253442977637985,0.39299727940719176,1.6225753876140543,0.09506859757241169
2025-01-04 19:00:00,M03,MEO,0.912777842696597,-0.0065981857450909155,-0.7414074414096772,-0.024781178117501784
2025-01-04 19:15:00,M03,MEO,2.875569947116664,0.11229616034782552,-0.10442734580781798,0.02882516985141233
2025-01-04 19:30:00,M03,MEO,6.0925614144508025,0.24568123423344385,0.5866323118026967,0.03323629877381049
2025-01-04 19:45:00,M03,MEO,9.040254113450965,0.3783763239284267,1.4545149987237997,0.06659781758055652
2025-01-04 20:00:00,M03,MEO,0.0724271316260556,0.009337356807690628,-0.8880986197335349,-0.03545479528541697
2025-01-04 20:15:00,M03,MEO,3.0167139806820575,0.1615279056733874,-0.19927300346601343,-0.007017451796215282
2025-01-04 20:30:00,M03,MEO,5.431630206348929,0.25640995822469137,0.42496433484473334,0.04239701868635602
2025-01-04 20:45:00,M03,MEO,8.262589288836672,0.4038406198994277,1.3943184833008149,0.07699323480233122
2025-01-04 21:00:00,M03,MEO,-0.18060826144603515,0.02207422423932024,-0.8016607140637176,-0.04774801219234969
2025-01-04 21:15:00,M03,MEO,2.466779753067456,0.12608994531103415,-0.02223715523895616,-0.004911421857201299
2025-01-04 21:30:00,M03,MEO,5.010092228419073,0.24917767930422005,0.8213825365517542,0.0519456062655469
2025-01-04 21:45:00,M03,MEO,7.610688313888767,0.3991112503000102,1.6615474503193417,0.052826139455971546
2025-01-04 22:00:00,M03,MEO,-0.7736034155256764,-0.02383822241089005,-0.4258537919524443,-0.04361069244702068
2025-01-04 22:15:00,M03,MEO,1.5079207873610545,0.14285769362226317,0.2811973017163573,0.007136541428274965
2025-01-04 22:30:00,M03,MEO,4.845979058316314,0.23445822596744106,1.0903760056837404,0.06346734180881533
2025-01-04 22:45:00,M03,MEO,7.695131308092478,0.40943083379003387,2.0903587730493003,0.12173079074945817
2025-01-04 23:00:00,M03,MEO,-0.9381704238911062,-0.012321223784210484,-0.014232127276386737,-0.020484072052432432
2025-01-04 23:15:00,M03,MEO,1.6777135330631023,0.11507667474665606,0.7658407066903213,0.04617602351332563
2025-01-04 23:30:00,M03,MEO,4.697157450883847,0.27220420707592985,1.6562600452483762,0.06505881370845755
2025-01-04 23:45:00,M03,MEO,7.241186519882332,0.39082637806105985,2.4732700214353995,0.11910707053284943
2025-01-05 00:00:00,M03,MEO,-0.9708776100792018,-0.00890204995000504,0.490853358455795,0.0033486883160659814
2025-01-05 00:15:00,M03,MEO,1.7694445963671879,0.12216966082753752,1.1663125287509766,0.0432435641366422
2025-01-05 00:30:00,M03,MEO,4.514777414051526,0.26991276371582346,2.0292749272386232,0.11886925159267506
2025-01-05 00:45:00,M03,MEO,7.275680996342425,0.3917638002489493,2.9819052739128127,0.14973983389974144
2025-01-05 01:00:00,M03,MEO,-1.2606677393342385,0.017842813009227115,0.7555787771461966,0.012662528540355168
2025-01-05 01:15:00,M03,MEO,1.9963233441494925,0.09894352656724618,1.5388862340838778,0.05708977748858783
2025-01-05 01:30:00,M03,MEO,4.7235479059885,0.23811398964552577,2.297285951812131,0.08779793648987358
2025-01-05 01:45:00,M03,MEO,7.55469632540231,0.36423617766672217,3.085767526156466,0.1734386026483519
2025-01-05 02:00:00,M03,MEO,-0.2736155570440206,0.0033997513245328202,0.9521589859855984,0.054782676203917885
2025-01-05 02:15:00,M03,MEO,2.546906777933448,0.10432394496325262,1.6600768007128803,0.07597557940020282
2025-01-05 02:30:00,M03,MEO,5.507332385173662,0.23814731863386682,2.333891510989407,0.108891366039702
2025-01-05 02:45:00,M03,MEO,7.90184330226116,0.3779025207220187,3.0096498741389635,0.1400907314371444
2025-01-05 03:00:00,M03,MEO,0.2608793529385729,-0.020062739881594866,0.8091318065487992,0.0379106371599085
2025-01-05 03:15:00,M03,MEO,3.133213816799109,0.11755690002057102,1.3951758655038617,0.07514565204799141
2025-01-05 03:30:00,M03,MEO,5.741814503720672,0.252284329046711,2.1876034269046696,0.0869009226385432
2025-01-05 03:45:00,M03,MEO,9.30230444053773,0.37835503117407393,2.8421588577777452,0.1396223217957778
2025-01-05 04:00:00,M03,MEO,0.4199474444393782,-0.01620043045868969,0.4624634847758758,0.021870079302390443
2025-01-05 04:15:00,M03,MEO,3.1272089334085713,0.12830038311393865,1.0666013558921867,0.06678605689556497
2025-01-05 04:30:00,M03,MEO,6.0926275809847,0.23561640285504984,1.5631328977041674,0.08169024245333756
2025-01-05 04:45:00,M03,MEO,8.855634485688638,0.3898063896337847,2.470429706792468,0.12427065249156882
2025-01-05 05:00:00,M03,MEO,1.407457211754297,0.004996057855589448,0.011827175821105953,0.007154729942116524
2025-01-05 05:15:00,M03,MEO,3.585384185279243,0.11564979311354419,0.6144412335651073,0.042984350524880546
2025-01-05 05:30:00,M03,MEO,6.337244248256467,0.2218948971061235,1.2000710519000133,0.08634390172961273
2025-01-05 05:45:00,M03,MEO,9.265017635537133,0.3626872654305913,1.840476861403623,0.09175795095493047
2025-01-05 06:00:00,M03,MEO,0.9855019203690406,-0.02219456490844574,-0.3645830306238877,-0.01754917724520083
2025-01-05 06:15:00,M03,MEO,3.773931787696036,0.11567871752030175,0.2002694645916356,0.011016924355492308
2025-01-05 06:30:00,M03,MEO,6.235459469191718,0.2405128971652554,0.8147738402204533,0.0531843345461467
2025-01-05 06:45:00,M03,MEO,9.28942632724054,0.3912413552425074,1.5421158426851045,0.083390716323271
2025-01-05 07:00:00,M03,MEO,0.9288644779078314,-0.0036055602802232013,-0.6703572047094195,-0.05015949716571647
2025-01-05 07:15:00,M03,MEO,3.348226529300042,0.10429660478663101,-0.07815285992987568,0.0064253842473576284
2025-01-05 07:30:00,M03,MEO,5.715368542364783,0.25391841350047295,0.6005584733902389,0.05318150111397138
2025-01-05 07:45:00,M03,MEO,8.301617514591738,0.41358397114743123,1.3351673080766842,0.07136158826353026
2025-01-05 08:00:00,M03,MEO,0.07676861907601798,-0.017381175237834185,-0.8362265049608044,-0.07626417198434396
2025-01-05 08:15:00,M03,MEO,2.7892284093870936,0.11755116652644976,-0.14586652084881985,0.005040860600535144
2025-01-05 08:30:00,M03,MEO,5.421525409541755,0.2544772730569279,0.4555067435028133,0.038033698323847176
2025-01-05 08:45:00,M03,MEO,8.07694620300645,0.4101542415786502,1.560453219161298,0.06786315534512749
2025-01-05 09:00:00,M03,MEO,-0.2733172222846819,0.013291076692934667,-0.7852323575683863,-0.04974610017809611
2025-01-05 09:15:00,M03,MEO,2.480644216680867,0.12280608963912781,-0.07456986740611361,0.008415768134969026
2025-01-05 09:30:00,M03,MEO,4.621692482454584,0.2525382414014125,0.7408111921554809,0.05770953926099914
2025-01-05 09:45:00,M03,MEO,7.453649219445536,0.4161858733712938,1.670152987967586,0.0688131287094806
2025-01-05 10:00:00,M03,MEO,-0.3446635136866901,0.040440963579139684,-0.421340923323814,-0.03823488445930726
2025-01-05 10:15:00,M03,MEO,2.042204602925937,0.1361938968324629,0.34097452930417216,0.018981424060199474
2025-01-05 10:30:00,M03,MEO,4.462309368491151,0.23137268531817018,1.1019819386691512,0.07195760492119613
2025-01-05 10:45:00,M03,MEO,7.386282471920036,0.39697546916182297,2.1305437261480176,0.09803978387246587
2025-01-05 11:00:00,M03,MEO,-0.9984172702589424,0.022386888363048484,0.09623234202832749,0.012324470855401604
2025-01-05 11:15:00,M03,MEO,1.5539015378198622,0.1251211009029266,0.8407792813647977,0.018635642281225308
2025-01-05 11:30:00,M03,MEO,4.339305412153193,0.2365257106334321,1.5588136033065227,0.04547711009984506
2025-01-05 11:45:00,M03,MEO,6.916247703382338,0.39658200993809245,2.58802090745502,0.1172503472415907
2025-01-05 12:00:00,M03,MEO,-1.098969051782039,0.02792662737919981,0.4360246207343773,0.005047184966501073
2025-01-05 12:15:00,M03,MEO,1.766885963254874,0.11972966492862902,1.1278979239576499,0.057092420136354925
2025-01-05 12:30:00,M03,MEO,4.662284890342162,0.2604050597851382,2.0262885109924187,0.08218492932398283
2025-01-05 12:45:00,M03,MEO,7.26508106408316,0.3758989636743117,3.0082804748767025,0.13778984107603942
2025-01-05 13:00:00,M03,MEO,-0.6057312113583568,0.004587493225464569,0.7775685443766187,0.026759653803667578
2025-01-05 13:15:00,M03,MEO,1.980555301602559,0.10120723119512953,1.487612824565149,0.07589093919908729
2025-01-05 13:30:00,M03,MEO,4.430726267272678,0.23983774722043835,2.3347857474846343,0.12220931737021289
2025-01-05 13:45:00,M03,MEO,7.586772461011635,0.3987716055091389,3.1833781614630485,0.1574849260453586
2025-01-05 14:00:00,M03,MEO,-0.21060124963673618,-0.0162037840840263,0.9853779930005637,0.030513960440782396
2025-01-05 14:15:00,M03,MEO,2.270814696465317,0.12195026728991475,1.6602373420682868,0.04280446334068601
2025-01-05 14:30:00,M03,MEO,4.902403288823416,0.24871737617285566,2.3391069992449705,0.1303286146950974
2025-01-05 14:45:00,M03,MEO,7.996659429143623,0.39527733521393976,3.1420551263751704,0.1838551391501542
2025-01-05 15:00:00,M03,MEO,0.14320435793760555,-0.002481215716676352,0.8733050075201226,0.04386623833830887
2025-01-05 15:15:00,M03,MEO,2.7409661823183487,0.14196480610836704,1.3480503258657113,0.07351714989707149
2025-01-05 15:30:00,M03,MEO,5.623689155807753,0.23122014281589673,2.0766832666267256,0.11032329224442888
2025-01-05 15:45:00,M03,MEO,8.833910656253112,0.37443331561808285,2.722927081475662,0.1630802323461727
2025-01-05 16:00:00,M03,MEO,0.608828218470071,-0.004706868139256418,0.4337430105979358,0.0483855279618784
2025-01-05 16:15:00,M03,MEO,3.4672122451811616,0.10272677025084025,1.0374115422994161,0.0727948198000688
2025-01-05 16:30:00,M03,MEO,5.639882916586093,0.25740918277780983,1.7492493086249647,0.10158801122655046
2025-01-05 16:45:00,M03,MEO,8.718609286248796,0.37422991115441057,2.425882656917027,0.1462429176977713
2025-01-05 17:00:00,M03,MEO,1.0345419355994736,0.00261989478422201,0.04251629959390202,0.017137730835947048
2025-01-05 17:15:00,M03,MEO,3.3917260491017007,0.15760306498537238,0.6158261215395388,0.04632250911577729
2025-01-05 17:30:00,M03,MEO,6.052204642633948,0.23532824241749306,1.091706225267772,0.06969732695642666
2025-01-05 17:45:00,M03,MEO,9.433940130044803,0.36392191207391367,1.9674088327761592,0.08849154445728714
2025-01-05 18:00:00,M03,MEO,0.8003655394404919,0.026358067432373664,-0.31557030880575865,-0.014971219472256148
2025-01-05 18:15:00,M03,MEO,3.319830590389698,0.1089977249466541,0.04290224435999508,0.020825083545781584
2025-01-05 18:30:00,M03,MEO,6.151741866771439,0.25309033925215013,0.7984845767410169,0.04675900933180463
2025-01-05 18:45:00,M03,MEO,8.642493444650372,0.3983907059978331,1.6611563125742794,0.0780332060313433
2025-01-05 19:00:00,M03,MEO,0.8535517137278569,-0.005730859059081771,-0.8016269106353341,-0.007077739446866819
2025-01-05 19:15:00,M03,MEO,3.2737129108592584,0.11961399536948424,-0.1412257043441687,0.003121589898810298
2025-01-05 19:30:00,M03,MEO,5.551477903187374,0.2601625081911042,0.6105233067169699,0.027331512526196474
2025-01-05 19:45:00,M03,MEO,8.858820279030144,0.4009532142388562,1.3180348707873089,0.06934765442284753
2025-01-05 20:00:00,M03,MEO,0.3103994894318389,-0.0036016781963264504,-0.9038991554121679,-0.044512634027978316
2025-01-05 20:15:00,M03,MEO,2.661272561003137,0.11896134523178366,-0.1533609914617742,-0.03277651282826875
2025-01-05 20:30:00,M03,MEO,5.154534571797084,0.24434904164486745,0.6085786401596561,0.03905697457216092
2025-01-05 20:45:00,M03,MEO,7.946076299647512,0.37364494109627777,1.3685014303708973,0.08182951361294902
2025-01-05 21:00:00,M03,MEO,-0.5292078166179961,-0.001981083315652446,-0.8083615176701568,-0.019089143842883925
2025-01-05 21:15:00,M03,MEO,1.723044193279133,0.11109987978982014,0.03035850093737206,0.017394503359562233
2025-01-05 21:30:00,M03,MEO,4.536548680358532,0.2324686912826702,0.7557695084795208,0.03053909700354283
2025-01-05 21:45:00,M03,MEO,7.876301979089988,0.3794060704369089,1.6513569122328133,0.07947511498726167
2025-01-05 22:00:00,M03,MEO,-0.533576448273914,0.010489322059699512,-0.5645929788327844,-0.0434554888854147
2025-01-05 22:15:00,M03,MEO,2.2056409877350402,0.15887592952181392,0.303696229783671,0.013829345635373073
2025-01-05 22:30:00,M03,MEO,4.7006406671199406,0.2387233286812785,1.1356596375710462,0.05695798147774251
2025-01-05 22:45:00,M03,MEO,7.128214732634491,0.38074757239183915,2.080519444226789,0.08582735816795843
2025-01-05 23:00:00,M03,MEO,-0.9343426621417689,-0.016913370527332,0.06424496389661753,-0.010908126585619732
2025-01-05 23:15:00,M03,MEO,1.3985833901009337,0.13530309705399027,0.8219126865143477,0.011224604432883775
2025-01-05 23:30:00,M03,MEO,4.244444220722795,0.2667712847791867,1.7505033931895155,0.0860502807405778
2025-01-05 23:45:00,M03,MEO,6.998806014321021,0.4062271385890442,2.550214705959978,0.12216216214234665
2025-01-06 00:00:00,M03,MEO,-0.9328496030658266,-0.018443160567701993,0.3495820312373254,0.011572791870052477
2025-01-06 00:15:00,M03,MEO,1.9789505112125514,0.15807511881544786,1.1824507042266303,0.057167639579309724
2025-01-06 00:30:00,M03,MEO,3.9418044892036495,0.2626827178262685,2.0203424210736127,0.10944960020581511
2025-01-06 00:45:00,M03,MEO,7.092722257498345,0.4094096687680349,2.890896773211437,0.11686928883963821
2025-01-06 01:00:00,M03,MEO,-0.24887653902393148,-0.008613402224402864,0.699317621925047,0.02804640249642057
2025-01-06 01:15:00,M03,MEO,2.157933599730316,0.11421871124705092,1.5077785502969208,0.08650236764425012
2025-01-06 01:30:00,M03,MEO,4.666701778274468,0.25964928598251646,2.313612330117301,0.1227850109823069
2025-01-06 01:45:00,M03,MEO,7.998017187835516,0.3850312916037159,3.1032781768921063,0.1450491287248142
2025-01-06 02:00:00,M03,MEO,-0.5935376899790447,0.010066865617038411,0.8768603505932493,0.03138765027791653
2025-01-06 02:15:00,M03,MEO,2.4853927986462887,0.13982632097843903,1.4785406266293963,0.09758709900633593
2025-01-06 02:30:00,M03,MEO,5.164196934372048,0.2660636938569547,2.385474494749656,0.10721322681074982
2025-01-06 02:45:00,M03,MEO,8.573492431470255,0.3887200620294914,2.9842371694954557,0.15262482231776722
2025-01-06 03:00:00,M03,MEO,-0.09200537913581242,0.02163853865591847,0.793331147586287,0.040527218240031054
2025-01-06 03:15:00,M03,MEO,2.865156241930595,0.11256813613582746,1.345265190269869,0.08749560705512922
2025-01-06 03:30:00,M03,MEO,5.85448653907656,0.26297480443711996,2.0510341540778168,0.10505244365057317
2025-01-06 03:45:00,M03,MEO,8.522758014923784,0.3768312174524629,2.7606598979822006,0.15182206071148124
2025-01-06 04:00:00,M03,MEO,0.7510620348275373,-0.004767382452329853,0.5063280217065478,0.004166383666728911
2025-01-06 04:15:00,M03,MEO,3.0563746662769167,0.107476448276874,1.0760462306353193,0.08566525116464212
2025-01-06 04:30:00,M03,MEO,6.4407711361531454,0.2551520553630902,1.7064321605507635,0.11333761973425824
2025-01-06 04:45:00,M03,MEO,9.126080582686399,0.333379872243335,2.3364448008694976,0.12764772347362077
2025-01-06 05:00:00,M03,MEO,0.9015223335383892,-0.012536722662926318,-0.021468748481054657,-0.008383697947376497
2025-01-06 05:15:00,M03,MEO,3.286621095815728,0.12446423171531054,0.6460537819754496,0.06655507875516138
2025-01-06 05:30:00,M03,MEO,6.193785273519076,0.23082428194750024,1.2445458670880991,0.06003225743159693
2025-01-06 05:45:00,M03,MEO,8.864574810435933,0.3713895687435983,1.9059025584122034,0.10545814063526932
2025-01-06 06:00:00,M03,MEO,1.0737234196203982,0.013507065115054485,-0.5741013045132083,-0.02983941320236861
2025-01-06 06:15:00,M03,MEO,3.3289355522869064,0.09080298204423481,0.07247570820101548,0.016305529203102267
2025-01-06 06:30:00,M03,MEO,6.458174645601116,0.2481252274644251,0.8467518133984754,0.031916784891640265
2025-01-06 06:45:00,M03,MEO,8.772977189284887,0.36713531150967627,1.542607446239071,0.11473893229136967
2025-01-06 07:00:00,M03,MEO,0.5537858316666484,0.02932355311196977,-0.7901206002040586,-0.020714382651740616
2025-01-06 07:15:00,M03,MEO,3.1786456669996843,0.12752448682297945,-0.059394497060288,-0.012277300029046864
2025-01-06 07:30:00,M03,MEO,5.720510734008424,0.2562203189971524,0.5936544440614848,0.02453446752315774
2025-01-06 07:45:00,M03,MEO,8.549553534929087,0.39062462375525087,1.4497697376643872,0.07295990545436667
2025-01-06 08:00:00,M03,MEO,0.26782987737387465,0.019572973566945467,-0.9067240439066989,-0.025374408014306703
2025-01-06 08:15:00,M03,MEO,2.9460182810204003,0.1481849938431415,-0.19971791790090337,0.00735841860694658
2025-01-06 08:30:00,M03,MEO,5.326750188459997,0.25415495831874907,0.5030176920077284,0.015721808971598788
2025-01-06 08:45:00,M03,MEO,7.99681128699981,0.40777167048233864,1.3978530782625476,0.08516263032348027
2025-01-06 09:00:00,M03,MEO,-0.47877400750908183,0.03582560498824758,-0.7250993634295235,-0.042528862104321226
2025-01-06 09:15:00,M03,MEO,2.259195659076879,0.10948091618946247,0.02610212737578961,-0.00563042555070179
2025-01-06 09:30:00,M03,MEO,4.794119343368895,0.24631173352108507,0.7708104102369459,0.03264901805482291
2025-01-06 09:45:00,M03,MEO,7.797933750719564,0.3863170203332044,1.6890959511408958,0.06244260736826664
2025-01-06 10:00:00,M03,MEO,-0.5644615418058246,0.01552558029257952,-0.4802392931603999,-0.03877106472241889
2025-01-06 10:15:00,M03,MEO,2.0794034818442144,0.12602565639520383,0.33534623385791607,0.009796146783445397
2025-01-06 10:30:00,M03,MEO,4.792353581394345,0.2362899909619521,1.196920137512544,0.07221794552626899
2025-01-06 10:45:00,M03,MEO,7.645397785446973,0.4048829153338207,2.0826976248101574,0.09341680439672795
2025-01-06 11:00:00,M03,MEO,-1.0381304798483824,0.008775388116554952,0.03568465121922381,-0.0015292218971413056
2025-01-06 11:15:00,M03,MEO,1.422413923948251,0.14534345683815303,0.8470070195164794,0.032216910145857286
2025-01-06 11:30:00,M03,MEO,4.6884651806256175,0.25882221414116646,1.6004520880233648,0.09320541343263006
2025-01-06 11:45:00,M03,MEO,7.225785477617528,0.38367884104075534,2.590798123082929,0.13319562397076817
2025-01-06 12:00:00,M03,MEO,-1.0459702271465814,0.005324608195760077,0.3412390087671281,-0.0011594674557126143
2025-01-06 12:15:00,M03,MEO,1.6192714994305166,0.11284061823964596,1.2516854445795216,0.07826071588209142
2025-01-06 12:30:00,M03,MEO,4.441279675765979,0.1928924795019482,2.05402002379457,0.10812460750607432
2025-01-06 12:45:00,M03,MEO,7.3804301648679065,0.38425211315877145,2.907985939490951,0.12643321143318056
2025-01-06 13:00:00,M03,MEO,-0.42907916771761867,0.017318123870503143,0.7936217826789354,0.031979001100486015
2025-01-06 13:15:00,M03,MEO,1.7988976762790618,0.13001841381480891,1.5772246552435152,0.09360340605413553
2025-01-06 13:30:00,M03,MEO,4.494975997010016,0.2422300151474083,2.267270542341953,0.08731100452949501
2025-01-06 13:45:00,M03,MEO,7.94835513709847,0.3872615959455486,3.0986050273748216,0.14221691504684172
2025-01-06 14:00:00,M03,MEO,-0.19435192327764442,-0.01125980422988433,0.9303459013298889,0.031982145478411536
2025-01-06 14:15:00,M03,MEO,2.248627403892909,0.12429568755234081,1.5668207224851605,0.1006445113244544
2025-01-06 14:30:00,M03,MEO,5.421745789501783,0.2594350646256563,2.263283964469281,0.11909535643247655
2025-01-06 14:45:00,M03,MEO,8.197807815164795,0.3926111427770593,3.0391280007933488,0.16558930656667256
2025-01-06 15:00:00,M03,MEO,-0.17524713882564605,0.0015992595279331976,0.8165132043828548,0.06725027906578575
2025-01-06 15:15:00,M03,MEO,2.5939097814687413,0.11671122844183437,1.4494326371721051,0.10141691872192254
2025-01-06 15:30:00,M03,MEO,5.6640524876677,0.2491478820166674,2.115534539468258,0.13077734786168757
2025-01-06 15:45:00,M03,MEO,8.813688141948715,0.40294852998628394,2.746173464819344,0.17902798041316645
2025-01-06 16:00:00,M03,MEO,0.4258904543494775,-0.026009009407719358,0.38080877873446106,0.022843125162072587
2025-01-06 16:15:00,M03,MEO,3.168651617099778,0.12780545438453117,1.0967828740185113,0.07865768514805872
2025-01-06 16:30:00,M03,MEO,6.1377814379367654,0.25126277774532907,1.7560727125394597,0.0763348090227612
2025-01-06 16:45:00,M03,MEO,9.21458787884366,0.36624553031668394,2.342274135229948,0.11166307434762507
2025-01-06 17:00:00,M03,MEO,0.5197454277332623,-0.03637394631528812,-0.03655167825786909,-0.0031847191778082012
2025-01-06 17:15:00,M03,MEO,3.292621907887321,0.08478269103214933,0.5762730599761416,0.02616006418133883
2025-01-06 17:30:00,M03,MEO,6.48200543578947,0.2524842222237034,1.234651854501834,0.0516646648135145
2025-01-06 17:45:00,M03,MEO,9.157240121659056,0.4046096334871133,1.8005549277882196,0.13059887935974493
2025-01-06 18:00:00,M03,MEO,1.1906202946391728,0.012197594331060324,-0.4996037484668813,0.005867097534302817
2025-01-06 18:15:00,M03,MEO,3.5427753730911657,0.1329076890506064,0.13525514723629004,0.034360595647758764
2025-01-06 18:30:00,M03,MEO,6.317974890794725,0.25103279947347096,0.8445713855140373,0.061104691402625394
2025-01-06 18:45:00,M03,MEO,9.161259757972076,0.36020047674339356,1.568802653458167,0.08124268848031495
2025-01-06 19:00:00,M03,MEO,0.7938696557175744,0.03037179573676173,-0.7554918004858994,-0.02369204416462195
2025-01-06 19:15:00,M03,MEO,2.856954426153902,0.13091737498732492,-0.04106530075991803,-0.014540068625554547
2025-01-06 19:30:00,M03,MEO,5.944133964271924,0.26628872019862565,0.4851476713703892,0.04328989500777636
2025-01-06 19:45:00,M03,MEO,9.133633162126662,0.3780184137365161,1.3203013695926478,0.09539632666167278
2025-01-06 20:00:00,M03,MEO,0.2020578699189095,0.025536433034678008,-0.8869536253220592,-0.037826437414336445
2025-01-06 20:15:00,M03,MEO,2.254178441853998,0.12077196023260452,-0.16744643939554366,-0.014151838347868602
2025-01-06 20:30:00,M03,MEO,5.381199616974713,0.26637363794232366,0.5283192532657492,0.003751791653249726
2025-01-06 20:45:00,M03,MEO,8.34777509426172,0.39334350173424565,1.503840296406402,0.06783995105402145
2025-01-06 21:00:00,M03,MEO,-0.26264488423738686,0.005832962705449522,-0.8043212301528998,-0.04800528800250237
2025-01-06 21:15:00,M03,MEO,1.7131336480959949,0.12041421030840767,0.021419919191241112,0.01038719146669928
2025-01-06 21:30:00,M03,MEO,4.4570540925002105,0.245950985178358,0.8785031068767327,0.03135540690832902
2025-01-06 21:45:00,M03,MEO,7.801773135938875,0.3789895311939841,1.7161711447380612,0.07902186123533778
2025-01-06 22:00:00,M03,MEO,-0.6297063231427226,-0.002049457835434491,-0.44139206482080096,-0.03686194252106602
2025-01-06 22:15:00,M03,MEO,1.790006027195868,0.12032492376807528,0.336866347934427,0.011151507129410751
2025-01-06 22:30:00,M03,MEO,4.582055949248738,0.2621532908012128,1.2206615415696447,0.06435177316027088
2025-01-06 22:45:00,M03,MEO,7.2603574794856645,0.41371429060500725,2.1609421481707267,0.08885903014066109
2025-01-06 23:00:00,M03,MEO,-0.6091981387759317,-0.01583020772671981,-0.02049843800332391,0.0036862320910681294
2025-01-06 23:15:00,M03,MEO,1.7295826148189775,0.1175954913317609,0.8231866402954157,0.015907760858164255
2025-01-06 23:30:00,M03,MEO,4.64362148803122,0.24690736557610485,1.6013254103105028,0.09009627103989808
2025-01-06 23:45:00,M03,MEO,7.156333374210365,0.3606094186988921,2.629877406638573,0.10146110997970625
2025-01-07 00:00:00,M03,MEO,-0.794306199893956,-0.017506461019557246,0.3688376415835089,0.020582841794677266
2025-01-07 00:15:00,M03,MEO,1.9154361099711443,0.11007197763225908,1.2511359998983798,0.05637763385024733
2025-01-07 00:30:00,M03,MEO,4.5093933240703405,0.24193594388025103,2.1752272810201045,0.11668085541835341
2025-01-07 00:45:00,M03,MEO,7.512538591539916,0.38627764452724195,2.9449850455106175,0.13581840744728024
2025-01-07 01:00:00,M03,MEO,-0.2689375641330968,0.0010687141923078785,0.7088196787481706,0.03229217076270492
2025-01-07 01:15:00,M03,MEO,1.8060243881503615,0.07911490572148373,1.546404455034966,0.06183465955403495
2025-01-07 01:30:00,M03,MEO,4.737886995427599,0.24709412728504185,2.3564613826452128,0.1359459253797349
2025-01-07 01:45:00,M03,MEO,7.908439727734243,0.3810406178829392,3.1138043263125175,0.14668151969393475
2025-01-07 02:00:00,M03,MEO,-0.23543912081241444,0.01264762506448883,0.9176119210605742,0.022553479473597197
2025-01-07 02:15:00,M03,MEO,2.1985350512911204,0.12408704624673747,1.5585861522938957,0.09412319521065401
2025-01-07 02:30:00,M03,MEO,5.2305003914536865,0.23070192728115138,2.2811043203751553,0.13119256531132809
2025-01-07 02:45:00,M03,MEO,8.233710319706704,0.39611065436535947,3.0899763286298834,0.17787729207940642
2025-01-07 03:00:00,M03,MEO,0.06689808493351429,0.013869061172726781,0.7873310809925745,0.04240981519178919
2025-01-07 03:15:00,M03,MEO,2.805307020731197,0.0983298262492607,1.3203136881489013,0.04233560903898248
2025-01-07 03:30:00,M03,MEO,5.604413479976824,0.2576755481285902,2.0978165133578193,0.10393518922447917
2025-01-07 03:45:00,M03,MEO,8.844568487282835,0.3857928629307313,2.763613527590072,0.15049524266036063
2025-01-07 04:00:00,M03,MEO,0.5685671773109012,0.005019008787145255,0.3811551421984195,0.026090028851177595
2025-01-07 04:15:00,M03,MEO,3.089441548197845,0.1157981903666152,0.9939806039225106,0.06494679834240771
2025-01-07 04:30:00,M03,MEO,6.257625940877061,0.22692608311102647,1.5511140167838937,0.08116784474923723
2025-01-07 04:45:00,M03,MEO,9.203734743260192,0.37151495803600343,2.304024876818404,0.12610949739957714
2025-01-07 05:00:00,M03,MEO,0.8486888875638465,-0.003988000573215009,-0.09155480509974291,0.019588285759811308
2025-01-07 05:15:00,M03,MEO,3.3113171247069992,0.10852085205328864,0.6069014041310451,0.048320751619589215
2025-01-07 05:30:00,M03,MEO,6.636419501177909,0.2111360934831311,1.2666574352298487,0.07635261756833653
2025-01-07 05:45:00,M03,MEO,9.116880388144903,0.4223618808148597,1.8796807631923644,0.11131643547101802
2025-01-07 06:00:00,M03,MEO,1.0841279366596925,-0.005669917461108431,-0.4364483930547851,-0.028406095919531308
2025-01-07 06:15:00,M03,MEO,3.326529964514113,0.13253172368462302,0.06807241472526589,0.009695349080803444
2025-01-07 06:30:00,M03,MEO,5.951239258126525,0.2356159271485085,0.7547017464177668,0.039850023445016466
2025-01-07 06:45:00,M03,MEO,8.695924155826845,0.3875482101445916,1.5192697740441559,0.06017894745030283
2025-01-07 07:00:00,M03,MEO,0.7800814918213886,0.02557505547229706,-0.7673264209546701,-0.04338516444945285
2025-01-07 07:15:00,M03,MEO,3.11146183425053,0.11121979757929676,-0.22491420831609354,-0.013884890729467227
2025-01-07 07:30:00,M03,MEO,5.456399238475737,0.22160922248223225,0.5913133283823112,0.03703566223042267
2025-01-07 07:45:00,M03,MEO,8.572957639747514,0.3981890358905018,1.3492511282638142,0.07705141627000239
2025-01-07 08:00:00,M03,MEO,-0.26681448807545216,-0.01601220616563466,-0.9291395906259123,-0.05089733325054224
2025-01-07 08:15:00,M03,MEO,2.6702427581640094,0.1131515963212663,-0.1583803059886662,0.005165025257470772
2025-01-07 08:30:00,M03,MEO,5.2943064445322285,0.23542047787977663,0.5981772553203659,0.0344990925473495
2025-01-07 08:45:00,M03,MEO,8.561648926893636,0.3914786286587894,1.3984039879728718,0.064506772569675
2025-01-07 09:00:00,M03,MEO,-0.6312472640607495,0.029336813361848336,-0.825536789445296,-0.055223819486034796
2025-01-07 09:15:00,M03,MEO,2.6852223854188586,0.11790031015870722,-0.06034727426611451,-0.0002736979004478064
2025-01-07 09:30:00,M03,MEO,4.770366734396563,0.25390524398939457,0.7824200401641526,0.04905179122173906
2025-01-07 09:45:00,M03,MEO,7.649917222834531,0.3954185353405641,1.6872882049233469,0.06693138424258893
2025-01-07 10:00:00,M03,MEO,-0.2643509915365053,0.008450529295184452,-0.3615842625940574,-0.03550013506566169
2025-01-07 10:15:00,M03,MEO,1.4004329390196295,0.1322652955554942,0.3824480823909575,0.003554144775256856
2025-01-07 10:30:00,M03,MEO,4.614701797029377,0.2631971994063684,1.238244627019425,0.07752651826487302
2025-01-07 10:45:00,M03,MEO,7.338330295555388,0.40011584255133376,2.017450049265215,0.08760543852197814
2025-01-07 11:00:00,M03,MEO,-1.031653852881211,0.005945469562745512,0.004652268428636242,0.0052144251812169355
2025-01-07 11:15:00,M03,MEO,1.3383725995300293,0.1253618064676713,0.8175601859736062,0.03445243346859225
2025-01-07 11:30:00,M03,MEO,3.842027708538772,0.24679629063005615,1.631940304930104,0.06806078580336207
2025-01-07 11:45:00,M03,MEO,7.2292735455437205,0.3694860430848727,2.5994139617173073,0.1374365811313403
2025-01-07 12:00:00,M03,MEO,-1.1428265815503478,0.02511828076505139,0.4909121010292259,0.002586428904788383
2025-01-07 12:15:00,M03,MEO,1.3101261803080149,0.10986127170232296,1.3273445491565143,0.05213469909910686
2025-01-07 12:30:00,M03,MEO,4.442942060097995,0.24479476268671083,2.142005941067276,0.11154697837938828
2025-01-07 12:45:00,M03,MEO,7.7858584560222335,0.3978354696107942,3.037202375492885,0.14218720288367212
2025-01-07 13:00:00,M03,MEO,-0.5009484221834158,-0.011338281017696607,0.9119873035851644,0.02172056001152994
2025-01-07 13:15:00,M03,MEO,2.357113358522824,0.0910469602469,1.6063320801382195,0.08638029689434927
2025-01-07 13:30:00,M03,MEO,4.777118405738375,0.2647199644695272,2.264383350085751,0.09140238273316013
2025-01-07 13:45:00,M03,MEO,7.863377324423857,0.3692065312885009,3.1871518576364632,0.1747143547231666
2025-01-07 14:00:00,M03,MEO,-0.37916702233915067,-0.0021180648257266496,1.00065466803604,0.06295641181752583
2025-01-07 14:15:00,M03,MEO,2.198054406193465,0.09472622054695241,1.5981182081649514,0.06628454201673555
2025-01-07 14:30:00,M03,MEO,5.455378917262652,0.23376993510647523,2.362880743628777,0.11495981339103264
2025-01-07 14:45:00,M03,MEO,8.38564123178024,0.4015300811771717,3.1090233303167865,0.14299200906180193
2025-01-07 15:00:00,M03,MEO,0.3281487408276583,-0.012279484381958309,0.8451189700714512,0.04125986937517777
2025-01-07 15:15:00,M03,MEO,3.0449950371562036,0.11244011799292349,1.3689679532454946,0.06708448348931244
2025-01-07 15:30:00,M03,MEO,5.8936980793040545,0.24008427681630576,1.9971670803261778,0.09071690175922922
2025-01-07 15:45:00,M03,MEO,8.531900648975048,0.4290769103515701,2.7188929174402454,0.14480035308968944
2025-01-07 16:00:00,M03,MEO,0.9580449222996165,0.009752022409935817,0.38389503671842096,0.034711463597462515
2025-01-07 16:15:00,M03,MEO,3.479225279401241,0.15188816502192304,1.025754051285743,0.09103938304569287
2025-01-07 16:30:00,M03,MEO,5.962365251790504,0.25611598585610795,1.6201054396634058,0.0908757262443566
2025-01-07 16:45:00,M03,MEO,8.857934775451326,0.40038957247604595,2.1877794855934267,0.15144955825251902
2025-01-07 17:00:00,M03,MEO,1.1970080893712596,0.012772578283875707,-0.11222882105745945,0.012961660461758895
2025-01-07 17:15:00,M03,MEO,3.7178674802652383,0.1310162901931486,0.5975645537721741,0.016160222210232267
2025-01-07 17:30:00,M03,MEO,6.357204853563713,0.2517290555323797,1.1342442385304976,0.08680390589422957
2025-01-07 17:45:00,M03,MEO,9.368711439669466,0.38151491275053184,1.9628250863201786,0.11815657001241837
2025-01-07 18:00:00,M03,MEO,0.6075319248251062,0.001747853681619311,-0.49881476601010044,0.019712303321126508
2025-01-07 18:15:00,M03,MEO,3.3830764200290475,0.12208257654765037,0.12797653267568213,-0.0007784459922532679
2025-01-07 18:30:00,M03,MEO,6.356120299109799,0.24753620407625462,0.7576917956560817,0.062484423474998385
2025-01-07 18:45:00,M03,MEO,9.263662498612987,0.37694267932330955,1.5489921553690835,0.09580543665850647
2025-01-07 19:00:00,M03,MEO,0.7323298347150609,0.0022774977138151453,-0.7933828677486855,-0.027780756518620327
2025-01-07 19:15:00,M03,MEO,3.2844739861708665,0.13117089256861916,-0.1735969202595605,-0.005432797283913825
2025-01-07 19:30:00,M03,MEO,6.002917369090947,0.22324762929162414,0.6158019788379259,0.03442905259741809
2025-01-07 19:45:00,M03,MEO,8.50903609904831,0.3865159607701103,1.3307565541951976,0.06610176880544609
2025-01-07 20:00:00,M03,MEO,0.3146094009456979,0.0006186012645696363,-0.8920977505679021,-0.03155201932168952
2025-01-07 20:15:00,M03,MEO,2.761268729331895,0.1348298372625144,-0.22325548159637645,0.006959348807195371
2025-01-07 20:30:00,M03,MEO,5.171929028088367,0.2944159738109793,0.551801062427835,0.018168079931821377
2025-01-07 20:45:00,M03,MEO,7.985117131271547,0.38949390160951947,1.3412408584752855,0.08437450730275298
2025-01-07 21:00:00,M03,MEO,-0.14345543764687635,0.0038272701167900193,-0.7176191907272875,-0.031117961110630758
2025-01-07 21:15:00,M03,MEO,2.1913639407672374,0.09638776619011896,0.0014933033920161497,-0.020913919590557876
2025-01-07 21:30:00,M03,MEO,4.867482410109009,0.29485962896620305,0.7873785056238572,0.02120541918432118
2025-01-07 21:45:00,M03,MEO,7.42318018419748,0.37467841035629496,1.7902669576876309,0.08327341753369845
2025-01-07 22:00:00,M03,MEO,-0.735904545647917,0.01590109880487825,-0.35051603831373546,-0.0223486885623979
2025-01-07 22:15:00,M03,MEO,1.6023868980913112,0.1598922214860308,0.43792716275201854,0.011799230020749101
2025-01-07 22:30:00,M03,MEO,4.641688355120697,0.2784673008183355,1.261873134504486,0.0454436498331744
2025-01-07 22:45:00,M03,MEO,7.4257242922996065,0.38333537604442514,2.1963250598862913,0.10906323963161596
2025-01-07 23:00:00,M03,MEO,-0.6746979850022552,0.011733612569668667,0.1349488409677179,-0.00938494677092968
2025-01-07 23:15:00,M03,MEO,1.57567828394426,0.12970803783915877,0.8791280933469512,0.034185295837727094
2025-01-07 23:30:00,M03,MEO,4.0536981545795,0.251085942094656,1.6967589210924878,0.07767601253729516
2025-01-07 23:45:00,M03,MEO,6.887696992482477,0.4010412889618139,2.613288913791033,0.1260798612012551
2025-01-08 00:00:00,M03,MEO,-0.8482568781778836,-0.005025437578070915,0.5291964978983523,-0.00044756455076175837
2025-01-08 00:15:00,M03,MEO,1.7689588126970635,0.12180495409625884,1.3065056416722873,0.06415995971009038
2025-01-08 00:30:00,M03,MEO,4.246417243814826,0.23034724478040242,2.1400931448020004,0.0843290702735979
2025-01-08 00:45:00,M03,MEO,7.793841468610429,0.3781928832449007,2.9421496886477025,0.13002444757947126
2025-01-08 01:00:00,M03,MEO,-0.9231649914914872,0.0017666516668865236,0.9024055720076067,0.024920704301874118
2025-01-08 01:15:00,M03,MEO,1.798806714884307,0.11254416544994472,1.6629985363416078,0.07967258921875534
2025-01-08 01:30:00,M03,MEO,4.854599320224391,0.25215104904938485,2.300085610968942,0.12248535786179925
2025-01-08 01:45:00,M03,MEO,7.546470035688234,0.37453943960394864,3.119674983979836,0.14201791608958123
2025-01-08 02:00:00,M03,MEO,-0.18823281417807355,-0.033693318431387044,0.9164636600137603,0.03158707113006747
2025-01-08 02:15:00,M03,MEO,2.616939637521227,0.14516474787295994,1.634355663174986,0.08869697816494052
2025-01-08 02:30:00,M03,MEO,5.290461312654785,0.23709880976346312,2.329428238171301,0.12496151378824867
2025-01-08 02:45:00,M03,MEO,8.453685101849379,0.39451819237528024,3.0064424039063065,0.16090654248401276
2025-01-08 03:00:00,M03,MEO,0.23352638799709047,-0.004526790109709942,0.7117397122879328,0.0506857665793728
2025-01-08 03:15:00,M03,MEO,2.9176089019726086,0.14229762381088662,1.393443999815273,0.061573149491223896
2025-01-08 03:30:00,M03,MEO,6.2245143057202,0.251129297025724,1.9715751015343834,0.11981131762271431
2025-01-08 03:45:00,M03,MEO,9.163969734048015,0.38866060977129785,2.688360796825923,0.1307837373606607
2025-01-08 04:00:00,M03,MEO,1.0152361591525796,0.002445229239311991,0.38364653066579807,0.025814947186881834
2025-01-08 04:15:00,M03,MEO,3.1821069988289175,0.13700840052862343,0.9319351105219333,0.04999144409993232
2025-01-08 04:30:00,M03,MEO,6.514823428451832,0.23544883599798644,1.5439223405198836,0.08790102746552923
2025-01-08 04:45:00,M03,MEO,9.478972706459892,0.4111607962439331,2.3109284544533537,0.11312430583112398
2025-01-08 05:00:00,M03,MEO,0.6904861082181449,-0.008790405846573724,-0.12972220265396595,0.016583076503881695
2025-01-08 05:15:00,M03,MEO,3.5071492318239548,0.16390493449547855,0.5771877717262296,0.04999077810210786
2025-01-08 05:30:00,M03,MEO,6.516973066841112,0.2430557395121777,1.1490919421408405,0.06729765374031806
2025-01-08 05:45:00,M03,MEO,9.245849942309126,0.40443387224059485,1.7608860472984387,0.12223541163410205
2025-01-08 06:00:00,M03,MEO,0.601168455210279,0.0006791008772617877,-0.47871958958872773,-0.027083203278595883
2025-01-08 06:15:00,M03,MEO,2.870177106958381,0.10202756043623523,0.19030215684178503,0.014010437948498242
2025-01-08 06:30:00,M03,MEO,6.338105686862404,0.25049617620654663,0.633430159040705,0.036375415161822064
2025-01-08 06:45:00,M03,MEO,8.920775623828572,0.3875039249380609,1.3556269050632308,0.09445539601414536
2025-01-08 07:00:00,M03,MEO,0.7672212747827302,0.006040899020928138,-0.8189367444586215,-0.023718400856579773
2025-01-08 07:15:00,M03,MEO,3.3209568421395854,0.12263292850990849,-0.2303692223465794,0.01185409651998503
2025-01-08 07:30:00,M03,MEO,5.763169452033087,0.2529674774580157,0.5101286829747687,0.024457777848119963
2025-01-08 07:45:00,M03,MEO,8.729470253670012,0.3787542377854282,1.2847399110232303,0.08206915753321481
2025-01-08 08:00:00,M03,MEO,0.5250021791074911,0.0014427380819991098,-0.9464661665487252,-0.04717742616412106
2025-01-08 08:15:00,M03,MEO,2.6579049669763988,0.1287760371035151,-0.22496492281834551,-0.01984116511480325
2025-01-08 08:30:00,M03,MEO,5.07770989043693,0.24122559579288208,0.5804710949442927,0.020305471593525637
2025-01-08 08:45:00,M03,MEO,7.704797135107219,0.4109875013435774,1.4041041431626144,0.07030705476978409
2025-01-08 09:00:00,M03,MEO,-0.2062643500198545,-0.015337798352246114,-0.63878528147708,-0.041795949095728646
2025-01-08 09:15:00,M03,MEO,1.8663682737841456,0.11137825233160688,0.06575876420398438,0.018770686696504064
2025-01-08 09:30:00,M03,MEO,4.987970498397521,0.2568798748806521,0.8961335219055269,0.0503922208105924
2025-01-08 09:45:00,M03,MEO,7.970976065330825,0.41381954696252693,1.771729973672202,0.08955459807123818
2025-01-08 10:00:00,M03,MEO,-0.6635690697899181,0.01919833147473829,-0.4318525554702725,-0.04244440227073989
2025-01-08 10:15:00,M03,MEO,1.8183402756493323,0.14049283618566558,0.36785129825322416,0.024385853406431724
2025-01-08 10:30:00,M03,MEO,4.200460186924994,0.260891888907667,1.2880860368714069,0.05566233123622587
2025-01-08 10:45:00,M03,MEO,7.204756006235814,0.4106554325276697,2.2159522112231564,0.09918001443643597
2025-01-08 11:00:00,M03,MEO,-0.8542056675280916,-0.014300329256521934,0.08929595809011404,0.003411344951047261
2025-01-08 11:15:00,M03,MEO,1.3608354457599847,0.1327585857773848,0.8894477410707413,0.03963551786902301
2025-01-08 11:30:00,M03,MEO,4.292985101693783,0.280215172023271,1.7717700206353102,0.09873091363729691
2025-01-08 11:45:00,M03,MEO,7.408710386192062,0.379840276036797,2.6248697382498416,0.1418496633808884
2025-01-08 12:00:00,M03,MEO,-0.6714492861383212,-0.01672230898600327,0.5343413886750468,0.021135369297465092
2025-01-08 12:15:00,M03,MEO,1.7687279931315114,0.10258414514296514,1.2876668282818768,0.07381900839621047
2025-01-08 12:30:00,M03,MEO,4.32973366429127,0.27597939992350934,2.080744310667173,0.08713882969474772
2025-01-08 12:45:00,M03,MEO,7.306588200815163,0.39363870227170594,3.0430621762772154,0.14742437055409927
2025-01-08 13:00:00,M03,MEO,-0.3647077359157155,-0.00911368665510525,0.8105879658484053,0.04930043285743303
2025-01-08 13:15:00,M03,MEO,2.4668853459665963,0.10056510531677794,1.6161982473916912,0.06162962739782487
2025-01-08 13:30:00,M03,MEO,4.647742883513467,0.2342147994052603,2.3096434553837835,0.13332956837729215
2025-01-08 13:45:00,M03,MEO,8.587127555939578,0.3646414311875835,3.0935429725407992,0.15576206706804613
2025-01-08 14:00:00,M03,MEO,-0.27167393333588535,0.019719433587556498,0.9625397300577414,0.012567357705389005
2025-01-08 14:15:00,M03,MEO,2.1909221688497724,0.12885981130414648,1.6645378624284524,0.09633188877490552
2025-01-08 14:30:00,M03,MEO,5.324282467312462,0.25069001531599544,2.299167519073212,0.09886281214792347
2025-01-08 14:45:00,M03,MEO,8.163863716040412,0.35434736132477607,3.0835262563073953,0.1533597101314652
2025-01-08 15:00:00,M03,MEO,-0.011722551638657139,-0.022690851326530866,0.8397327328415438,0.04066427615039314
2025-01-08 15:15:00,M03,MEO,2.8805535859531504,0.13667878870887784,1.4051929071176807,0.07984874709584948
2025-01-08 15:30:00,M03,MEO,5.636877287538929,0.22835474387075488,1.9666294797716017,0.12589982515314765
2025-01-08 15:45:00,M03,MEO,8.743515845171277,0.3840489791446478,2.707403828917104,0.1423000270542777
2025-01-08 16:00:00,M03,MEO,0.9345265096256754,-0.008428753488058103,0.41223756221523644,0.039690966467865865
2025-01-08 16:15:00,M03,MEO,2.9164052672088285,0.12503567919707653,0.9248524742473023,0.04819419311716901
2025-01-08 16:30:00,M03,MEO,6.290795883207722,0.2563436132203837,1.5430177076886689,0.06327174993683787
2025-01-08 16:45:00,M03,MEO,8.880208272851924,0.3901874210741345,2.2616999264675757,0.1316893039612272
2025-01-08 17:00:00,M03,MEO,0.8002709518873516,-0.005369300523632667,-0.08372197193615599,0.019900953267258627
2025-01-08 17:15:00,M03,MEO,3.60589407683888,0.11856288262742468,0.4584761014983111,0.015217777647022802
2025-01-08 17:30:00,M03,MEO,5.999933716795257,0.2736447616040586,1.0394233153019148,0.05516562489508137
2025-01-08 17:45:00,M03,MEO,8.941933616093355,0.38477538763476027,1.7977754448100038,0.0933061704428042
2025-01-08 18:00:00,M03,MEO,1.039976206676428,-0.009477610334231262,-0.4478584674883832,-0.005226110611780063
2025-01-08 18:15:00,M03,MEO,3.9390653430626066,0.1243192842071589,0.1534307068261803,0.012201425037958078
2025-01-08 18:30:00,M03,MEO,6.040842082684883,0.2530955210706256,0.7607234511403579,0.03482188498225773
2025-01-08 18:45:00,M03,MEO,9.3406564768175,0.3729954596165254,1.4661876697197405,0.06369678616761515
2025-01-08 19:00:00,M03,MEO,0.29951321460971586,0.015948567528908268,-0.8003113051462517,-0.05786943365568458
2025-01-08 19:15:00,M03,MEO,2.929960821118468,0.13263277354414674,-0.1434910514837018,0.016697922373819465
2025-01-08 19:30:00,M03,MEO,5.5835862833765635,0.25195412705928466,0.4934243082851568,0.026979701338029558
2025-01-08 19:45:00,M03,MEO,8.401283014817508,0.3933551043863008,1.175675774673708,0.07505552088741078
2025-01-08 20:00:00,M03,MEO,0.20095761645327626,0.0030253971904683763,-0.9113707471938941,-0.04690991062053607
2025-01-08 20:15:00,M03,MEO,2.8177201981295483,0.14529262747061034,-0.1787104585466576,0.022613923304992525
2025-01-08 20:30:00,M03,MEO,5.088391932021166,0.2585265146001081,0.5482186867577797,0.039146897887351984
2025-01-08 20:45:00,M03,MEO,7.912750255897791,0.38356337272291274,1.3899739036994416,0.0542538065110923
2025-01-08 21:00:00,M03,MEO,-0.3517637102323519,-0.026203803376527134,-0.6939635162154593,-0.03532448429152934
2025-01-08 21:15:00,M03,MEO,2.5558347914814386,0.15049882061989,0.03661473299627861,-0.009553663874155209
2025-01-08 21:30:00,M03,MEO,4.963899895135769,0.25405444390717025,0.7991844924060376,0.07218553955977718
2025-01-08 21:45:00,M03,MEO,7.766189355401856,0.38508502383931725,1.663177924751085,0.08094797862847374
2025-01-08 22:00:00,M03,MEO,-0.8304926088194639,0.005664652887819073,-0.3499691377050362,-0.06662097143613767
2025-01-08 22:15:00,M03,MEO,1.7852540257633733,0.12031664588328062,0.43946067739407707,0.007839686986592802
2025-01-08 22:30:00,M03,MEO,4.515448782137425,0.25083460960116905,1.270710056349109,0.04806379871364777
2025-01-08 22:45:00,M03,MEO,7.650557615048619,0.38979825716533106,2.1122175943701853,0.10010339186119178
2025-01-08 23:00:00,M03,MEO,-0.924571645191737,-0.01924641872926714,-0.001684920123162066,-0.004724033694351214
2025-01-08 23:15:00,M03,MEO,1.9107485277164855,0.11708429727983159,0.926411762577935,0.03309792220005429
2025-01-08 23:30:00,M03,MEO,4.393763063365796,0.24995390106955195,1.6824258567874413,0.08839625952154899
2025-01-08 23:45:00,M03,MEO,7.109505369894626,0.4016640802634595,2.6479522346976947,0.12735427845911082
2025-01-01 00:00:00,M04,MEO,0.6134067723135012,-0.01693815082853139,0.476627613811552,0.015951718988051273
2025-01-01 00:15:00,M04,MEO,3.0281716545950705,0.14130755565445757,1.3505916781822318,0.08906985238071992
2025-01-01 00:30:00,M04,MEO,5.030125881812968,0.27261506893762355,2.1080582171386317,0.20308183351869427
2025-01-01 00:45:00,M04,MEO,7.864819569840629,0.451338838130399,2.8990704166551793,0.27046877235126254
2025-01-01 01:00:00,M04,MEO,0.6372629656332578,0.013348175760180105,0.34662583279808973,0.02268544562848004
2025-01-01 01:15:00,M04,MEO,2.5596516162415157,0.13679695962735997,0.9426975745711298,0.1289824338841446
2025-01-01 01:30:00,M04,MEO,5.308534993964391,0.29431325145396536,1.8086769906937616,0.23379165921531136
2025-01-01 01:45:00,M04,MEO,7.450799073768551,0.4534417119252533,2.6358794380793626,0.33614599609190254
2025-01-01 02:00:00,M04,MEO,0.7014132771363193,0.06149798994735807,-0.06253412227100352,0.04555924651891207
2025-01-01 02:15:00,M04,MEO,2.96464395236004,0.18019013588039098,0.6967777009362304,0.1625470298350686
2025-01-01 02:30:00,M04,MEO,5.188789854929375,0.3039773688949909,1.4883305765806107,0.2514126451460031
2025-01-01 02:45:00,M04,MEO,6.978303926021998,0.45086778530814103,2.2275312924476607,0.36306563037821105
2025-01-01 03:00:00,M04,MEO,0.0441737747687785,0.03065972442563069,-0.4520585693713697,0.05156972722551753
2025-01-01 03:15:00,M04,MEO,2.0190327408191084,0.17614500278575604,0.3933993101494064,0.16854555889078432
2025-01-01 03:30:00,M04,MEO,4.638778490272904,0.3069807864974671,1.305385754554292,0.26730964990258255
2025-01-01 03:45:00,M04,MEO,6.71327454326742,0.4655819216542533,2.144428085706117,0.38756323568127915
2025-01-01 04:00:00,M04,MEO,-0.46801467905994387,0.04563610875336735,-0.5396915030343026,0.06417239940014256
2025-01-01 04:15:00,M04,MEO,1.9116012029346507,0.18568904506256842,0.22292037622682565,0.13905881103431086
2025-01-01 04:30:00,M04,MEO,4.223669938758341,0.28034275028487254,1.1219362060224558,0.23574345392091384
2025-01-01 04:45:00,M04,MEO,5.899518563651969,0.4301729352981464,1.9805473733795542,0.33165899779756897
2025-01-01 05:00:00,M04,MEO,-0.38707723904676905,0.042482278337481555,-0.5726231161187565,0.024551960893282876
2025-01-01 05:15:00,M04,MEO,1.2342029905524843,0.14331837268306508,0.19695883908477824,0.10070427698833738
2025-01-01 05:30:00,M04,MEO,3.4724813651428343,0.2830703799392895,1.0936993845605565,0.18750502130603397
2025-01-01 05:45:00,M04,MEO,6.179843433911797,0.4214154600166496,2.0952232397116313,0.2735641143169718
2025-01-01 06:00:00,M04,MEO,-0.6791575391361928,0.002271477915194284,-0.4821443523108679,-0.0010953792464835541
2025-01-01 06:15:00,M04,MEO,1.5338669099496707,0.12403410421423906,0.3544440977023038,0.07592517860995476
2025-01-01 06:30:00,M04,MEO,3.2871996714074507,0.2625641187120839,1.2627619513359378,0.16396749285982296
2025-01-01 06:45:00,M04,MEO,5.897247324521955,0.4264450969166562,2.187066153270763,0.2556860927659025
2025-01-01 07:00:00,M04,MEO,-0.7581139196496838,-0.008422171661504566,-0.2825843653882832,-0.02449734007932416
2025-01-01 07:15:00,M04,MEO,1.3226250343967332,0.09973084073179299,0.6435955008454294,0.03512689533901345
2025-01-01 07:30:00,M04,MEO,3.609964402349585,0.24339772900259465,1.5416557238714992,0.12645066215858677
2025-01-01 07:45:00,M04,MEO,6.075004993929772,0.36488951630017563,2.570341830190825,0.2154758621258646
2025-01-01 08:00:00,M04,MEO,-0.5798226085246334,-0.03453852798465436,0.03791098837314971,-0.03428004850806454
2025-01-01 08:15:00,M04,MEO,1.3333655169776049,0.05694593567776886,0.8321423178196599,0.0010411646615253252
2025-01-01 08:30:00,M04,MEO,3.7745944458088903,0.23719109059781132,1.8354531299363734,0.11789009624142367
2025-01-01 08:45:00,M04,MEO,6.438389648685693,0.3744789360130716,2.868848934137079,0.21123833036444395
2025-01-01 09:00:00,M04,MEO,-0.3105664513554753,-0.041464006400493796,0.30901396868115133,-0.10300274025795612
2025-01-01 09:15:00,M04,MEO,1.9335800496337174,0.06737564745236356,1.1902486760641693,-0.003572903689603541
2025-01-01 09:30:00,M04,MEO,4.424942797661185,0.22398018474343048,2.212099269054603,0.10526092200561812
2025-01-01 09:45:00,M04,MEO,6.600300032367615,0.3691624680791123,2.9925785147872865,0.2409731036696752
2025-01-01 10:00:00,M04,MEO,0.3804697971979653,-0.03009448016474961,0.5525558181549947,-0.04997650832549178
2025-01-01 10:15:00,M04,MEO,2.273156826397577,0.11370311692093939,1.4153085577147073,0.037499877396158864
2025-01-01 10:30:00,M04,MEO,4.9739643718165825,0.23303545445965512,2.228745569747417,0.12198029698686864
2025-01-01 10:45:00,M04,MEO,6.921022894045632,0.4000988957862612,3.1698952502867175,0.24078457498807185
2025-01-01 11:00:00,M04,MEO,0.6450357658438787,-0.020026458876340247,0.5531962476740633,-0.037538683388870515
2025-01-01 11:15:00,M04,MEO,2.6632672888699864,0.09087322462191152,1.347828524683296,0.04318305177645098
2025-01-01 11:30:00,M04,MEO,5.109183247369328,0.2646118085174013,2.245335213065567,0.14624128153405636
2025-01-01 11:45:00,M04,MEO,7.529543591475471,0.39761963078420814,3.1720079122183824,0.2742301349136836
2025-01-01 12:00:00,M04,MEO,0.7291389088617767,-0.025344816855187566,0.38523123114974156,-0.000593767811686908
2025-01-01 12:15:00,M04,MEO,2.459011115203778,0.1178933236879647,1.2544512090321582,0.09466585682689
2025-01-01 12:30:00,M04,MEO,5.2211953793211086,0.25780039833719287,2.0452795668935573,0.19729409802382836
2025-01-01 12:45:00,M04,MEO,7.3863684321621745,0.4192767931309451,2.9058908879282943,0.31815030449256565
2025-01-01 13:00:00,M04,MEO,0.5449105460980654,0.01868325696849315,0.2280002378912025,0.03135639168520505
2025-01-01 13:15:00,M04,MEO,2.9941941032300137,0.14406299471042733,1.0280224957338648,0.14367672109251445
2025-01-01 13:30:00,M04,MEO,4.92127490140193,0.30411929823456657,1.7469896411739212,0.21868535987654483
2025-01-01 13:45:00,M04,MEO,7.821077212296446,0.46870109548078115,2.5662236352400276,0.33316476909536363
2025-01-01 14:00:00,M04,MEO,1.0198379439554448,0.04910125886352578,-0.08908533873081843,0.06618621309986877
2025-01-01 14:15:00,M04,MEO,2.9513337791946217,0.18086598448014723,0.550757240760132,0.13204941521604197
2025-01-01 14:30:00,M04,MEO,4.452976447945954,0.3334359751248637,1.4007024087913427,0.25785810900735456
2025-01-01 14:45:00,M04,MEO,7.379889897616167,0.4583918380486125,2.2887352521916937,0.34096941457034635
2025-01-01 15:00:00,M04,MEO,-0.04826831600466075,0.034635524640268506,-0.44013549457516593,0.09367903814449866
2025-01-01 15:15:00,M04,MEO,2.451279884462607,0.14476343778512535,0.4078004574465711,0.1723853193055411
2025-01-01 15:30:00,M04,MEO,4.352173921525111,0.30634768606869706,1.1463558358261683,0.25841093976156565
2025-01-01 15:45:00,M04,MEO,6.489540888791846,0.4482375381025165,2.1047933641358045,0.35142044045877807
2025-01-01 16:00:00,M04,MEO,-0.4949205208989933,0.04975737660710877,-0.47153231050941535,0.070897286959761
2025-01-01 16:15:00,M04,MEO,1.6300822616327157,0.16889532390776044,0.3005928883393638,0.14558988198486775
2025-01-01 16:30:00,M04,MEO,3.952600383655815,0.32188629714481654,1.109804762931621,0.2319334782207784
2025-01-01 16:45:00,M04,MEO,6.270710552801528,0.4594528958414118,1.9755737642609925,0.3063558929041263
2025-01-01 17:00:00,M04,MEO,-0.231182042241525,0.04467178161034394,-0.5688887423496871,0.02632895074501816
2025-01-01 17:15:00,M04,MEO,1.234891811787494,0.16259955878088844,0.14962290369948333,0.12539783116879832
2025-01-01 17:30:00,M04,MEO,3.5125359376573213,0.3153074543959221,1.110110190957622,0.19084349566453115
2025-01-01 17:45:00,M04,MEO,6.187140591233679,0.4360977258835239,1.968696652467714,0.3124545225660909
2025-01-01 18:00:00,M04,MEO,-1.1581615285874884,-0.017525236398619796,-0.4902568413856885,-0.008538540079171762
2025-01-01 18:15:00,M04,MEO,1.3288986817009947,0.11831729038686205,0.24128593581369576,0.06306255573075246
2025-01-01 18:30:00,M04,MEO,3.3306057790392196,0.26271023544330135,1.2830123824179223,0.15681220388650893
2025-01-01 18:45:00,M04,MEO,5.424691689500041,0.41806233465686143,2.2971041416334166,0.2563378016863968
2025-01-01 19:00:00,M04,MEO,-1.0047301562362878,-0.022907264682013487,-0.31072263013567436,-0.02637700678474373
2025-01-01 19:15:00,M04,MEO,1.1701042264113966,0.09974936095446942,0.5201830224029971,0.03817465209013958
2025-01-01 19:30:00,M04,MEO,3.5007370500797657,0.22700686432234218,1.5696012608632883,0.12325668443715848
2025-01-01 19:45:00,M04,MEO,6.078072607395645,0.3901289512607542,2.542241697692206,0.23206365979802154
2025-01-01 20:00:00,M04,MEO,-0.770655374651138,-0.025974366048651845,0.04945394610448714,-0.03976027440362227
2025-01-01 20:15:00,M04,MEO,1.7070829574487283,0.09063207213131233,0.9572126366844104,0.014067456634250321
2025-01-01 20:30:00,M04,MEO,4.05503859615694,0.21872113227115808,1.9843858434646404,0.09447416373662935
2025-01-01 20:45:00,M04,MEO,6.701232411444324,0.3655073306295747,2.8043550108455046,0.20855141183086073
2025-01-01 21:00:00,M04,MEO,-0.6141738857297538,-0.052064448671272384,0.31544163822757654,-0.07418448337139044
2025-01-01 21:15:00,M04,MEO,1.9675549665867882,0.06969984118514419,1.1896310380554493,0.008874913854056369
2025-01-01 21:30:00,M04,MEO,4.24332887819129,0.2381564246916985,2.187018044794393,0.11367725957754124
2025-01-01 21:45:00,M04,MEO,6.813468792473398,0.3614262386552646,3.1245516700180493,0.22558007612512015
2025-01-01 22:00:00,M04,MEO,0.33472887084672076,-0.05570384882085713,0.5671435809863655,-0.036296076704084496
2025-01-01 22:15:00,M04,MEO,2.7933973194553197,0.06818720068419687,1.4872352989082147,0.02589776553597091
2025-01-01 22:30:00,M04,MEO,5.406970596703641,0.24337969554880476,2.3584274929882096,0.13066167217770433
2025-01-01 22:45:00,M04,MEO,7.445918711561038,0.3890900120691586,3.2306431382028373,0.22640650178150867
2025-01-01 23:00:00,M04,MEO,0.9411159312272477,-0.027151903414855353,0.6554131279680169,-0.05456027378773196
2025-01-01 23:15:00,M04,MEO,2.6222322523473505,0.10615618747103443,1.3636750620024622,0.048925201434503
2025-01-01 23:30:00,M04,MEO,4.975279790013223,0.2590798474548788,2.203769272360039,0.14952755348437635
2025-01-01 23:45:00,M04,MEO,6.998673501233805,0.3930316016238542,3.1599734258714363,0.26805091660193514
2025-01-02 00:00:00,M04,MEO,0.3835123652280825,0.011338734540239995,0.389371950488782,0.004979506576040895
2025-01-02 00:15:00,M04,MEO,3.2243832591561854,0.14449785779894056,1.2540014267421873,0.10518481655924482
2025-01-02 00:30:00,M04,MEO,5.593496824798925,0.3136363960119827,2.0082140800402306,0.2256427861674357
2025-01-02 00:45:00,M04,MEO,7.732045829508591,0.43099699810012115,2.9035948408680614,0.32210813043255615
2025-01-02 01:00:00,M04,MEO,0.4778120360863284,0.026959261689859192,0.2577316943434567,0.031144325405004586
2025-01-02 01:15:00,M04,MEO,2.906242124273895,0.18297758518981563,0.9935186028208955,0.1350254192391498
2025-01-02 01:30:00,M04,MEO,5.0290218972920355,0.3044597481082902,1.776584178537072,0.2156816060709159
2025-01-02 01:45:00,M04,MEO,7.030385354917676,0.4551429497135217,2.6938286954855517,0.34067825321859374
2025-01-02 02:00:00,M04,MEO,0.9291315246549566,0.04902749168634364,-0.08127015659880274,0.06250236394024825
2025-01-02 02:15:00,M04,MEO,2.9335998751860166,0.1496536682850564,0.6997207655748091,0.13758924439040995
2025-01-02 02:30:00,M04,MEO,4.864380337754419,0.2980997201271681,1.5326191117016348,0.26061922012962113
2025-01-02 02:45:00,M04,MEO,6.996550195220425,0.46441652604486017,2.2430599814590804,0.3706713461127096
2025-01-02 03:00:00,M04,MEO,0.16394103267869514,0.061686462085624574,-0.4030498380694486,0.07069531634361657
2025-01-02 03:15:00,M04,MEO,2.3133521465645845,0.18034662985433636,0.43774711128312377,0.17987692225302573
2025-01-02 03:30:00,M04,MEO,4.429751771927062,0.31457904717206725,1.148474816252675,0.24754558947262761
2025-01-02 03:45:00,M04,MEO,6.364147394399235,0.43213484893166976,2.0455337977891346,0.35199907306503386
2025-01-02 04:00:00,M04,MEO,-0.14768801171306162,0.033985394708074,-0.5576809824261915,0.051249492071385225
2025-01-02 04:15:00,M04,MEO,1.889460426997286,0.18503746254475903,0.28784038541694035,0.12711237126540276
2025-01-02 04:30:00,M04,MEO,3.9970820981118713,0.3310791970369017,1.1321537003843563,0.2556158346603603
2025-01-02 04:45:00,M04,MEO,6.633386897440565,0.4408430897971275,1.9730288646631158,0.3380370424145749
2025-01-02 05:00:00,M04,MEO,-0.9064406621580188,0.025392621165086744,-0.6542840798203592,0.036281914449708436
2025-01-02 05:15:00,M04,MEO,1.5441486631713546,0.16012880613744082,0.25261830947893943,0.10461166216307581
2025-01-02 05:30:00,M04,MEO,3.8137156620035757,0.2972180581014725,1.0073052829397122,0.21166391307348767
2025-01-02 05:45:00,M04,MEO,6.147703434965323,0.4482548071569005,2.071518150985831,0.2846629560236888
2025-01-02 06:00:00,M04,MEO,-1.265315327386988,0.033721052234392083,-0.48910293511684383,0.007680443119192407
2025-01-02 06:15:00,M04,MEO,1.229533532876166,0.12330633792555407,0.3012979007796601,0.09619179135328433
2025-01-02 06:30:00,M04,MEO,3.5872793078922447,0.26498144545019087,1.3375517745094954,0.16563919506612604
2025-01-02 06:45:00,M04,MEO,5.847660181379568,0.40202862124290717,2.268850124587109,0.2552869523864797
2025-01-02 07:00:00,M04,MEO,-0.18056598731043047,-0.03722020942392487,-0.2139371378971248,-0.036741910814630324
2025-01-02 07:15:00,M04,MEO,1.3258570481989613,0.1052608243707925,0.5976747551455607,0.06184948783854747
2025-01-02 07:30:00,M04,MEO,3.478665286563221,0.24011652334242742,1.452128318547598,0.1448123033425162
2025-01-02 07:45:00,M04,MEO,6.1083750654259426,0.37361803335092403,2.602806880703043,0.21718962518392376
2025-01-02 08:00:00,M04,MEO,-0.591223641405552,-0.047800007047711625,0.13422550069332623,-0.054329677404637275
2025-01-02 08:15:00,M04,MEO,1.204117129861273,0.061052014361460044,0.9135501474909132,0.03643819892253772
2025-01-02 08:30:00,M04,MEO,4.076586958865598,0.19867658715656583,1.954573069305694,0.10565749594411197
2025-01-02 08:45:00,M04,MEO,6.538738200427889,0.39261896568223503,2.957926897301248,0.1666923578601611
2025-01-02 09:00:00,M04,MEO,-0.17412825162534784,-0.05530753771066621,0.33102890040325683,-0.06416630734407945
2025-01-02 09:15:00,M04,MEO,2.3615134826434727,0.09191532656401978,1.160179784846808,0.005075065403772719
2025-01-02 09:30:00,M04,MEO,3.9087440077125373,0.21971236277032777,2.182460178581425,0.12282938372599903
2025-01-02 09:45:00,M04,MEO,6.884596298845266,0.342199539122218,3.020066027398045,0.20484414935999454
2025-01-02 10:00:00,M04,MEO,0.2899057357435648,-0.045775962409118305,0.5082373154545214,-0.07614068795177546
2025-01-02 10:15:00,M04,MEO,2.2635787212804748,0.060565844212211506,1.3017201405156313,0.047398481752349224
2025-01-02 10:30:00,M04,MEO,4.71880472144118,0.2183516974040142,2.2828624798526347,0.13898755800366705
2025-01-02 10:45:00,M04,MEO,6.729239444886383,0.36348884869326337,3.163225489579704,0.23799547791528264
2025-01-02 11:00:00,M04,MEO,0.5659831765610845,-0.03138431499036342,0.5343718191163086,-0.0333245093284194
2025-01-02 11:15:00,M04,MEO,2.5558495926754805,0.07764955164172645,1.4935376602163954,0.06124082343197385
2025-01-02 11:30:00,M04,MEO,5.298603404988971,0.23991411414130887,2.2851146850001336,0.15973949553780947
2025-01-02 11:45:00,M04,MEO,7.5399514617199745,0.4080867880227515,3.1294462825746407,0.2558814524409748
2025-01-02 12:00:00,M04,MEO,0.9795000692002696,-0.04812090515523132,0.5455026448572249,0.0027544704429087645
2025-01-02 12:15:00,M04,MEO,2.9494441609861988,0.11541178106860743,1.1972975201495049,0.08798858197487738
2025-01-02 12:30:00,M04,MEO,5.081870277532307,0.26760645867003846,2.0077437320583598,0.1803247012910359
2025-01-02 12:45:00,M04,MEO,7.977183423433518,0.4318457975514419,2.8236055898125465,0.3069631856917395
2025-01-02 13:00:00,M04,MEO,0.9684542784486927,0.04146937988459817,0.18438992616006528,0.05773035345985823
2025-01-02 13:15:00,M04,MEO,2.940415619112582,0.15445226912602739,0.9697196899931642,0.13612703770649906
2025-01-02 13:30:00,M04,MEO,5.18976812730555,0.2934695165083591,1.6883046671483366,0.2408812614675993
2025-01-02 13:45:00,M04,MEO,7.44449884659795,0.4658464825038039,2.609286154055543,0.3008859440834208
2025-01-02 14:00:00,M04,MEO,0.5222833187855279,0.027562749371562886,-0.07550219525936884,0.05738801646519411
2025-01-02 14:15:00,M04,MEO,2.4501579844136128,0.18683246846675985,0.5984378914454882,0.14446859121166383
2025-01-02 14:30:00,M04,MEO,4.824611961129936,0.33390957206531713,1.4491064977588368,0.2614711423401926
2025-01-02 14:45:00,M04,MEO,7.208729399949422,0.4671631066101656,2.275051048247798,0.37216424335809084
2025-01-02 15:00:00,M04,MEO,0.1849807094938607,0.057216087226844216,-0.42886972778899735,0.053631682028156415
2025-01-02 15:15:00,M04,MEO,2.12964035598019,0.18447284349688503,0.36026161234296383,0.16336706984357047
2025-01-02 15:30:00,M04,MEO,4.358176982530965,0.29550545630779074,1.172086839032882,0.23033223675112785
2025-01-02 15:45:00,M04,MEO,6.394745952655895,0.48259060093759876,2.1826334865375725,0.34279420343518313
2025-01-02 16:00:00,M04,MEO,-0.15231982469600303,0.06123386659690487,-0.5769318348801377,0.059075802353256365
2025-01-02 16:15:00,M04,MEO,1.5075286272983546,0.17463239980416087,0.21765998875928894,0.13921247132225104
2025-01-02 16:30:00,M04,MEO,3.5504435435990067,0.32106045132393757,1.0424151500515553,0.24911658479716545
2025-01-02 16:45:00,M04,MEO,6.585340406600088,0.47637262802618113,1.9604115032388438,0.3515081753041763
2025-01-02 17:00:00,M04,MEO,-0.7707775070162528,0.018430405903641263,-0.5915271257719555,0.03653684300837919
2025-01-02 17:15:00,M04,MEO,1.1497056443768294,0.16758319946894695,0.23500148929080297,0.11520347583846714
2025-01-02 17:30:00,M04,MEO,3.423492703514414,0.2983634560640685,1.0681580473508288,0.17981558595495778
2025-01-02 17:45:00,M04,MEO,6.1728584956408294,0.4298020918824912,2.106410214403701,0.2737453952649386
2025-01-02 18:00:00,M04,MEO,-1.0957648347472122,0.012200894441054027,-0.434409055093254,-0.02424014216404952
2025-01-02 18:15:00,M04,MEO,1.3286157708315918,0.12189617519353929,0.3204067420696974,0.0744952940329533
2025-01-02 18:30:00,M04,MEO,3.8163415840869024,0.26670453911027475,1.3055536910770924,0.14495799532565984
2025-01-02 18:45:00,M04,MEO,5.8755686926738395,0.4171499662153631,2.1116895321227704,0.25863848613199036
2025-01-02 19:00:00,M04,MEO,-0.4805261826101391,-0.01069969938765459,-0.3282810056409543,-0.06883238422218846
2025-01-02 19:15:00,M04,MEO,1.1389557399781842,0.11273543659694242,0.6363962617935642,0.029023564729060026
2025-01-02 19:30:00,M04,MEO,3.402124490757437,0.20330926767344407,1.6955240272236336,0.13050055061310006
2025-01-02 19:45:00,M04,MEO,6.351826746961155,0.3852037469609936,2.674039318001359,0.21629730052476512
2025-01-02 20:00:00,M04,MEO,-0.7621857295837481,-0.03901643132112577,0.0012151842996891322,-0.07855847573377349
2025-01-02 20:15:00,M04,MEO,1.7894017468768795,0.09537218682159293,0.9962348150043651,0.0171778062881251
2025-01-02 20:30:00,M04,MEO,4.176573134451653,0.23274534673326372,1.9415365793025647,0.07244725294673676
2025-01-02 20:45:00,M04,MEO,6.116340899518355,0.35059144786947977,2.83351808858384,0.20926673272010188
2025-01-02 21:00:00,M04,MEO,-0.06738267792527403,-0.04542373104805863,0.36624913573045936,-0.09682206538986403
2025-01-02 21:15:00,M04,MEO,2.4833050810392114,0.06458687088053128,1.2680745761544971,0.012220408905711175
2025-01-02 21:30:00,M04,MEO,4.130309367956013,0.1901852642371344,2.2593289373927603,0.11650244322558698
2025-01-02 21:45:00,M04,MEO,6.573453475104492,0.3491215929198923,3.198131674266829,0.2065126706834276
2025-01-02 22:00:00,M04,MEO,0.04515835833798848,-0.04625896714965821,0.6111529059137853,-0.05618537970318887
2025-01-02 22:15:00,M04,MEO,2.43422593761592,0.10398677269309373,1.4396856590310034,0.029741047665543294
2025-01-02 22:30:00,M04,MEO,4.784719648955918,0.22379771911742433,2.280260567617818,0.11098356956563941
2025-01-02 22:45:00,M04,MEO,7.133407149352174,0.3772636073975003,3.303719905078804,0.23356216734104202
2025-01-02 23:00:00,M04,MEO,0.6369219547022839,-0.017754163227892528,0.5666465051320733,-0.03793082043881908
2025-01-02 23:15:00,M04,MEO,2.929802065738454,0.12751937349177336,1.4193277905621011,0.02738576061771578
2025-01-02 23:30:00,M04,MEO,5.091880360397343,0.24936833688567192,2.32779072685184,0.1738734277073788
2025-01-02 23:45:00,M04,MEO,7.348938046000882,0.39375650066400514,3.112948053657321,0.2438604256208244
2025-01-03 00:00:00,M04,MEO,0.985944707291167,-0.00023721119130155552,0.3875654685876855,0.00822735332081692
2025-01-03 00:15:00,M04,MEO,2.5470080112287805,0.11216877426199472,1.2008942277254195,0.10109425280774749
2025-01-03 00:30:00,M04,MEO,4.801719915987359,0.25022040321784406,1.9985812535584193,0.19124147039744172
2025-01-03 00:45:00,M04,MEO,7.44869507764739,0.43436310705666176,2.85932059451765,0.2992213246955133
2025-01-03 01:00:00,M04,MEO,0.5910142525105192,0.02185576189272517,0.30493194682740915,0.07356194342354161
2025-01-03 01:15:00,M04,MEO,2.6034749477920043,0.1415895142274115,0.8825864440327387,0.12005833126297323
2025-01-03 01:30:00,M04,MEO,4.784676585938336,0.29695013764429923,1.7100191580464608,0.21593077143150252
2025-01-03 01:45:00,M04,MEO,7.7450409426355815,0.48101070002979124,2.6045607367452277,0.32654786168747585
2025-01-03 02:00:00,M04,MEO,0.6331435950684625,0.047412801825306675,-0.06253105765476871,0.0782708355240794
2025-01-03 02:15:00,M04,MEO,2.3703940473332867,0.16604160430015688,0.617463862458863,0.15012748307328427
2025-01-03 02:30:00,M04,MEO,5.016463786423286,0.3174595744483915,1.4753552033403492,0.2625403268784285
2025-01-03 02:45:00,M04,MEO,6.559229595689143,0.48199906994013997,2.2826283064702997,0.39218220165392376
2025-01-03 03:00:00,M04,MEO,0.1156853072859685,0.04982893146335665,-0.3544420182995114,0.07199839618310971
2025-01-03 03:15:00,M04,MEO,2.363848198000583,0.1806133268711568,0.4460842420100602,0.15348020697842002
2025-01-03 03:30:00,M04,MEO,4.556527680693473,0.3300458241599524,1.2049699706491033,0.26842523618228176
2025-01-03 03:45:00,M04,MEO,6.774927925678266,0.4824031348321944,2.1176504177282305,0.34699150620004593
2025-01-03 04:00:00,M04,MEO,-0.4860005318480545,0.04933506022155808,-0.6817757014404147,0.07377073775959969
2025-01-03 04:15:00,M04,MEO,1.6960169136544563,0.17671585601847134,0.2657742197975592,0.1422856069789395
2025-01-03 04:30:00,M04,MEO,4.280360032146895,0.2857822834676244,1.0941491580481846,0.2240306715876723
2025-01-03 04:45:00,M04,MEO,6.215887903665486,0.4649740545634158,1.9557682914391645,0.33372249051238234
2025-01-03 05:00:00,M04,MEO,-0.6603986527574319,0.03866113741908596,-0.6071649929977783,0.030446688238862523
2025-01-03 05:15:00,M04,MEO,1.2921138015582143,0.12792642934190332,0.2062881336170043,0.12488066595619937
2025-01-03 05:30:00,M04,MEO,3.644902963864362,0.2910500594197075,1.13747826226494,0.16675854675066423
2025-01-03 05:45:00,M04,MEO,6.097022797623361,0.4415257057848501,1.9853436453541282,0.2892036445426232
2025-01-03 06:00:00,M04,MEO,-1.353459491058704,0.0029086497646998374,-0.36729695882170643,0.011830009243086985
2025-01-03 06:15:00,M04,MEO,1.376689447392378,0.10759518486130142,0.37927937610284684,0.06245455763751247
2025-01-03 06:30:00,M04,MEO,3.6367733528580266,0.2317718842451271,1.2654089587471573,0.1569461251642242
2025-01-03 06:45:00,M04,MEO,6.136243946013996,0.4009993965770353,2.3643232142541164,0.26765464848898884
2025-01-03 07:00:00,M04,MEO,-0.9826270188988978,-0.023662066638151017,-0.3115291474202562,-0.018014050452011043
2025-01-03 07:15:00,M04,MEO,1.7478821642084181,0.1007585839507228,0.6868172032579715,0.05468838992028569
2025-01-03 07:30:00,M04,MEO,3.274175610420171,0.2116860980008808,1.624035187991841,0.12186901072712672
2025-01-03 07:45:00,M04,MEO,6.326412232202116,0.3935832443439452,2.6079841639486743,0.21728357102827878
2025-01-03 08:00:00,M04,MEO,-0.23001682212424188,-0.022589328980939946,0.08176929483189196,-0.05429107854209855
2025-01-03 08:15:00,M04,MEO,1.947475753675025,0.09777477943045974,1.0318696952020345,0.016658349986501838
2025-01-03 08:30:00,M04,MEO,3.9507846990523485,0.24237126005057372,1.9454858305724345,0.1294527571695067
2025-01-03 08:45:00,M04,MEO,6.471475623508143,0.385300484191308,2.7913329604836443,0.19260987359471637
2025-01-03 09:00:00,M04,MEO,-0.4471305096289297,-0.06977968257335596,0.2663186211829071,-0.08572541288272603
2025-01-03 09:15:00,M04,MEO,2.361914163519413,0.09075130398374452,1.1377948711647239,0.00547192155755335
2025-01-03 09:30:00,M04,MEO,4.512014160432088,0.21283078577354506,2.1532852841356833,0.1040764464007984
2025-01-03 09:45:00,M04,MEO,6.869976528493809,0.3646371452273647,3.044231799495948,0.21868799353401558
2025-01-03 10:00:00,M04,MEO,0.09286765479448351,-0.01952325308102293,0.5123472079411058,-0.060647395839418305
2025-01-03 10:15:00,M04,MEO,2.59197879098094,0.08089438299086606,1.371700601010041,0.04950100398744792
2025-01-03 10:30:00,M04,MEO,4.773951686848398,0.2133671018196755,2.2735547715819195,0.11138876129824096
2025-01-03 10:45:00,M04,MEO,7.503935408387534,0.39650875247449946,3.200509847366895,0.23894386127468256
2025-01-03 11:00:00,M04,MEO,0.7765666604671864,-0.040967656624140536,0.5433499909557594,-0.04293918161127689
2025-01-03 11:15:00,M04,MEO,2.739592246766693,0.08504446910442211,1.3510572060866974,0.065942589735622
2025-01-03 11:30:00,M04,MEO,5.205537540751762,0.2583456764800683,2.2161767282197258,0.1733479647366849
2025-01-03 11:45:00,M04,MEO,7.345092065234899,0.43446363883710043,2.9622774600031034,0.2914115236517891
2025-01-03 12:00:00,M04,MEO,0.7910211169901682,0.021169522569165936,0.49784379094764836,-0.004298562672644568
2025-01-03 12:15:00,M04,MEO,2.7723154362154427,0.1666250129299988,1.1957291719702592,0.07556182772020364
2025-01-03 12:30:00,M04,MEO,5.490920632628902,0.24521404788920032,1.9668920343972087,0.18175800948707455
2025-01-03 12:45:00,M04,MEO,6.975331649985591,0.4413706010955957,2.778868393360205,0.2988025679529963
2025-01-03 13:00:00,M04,MEO,1.0681142350179198,0.019489881741663002,0.19336028948866735,0.032335319491943265
2025-01-03 13:15:00,M04,MEO,2.6819495949038066,0.18743618073177729,0.9250869702682022,0.15358929433497145
2025-01-03 13:30:00,M04,MEO,4.933063489259295,0.2957403402570524,1.7137489054289516,0.24121576899272276
2025-01-03 13:45:00,M04,MEO,7.394623221000634,0.42608275157570347,2.6478445664141854,0.33965353779046875
2025-01-03 14:00:00,M04,MEO,0.26300471939146897,0.04369236508679167,-0.11288347231803593,0.0577466142621006
2025-01-03 14:15:00,M04,MEO,2.082662805456064,0.1685737834089371,0.5643590560600018,0.16002135756168026
2025-01-03 14:30:00,M04,MEO,4.330843047738944,0.31032171452104323,1.4037057556512424,0.2618208233925692
2025-01-03 14:45:00,M04,MEO,7.018782382672967,0.49051876646203174,2.350115262300912,0.35942808503399654
2025-01-03 15:00:00,M04,MEO,-0.12087737075939503,0.0642391794613116,-0.3754917989592826,0.09123906727291023
2025-01-03 15:15:00,M04,MEO,2.2258249492431337,0.1815276261672922,0.4442353521416568,0.1527190427153417
2025-01-03 15:30:00,M04,MEO,4.394463939928448,0.3309301848739285,1.1578889461282953,0.2726503924893467
2025-01-03 15:45:00,M04,MEO,6.289428257722663,0.4438559686728561,2.1242610814958263,0.3497330190642225
2025-01-03 16:00:00,M04,MEO,-0.0855008380962626,0.026203907765493896,-0.5876912844973148,0.06008253881670711
2025-01-03 16:15:00,M04,MEO,1.6230546070742193,0.1806463211513794,0.23894248388067993,0.1439088339921962
2025-01-03 16:30:00,M04,MEO,3.657367676034607,0.28814245509998754,1.0928658182192272,0.24673903635898925
2025-01-03 16:45:00,M04,MEO,5.78536188616599,0.4255802812458527,1.995792083319652,0.29243696361052807
2025-01-03 17:00:00,M04,MEO,-0.5405579347327905,0.019298829486183822,-0.5971385584573621,0.015789111621357065
2025-01-03 17:15:00,M04,MEO,1.4993972921425796,0.15850500689316344,0.19480752563909773,0.13478972748672857
2025-01-03 17:30:00,M04,MEO,3.667719007976764,0.2753680891942624,1.088634742083023,0.212028855486096
2025-01-03 17:45:00,M04,MEO,5.748128878697137,0.39451270618220163,2.1075547913792088,0.2802537546451821
2025-01-03 18:00:00,M04,MEO,-0.5840138154720437,0.01830483273796611,-0.4498111808637496,0.012417702794942075
2025-01-03 18:15:00,M04,MEO,0.9214978237867886,0.14474554456548622,0.3567904588167235,0.08663677905647374
2025-01-03 18:30:00,M04,MEO,3.674088694483816,0.23232587580776237,1.2512822095870344,0.14632117046779633
2025-01-03 18:45:00,M04,MEO,5.770337379146732,0.4003148648394721,2.4169877887935733,0.27142847943518855
2025-01-03 19:00:00,M04,MEO,-0.5072657438910197,-0.016733968089775966,-0.18477031820094975,-0.01612167672536618
2025-01-03 19:15:00,M04,MEO,1.4450522461126707,0.08888082996789091,0.744022272197273,0.03876969697832561
2025-01-03 19:30:00,M04,MEO,3.3514755134951186,0.229295909054496,1.6732253028834387,0.10945078011850289
2025-01-03 19:45:00,M04,MEO,6.391651354659806,0.39220934431905535,2.648097089998579,0.19407595618658857
2025-01-03 20:00:00,M04,MEO,-0.4644777470221842,-0.029166072293204837,0.06464932656622613,-0.07133581471123054
2025-01-03 20:15:00,M04,MEO,1.461829692353422,0.11829116451220582,0.9035754561532293,-0.017080586797557733
2025-01-03 20:30:00,M04,MEO,3.5683179406955032,0.223039565531768,1.9979484318960972,0.11674846116861673
2025-01-03 20:45:00,M04,MEO,6.297320929211746,0.39245884407743375,2.974213681676826,0.20921026038945775
2025-01-03 21:00:00,M04,MEO,-0.2918291121081151,-0.05728922763681098,0.3996966244370567,-0.06521705662579172
2025-01-03 21:15:00,M04,MEO,1.9520188494408468,0.09540728978390053,1.195943486824136,-0.006120920277122924
2025-01-03 21:30:00,M04,MEO,4.287984257999154,0.2280039000117563,2.1176881784126924,0.08993640850350929
2025-01-03 21:45:00,M04,MEO,6.968704289506963,0.37699755696489745,3.114546641628098,0.2214301381064453
2025-01-03 22:00:00,M04,MEO,0.000197857687162184,-0.034563909875557255,0.5500218287900336,-0.07158033720474623
2025-01-03 22:15:00,M04,MEO,2.2700259911580654,0.07876619129435493,1.3575436460975019,0.04127865563003692
2025-01-03 22:30:00,M04,MEO,4.80982868992567,0.2157701370592106,2.285280566929479,0.1199801011095248
2025-01-03 22:45:00,M04,MEO,7.129459236095738,0.3570523716937868,3.235222263267185,0.24143243838468129
2025-01-03 23:00:00,M04,MEO,0.5451407098025645,-0.03620996809051715,0.5937210402798764,-0.022976409091494905
2025-01-03 23:15:00,M04,MEO,2.741077557128904,0.07989564841818403,1.3957154102995852,0.07743002166694807
2025-01-03 23:30:00,M04,MEO,4.712671478335613,0.25526281973388865,2.262609550703585,0.17648759956654775
2025-01-03 23:45:00,M04,MEO,7.272638510340733,0.3892815650765351,3.1883640112674674,0.27464596955231274
2025-01-04 00:00:00,M04,MEO,0.5054515812925436,0.008383462291585908,0.4083746290645917,0.014444675658894318
2025-01-04 00:15:00,M04,MEO,2.8653660101520257,0.1549428481715587,1.2873909091073228,0.08805469851176356
2025-01-04 00:30:00,M04,MEO,5.0660400269285235,0.2555650944741947,2.006728495146991,0.21295228687353746
2025-01-04 00:45:00,M04,MEO,7.5473616273516875,0.39372431915887246,2.8498868977610603,0.30416874172855896
2025-01-04 01:00:00,M04,MEO,0.7018982442428409,0.028530306336689626,0.13514765477315643,0.031714453308586
2025-01-04 01:15:00,M04,MEO,3.0974850372188527,0.16214606022546935,1.005095872985375,0.12401561309168677
2025-01-04 01:30:00,M04,MEO,5.137656704348207,0.2790900181389651,1.7221907145646105,0.21686423682696043
2025-01-04 01:45:00,M04,MEO,7.8287545719384095,0.44805124738585583,2.565692488139674,0.33084814020098596
2025-01-04 02:00:00,M04,MEO,0.7935358874608553,0.03152193264507,-0.15878265625976185,0.05194163406614445
2025-01-04 02:15:00,M04,MEO,2.654461014801343,0.17813389385679088,0.6662078437729552,0.1757229175440265
2025-01-04 02:30:00,M04,MEO,4.862028874139191,0.32129754751027106,1.4781280826284429,0.23223212384594172
2025-01-04 02:45:00,M04,MEO,7.207314279126398,0.46342546585201466,2.26599564955372,0.35195782418369664
2025-01-04 03:00:00,M04,MEO,0.43625317017867493,0.06627588508623146,-0.3948435026361222,0.08357009804610521
2025-01-04 03:15:00,M04,MEO,2.220437911629482,0.18104983698692056,0.3873212360659301,0.1571400461334505
2025-01-04 03:30:00,M04,MEO,4.469060255743113,0.31614047197165324,1.1976630678972022,0.25529082982847223
2025-01-04 03:45:00,M04,MEO,6.86426132212058,0.457225635760191,2.071756744735705,0.34991722292315497
2025-01-04 04:00:00,M04,MEO,-0.7128462283896349,-0.0008087077003531892,-0.6062304552361371,0.06522060720480569
2025-01-04 04:15:00,M04,MEO,1.923291895061238,0.14842193091884057,0.21107892404059192,0.1523860042138035
2025-01-04 04:30:00,M04,MEO,4.283921338164069,0.27533110809027483,0.9965912647209799,0.24827089625299256
2025-01-04 04:45:00,M04,MEO,6.113736533340381,0.44994619547327963,1.9982839654024978,0.32993374359661737
2025-01-04 05:00:00,M04,MEO,-0.525202814009333,-0.005645717408274393,-0.48571791381512486,0.028780379270491277
2025-01-04 05:15:00,M04,MEO,1.4809181394700988,0.12467352362230702,0.3270026130855632,0.10253833854042867
2025-01-04 05:30:00,M04,MEO,3.6002549120399228,0.2801988406719262,0.9645842491599536,0.21587848919065308
2025-01-04 05:45:00,M04,MEO,5.601007993308121,0.43717424476860056,2.091851246308148,0.2937307260485188
2025-01-04 06:00:00,M04,MEO,-0.8117647463553415,-0.023603490838535343,-0.5207221615546698,-0.004745627795148639
2025-01-04 06:15:00,M04,MEO,1.2421633203060005,0.11644092790337453,0.44898251721516097,0.07358309725116487
2025-01-04 06:30:00,M04,MEO,3.7205294502550847,0.2655900723613213,1.2361536118534173,0.16123645195799868
2025-01-04 06:45:00,M04,MEO,5.892667185854011,0.39720395455920326,2.400114754018511,0.247313840605061
2025-01-04 07:00:00,M04,MEO,-0.7929260376081787,-0.022112848473518968,-0.1594864424635453,-0.06122648184481994
2025-01-04 07:15:00,M04,MEO,1.3834701868520114,0.10238167018235896,0.656431260019856,0.03855694740342371
2025-01-04 07:30:00,M04,MEO,3.9325062462712523,0.24735700586889584,1.485787601841222,0.122314428771999
2025-01-04 07:45:00,M04,MEO,6.183665548731378,0.36656960322363435,2.5992202741781183,0.20512435501351792
2025-01-04 08:00:00,M04,MEO,-0.5077863910751956,-0.06729453240137653,0.10386539631231681,-0.07516454798368427
2025-01-04 08:15:00,M04,MEO,1.6496298767325992,0.08604292425148313,1.0407405899866091,0.014270525319085743
2025-01-04 08:30:00,M04,MEO,4.0852263810768745,0.22589830274558742,1.8955270029769868,0.09707242676953817
2025-01-04 08:45:00,M04,MEO,6.554641319389463,0.37025412867330565,2.958624434959656,0.2385782899023456
2025-01-04 09:00:00,M04,MEO,-0.6409363088931267,-0.039322333231505725,0.39855056052591664,-0.08264914373466471
2025-01-04 09:15:00,M04,MEO,1.7396007366813337,0.07591207941797223,1.3657303732649888,0.017703234306369962
2025-01-04 09:30:00,M04,MEO,4.393466480867295,0.2329325300915877,2.1391240015515036,0.09247537800141413
2025-01-04 09:45:00,M04,MEO,6.763135129988162,0.35298794582112775,3.1458809406082993,0.20042282436340209
2025-01-04 10:00:00,M04,MEO,0.029323633159017787,-0.050403107418124156,0.6024278639101145,-0.05665524086603671
2025-01-04 10:15:00,M04,MEO,2.5040521813141816,0.10158879011206276,1.3131841040937005,0.03681719525444919
2025-01-04 10:30:00,M04,MEO,4.789078199617899,0.24625573110560084,2.177552957606934,0.11578498871314459
2025-01-04 10:45:00,M04,MEO,7.1084371471905525,0.40102672481360374,3.233777074563285,0.22056469326013264
2025-01-04 11:00:00,M04,MEO,0.505019639600596,-0.045644445115563016,0.580471289320273,0.002082926210144989
2025-01-04 11:15:00,M04,MEO,2.5864353498572505,0.1288647090965778,1.488360387344024,0.04877229451494454
2025-01-04 11:30:00,M04,MEO,5.026632271283816,0.21451969972907983,2.1851973902103365,0.1830513750327422
2025-01-04 11:45:00,M04,MEO,7.519463604982729,0.4538299280921437,3.1157488104766933,0.26267053932494183
2025-01-04 12:00:00,M04,MEO,0.7441231112934682,0.016037335175772358,0.4536612152759176,0.02452885877808681
2025-01-04 12:15:00,M04,MEO,2.833727294499258,0.12968210420733417,1.2555802232844961,0.10771808358670595
2025-01-04 12:30:00,M04,MEO,5.040946040720361,0.25932972702325036,2.042381391670084,0.23707172398161402
2025-01-04 12:45:00,M04,MEO,7.563860706842123,0.43791414509389953,2.8797722535101795,0.31666187592848183
2025-01-04 13:00:00,M04,MEO,0.6740917700827256,0.039003326733259853,0.14644909189456737,0.035578272638076676
2025-01-04 13:15:00,M04,MEO,2.6712074104296404,0.13428744346499555,0.9047091757098139,0.14760907616960234
2025-01-04 13:30:00,M04,MEO,4.9580948461737515,0.3053138707025647,1.6612607023550239,0.23923801310118467
2025-01-04 13:45:00,M04,MEO,7.275400558330012,0.4582297649590892,2.4947587666724202,0.34600902579153375
2025-01-04 14:00:00,M04,MEO,0.6266915025094746,0.07239621535907638,-0.08964125898258195,0.05006876759513502
2025-01-04 14:15:00,M04,MEO,2.5153160595342388,0.16787860155341489,0.6195348227254039,0.15569962445385246
2025-01-04 14:30:00,M04,MEO,4.9763156624618725,0.3460207597680578,1.396595381110064,0.24113710166568988
2025-01-04 14:45:00,M04,MEO,7.11953250519131,0.48521077987575584,2.2182680690358634,0.3686315528162102
2025-01-04 15:00:00,M04,MEO,0.7448434989349553,0.01698038816308224,-0.40635355620826447,0.06938601526327573
2025-01-04 15:15:00,M04,MEO,2.2245395314142806,0.16978324443292758,0.45045398279409354,0.1314573353278909
2025-01-04 15:30:00,M04,MEO,4.099088165870175,0.33874928497200935,1.1459083437588053,0.27732057603887655
2025-01-04 15:45:00,M04,MEO,6.88451951303869,0.4634744848738403,2.13185214982983,0.3600781920321413
2025-01-04 16:00:00,M04,MEO,-0.8717397283296994,0.051031022775617135,-0.4086811035971132,0.06752171359233305
2025-01-04 16:15:00,M04,MEO,1.4094536647325395,0.16774206560961516,0.19758827938758167,0.16565410764163205
2025-01-04 16:30:00,M04,MEO,4.196471954388226,0.3097305915846671,1.0823255987982283,0.20363338911434237
2025-01-04 16:45:00,M04,MEO,6.16544646299879,0.4567369077635405,1.9264007425280143,0.3220239945919251
2025-01-04 17:00:00,M04,MEO,-0.5187961558572567,0.050687919123724196,-0.5632906477847165,0.016433872679416428
2025-01-04 17:15:00,M04,MEO,1.7103928989903918,0.1431906469750449,0.1662522963822816,0.10799573419423339
2025-01-04 17:30:00,M04,MEO,3.8755169814710184,0.2812891026507712,1.1676523426996406,0.1996670908800885
2025-01-04 17:45:00,M04,MEO,5.767183600733829,0.4131817629926621,2.1867607517497976,0.28420712138853466
2025-01-04 18:00:00,M04,MEO,-0.6399216895668789,-0.014298223909235998,-0.47555521928433053,-0.004277657619800896
2025-01-04 18:15:00,M04,MEO,1.476088866045585,0.10141022458716333,0.525568448353199,0.051009620374974404
2025-01-04 18:30:00,M04,MEO,3.515344921088825,0.2504372571577577,1.4140267731316412,0.16153026629551367
2025-01-04 18:45:00,M04,MEO,5.950255323237233,0.41400768762735174,2.3596884779873224,0.24934038546711695
2025-01-04 19:00:00,M04,MEO,-0.7111392558011157,-0.0225708658495083,-0.14871131492684467,-0.03821562815548918
2025-01-04 19:15:00,M04,MEO,1.6448385838645616,0.07996060871817479,0.6889466724000045,0.05849681276477744
2025-01-04 19:30:00,M04,MEO,3.61955491338285,0.23158477921741405,1.7039013913487517,0.14784389661727945
2025-01-04 19:45:00,M04,MEO,6.345640615229621,0.36458925788554486,2.6076618040638575,0.22431492877012232
2025-01-04 20:00:00,M04,MEO,-0.617589419273783,0.008943481465062722,0.11703670574929372,-0.04666330028623288
2025-01-04 20:15:00,M04,MEO,1.185931376349657,0.12622535216758138,1.016331293061712,0.008951007878102258
2025-01-04 20:30:00,M04,MEO,3.712539674728114,0.22505000734107744,2.011491212926086,0.10761556717881615
2025-01-04 20:45:00,M04,MEO,6.2524153739105115,0.36214539604710727,3.0122085685565705,0.21095640981233924
2025-01-04 21:00:00,M04,MEO,-0.24664272204373297,-0.06298210603015328,0.4894878647584432,-0.050728673125830744
2025-01-04 21:15:00,M04,MEO,2.0914086124164566,0.10709072887102859,1.349426495317181,-0.02410098540676271
2025-01-04 21:30:00,M04,MEO,4.383532538166739,0.22987602996484016,2.141916053874137,0.12029358288491361
2025-01-04 21:45:00,M04,MEO,6.462771543784351,0.36774886877892454,3.1232814839515313,0.20072926310938738
2025-01-04 22:00:00,M04,MEO,0.127411669904461,-0.05229688697343117,0.5291351185893352,-0.07304694529451526
2025-01-04 22:15:00,M04,MEO,2.174793984796975,0.09945879361209732,1.4239722819183724,0.03098605341647375
2025-01-04 22:30:00,M04,MEO,5.078008174301854,0.24490031572461046,2.264271676218881,0.143243559281781
2025-01-04 22:45:00,M04,MEO,7.337904983619254,0.3967147039403991,3.234905349744729,0.24174314573215247
2025-01-04 23:00:00,M04,MEO,0.5703656288074201,-0.015614747391838942,0.5348914176639716,-0.010146790166727895
2025-01-04 23:15:00,M04,MEO,2.9005558066860604,0.119263534122824,1.364019743528394,0.049056567591386845
2025-01-04 23:30:00,M04,MEO,4.933553005299203,0.25141519666294254,2.151458283158707,0.14479003534073057
2025-01-04 23:45:00,M04,MEO,7.446455629448953,0.3830313952697402,3.113999856170347,0.2703247911074733
2025-01-05 00:00:00,M04,MEO,0.7136132701614973,0.006439119660998367,0.48732411161339995,0.006644758510982791
2025-01-05 00:15:00,M04,MEO,3.318229611440187,0.15774761330001538,1.2748802002173791,0.08892926348488563
2025-01-05 00:30:00,M04,MEO,5.187370727162962,0.29032399244856244,1.9163147703452437,0.20020211450845327
2025-01-05 00:45:00,M04,MEO,7.72405719749042,0.4336336725980598,2.854121051499032,0.32704908128626026
2025-01-05 01:00:00,M04,MEO,0.4236288692650765,0.021710215158599593,0.21534113899412524,0.04327263369779365
2025-01-05 01:15:00,M04,MEO,2.971849903535459,0.1477729517928597,0.8956326357193845,0.14821043466506664
2025-01-05 01:30:00,M04,MEO,4.711057734453814,0.3254422194545625,1.7196550029631168,0.24241527375273228
2025-01-05 01:45:00,M04,MEO,7.47515748190219,0.41400457359467346,2.6333366285493547,0.3524014465482029
2025-01-05 02:00:00,M04,MEO,0.7079720927901733,0.014575479260158727,-0.07550403351675239,0.057730610082685055
2025-01-05 02:15:00,M04,MEO,2.2394019315027576,0.1514008743049052,0.7485851351960094,0.16934365098959703
2025-01-05 02:30:00,M04,MEO,4.549311857139961,0.3141006255111161,1.381849354004712,0.25428802213827484
2025-01-05 02:45:00,M04,MEO,6.925399531709844,0.45200911404049793,2.252781815174024,0.3554866578351235
2025-01-05 03:00:00,M04,MEO,0.04570222676422621,0.05296466038649299,-0.40658737123837907,0.07880031351171005
2025-01-05 03:15:00,M04,MEO,1.693391494317956,0.18414501358668742,0.320808522117978,0.1750378000183509
2025-01-05 03:30:00,M04,MEO,4.67742157798316,0.3072652903055987,1.1340726405740664,0.2570499136953007
2025-01-05 03:45:00,M04,MEO,6.6402640443670125,0.4923982232845023,2.0075135167871685,0.3448454395391074
2025-01-05 04:00:00,M04,MEO,-0.15189455730358126,0.026288923832096224,-0.6013102142537534,0.04527242866214855
2025-01-05 04:15:00,M04,MEO,1.6528609445763478,0.19067752443130492,0.23660367241004365,0.14208860331405326
2025-01-05 04:30:00,M04,MEO,3.9258155405120068,0.2828472343456776,1.105809279562955,0.21991263163218852
2025-01-05 04:45:00,M04,MEO,6.3543820590725995,0.42986859050131715,1.9880526165939247,0.33889823150892645
2025-01-05 05:00:00,M04,MEO,-0.734936794120175,0.04575637131756717,-0.523447421127736,0.029844048798921295
2025-01-05 05:15:00,M04,MEO,1.5893906837301577,0.15551713784005627,0.22923625956248314,0.10113363054299172
2025-01-05 05:30:00,M04,MEO,3.8152233329318825,0.2913321887941868,1.143522203901901,0.22719769156595626
2025-01-05 05:45:00,M04,MEO,6.0319418556160675,0.4231959083399254,2.1837803024525053,0.2898563688805027
2025-01-05 06:00:00,M04,MEO,-1.0707466522789866,-0.020864850182965074,-0.4629113508762065,-0.02147626359201301
2025-01-05 06:15:00,M04,MEO,1.5002820414338063,0.1197452568006751,0.40028521663764033,0.08050147902789878
2025-01-05 06:30:00,M04,MEO,3.4640701506590053,0.2872421380823391,1.4327454936547384,0.15223763026209694
2025-01-05 06:45:00,M04,MEO,6.246820001786937,0.41190961863984515,2.2917382189679505,0.24558200181128484
2025-01-05 07:00:00,M04,MEO,-1.1695173787662982,-0.03787924365438754,-0.20865729687608914,-0.027846862469938023
2025-01-05 07:15:00,M04,MEO,1.2053024412803242,0.1279903871419157,0.691931030642569,0.040981360961962456
2025-01-05 07:30:00,M04,MEO,3.7853198442949414,0.2061781295421094,1.6354844620104236,0.14175646326308305
2025-01-05 07:45:00,M04,MEO,6.075481212180859,0.37476419882984463,2.73150114229333,0.22686267530518134
2025-01-05 08:00:00,M04,MEO,-0.5277607879121015,-0.02459223861758795,0.13233616231544498,-0.08623879763916274
2025-01-05 08:15:00,M04,MEO,1.586679627124531,0.09806461540354389,1.0087526246697722,0.0377557314710648
2025-01-05 08:30:00,M04,MEO,4.143246817568383,0.194378378150427,1.99347055739457,0.1418479949374917
2025-01-05 08:45:00,M04,MEO,6.753020728787957,0.368038729343121,2.962992158567051,0.18304929915925236
2025-01-05 09:00:00,M04,MEO,-0.2490385280714508,-0.08761388365181523,0.41614350175634857,-0.07937025125551257
2025-01-05 09:15:00,M04,MEO,2.151596069852517,0.0545490215108256,1.2319366865089618,-0.002409144937245964
2025-01-05 09:30:00,M04,MEO,4.308979571023494,0.23287535981138516,2.097716033325594,0.10096732456971877
2025-01-05 09:45:00,M04,MEO,7.355181372161271,0.36254578395550163,3.142426760598831,0.20244149162181882
2025-01-05 10:00:00,M04,MEO,0.341496251832513,-0.04278458050037787,0.6296931164146403,-0.04357692494461164
2025-01-05 10:15:00,M04,MEO,2.441688312354271,0.09221127875397167,1.2620815429831578,0.024829138265179636
2025-01-05 10:30:00,M04,MEO,5.313995764010333,0.22802993281128642,2.222497933569576,0.14444520627056068
2025-01-05 10:45:00,M04,MEO,7.232140682686013,0.3974718441240236,3.2155564238047085,0.24844072113135354
2025-01-05 11:00:00,M04,MEO,0.5603842782877939,-0.02593763962231431,0.6191119915528843,-0.02076001956198592
2025-01-05 11:15:00,M04,MEO,2.584468323166103,0.12103599119701382,1.445047769426399,0.052968218310490575
2025-01-05 11:30:00,M04,MEO,4.622868106185739,0.2505398700175582,2.208116116561869,0.1599083863612317
2025-01-05 11:45:00,M04,MEO,7.6214440222474,0.41212295073368843,3.1347784385642106,0.2894290202698789
2025-01-05 12:00:00,M04,MEO,0.666791767944552,-0.0016717296145047848,0.4391417868051691,-0.003075122882122915
2025-01-05 12:15:00,M04,MEO,2.891839496183368,0.14463098905873034,1.2239040345044552,0.09282888051600115
2025-01-05 12:30:00,M04,MEO,5.043891344493141,0.29283874945992927,1.9860971698310792,0.19698657304423275
2025-01-05 12:45:00,M04,MEO,7.660879782768725,0.42262203842984647,2.8794176818652404,0.3073587849189281
2025-01-05 13:00:00,M04,MEO,0.5951445308997002,0.018023475697935026,0.095466685781766,0.037743163659300215
2025-01-05 13:15:00,M04,MEO,2.768044708690493,0.1392961072224164,0.8493765125186922,0.1487409586864804
2025-01-05 13:30:00,M04,MEO,4.879708291135324,0.27181306146259654,1.6896222880223182,0.23069249877409398
2025-01-05 13:45:00,M04,MEO,7.311369531418681,0.44924104622704336,2.6681022749597654,0.33413125698640916
2025-01-05 14:00:00,M04,MEO,1.0235798341104478,0.0789305650904923,-0.11821442099988558,0.04296092497679552
2025-01-05 14:15:00,M04,MEO,2.267383689405669,0.18240199992954412,0.5521267286975019,0.14777199644188696
2025-01-05 14:30:00,M04,MEO,4.812031554162248,0.33305185790273695,1.466120518859288,0.25084518198139777
2025-01-05 14:45:00,M04,MEO,7.169104351571526,0.4374107172365329,2.342325694200266,0.336464040660574
2025-01-05 15:00:00,M04,MEO,0.6090412659783331,0.03535254977430115,-0.4376423957254774,0.08787393645350877
2025-01-05 15:15:00,M04,MEO,1.9874627348799725,0.1670136695036457,0.34725501820158766,0.15828355087010545
2025-01-05 15:30:00,M04,MEO,4.212050743324438,0.2925374710715582,1.1465887551162008,0.27063276568208516
2025-01-05 15:45:00,M04,MEO,6.967163271782696,0.4906640858988818,2.093112091784681,0.35362067931540425
2025-01-05 16:00:00,M04,MEO,0.11410714357479297,0.05128448256187146,-0.4637019712146966,0.05689868723915334
2025-01-05 16:15:00,M04,MEO,1.7734207194732476,0.13084207645946208,0.13218785755558923,0.14636420727425545
2025-01-05 16:30:00,M04,MEO,3.751291735971907,0.31012682263249014,1.038571681992816,0.21706069851233992
2025-01-05 16:45:00,M04,MEO,6.150715317155989,0.45341423483513416,1.9654394709130811,0.33368671377419157
2025-01-05 17:00:00,M04,MEO,-0.7985737582466896,0.02018183765224888,-0.5423458064757241,0.02209345333231595
2025-01-05 17:15:00,M04,MEO,1.6205781463486841,0.14364334245432508,0.18626754625972985,0.10546389061110349
2025-01-05 17:30:00,M04,MEO,3.957412689240629,0.30451512729452546,1.1400989561576376,0.21008303283199964
2025-01-05 17:45:00,M04,MEO,5.832476166162463,0.41020865343229745,2.043019995177265,0.26552083030752915
2025-01-05 18:00:00,M04,MEO,-1.077215460135301,0.02434069833122778,-0.4740760165336703,-0.01845339353047226
2025-01-05 18:15:00,M04,MEO,1.193460820251749,0.10398916881182314,0.35019584491467115,0.07385032210487488
2025-01-05 18:30:00,M04,MEO,3.682956523340195,0.25448689027315974,1.5133904150628383,0.1364822002882484
2025-01-05 18:45:00,M04,MEO,5.762651858754524,0.3888557213732848,2.4662965091882474,0.23406283721836846
2025-01-05 19:00:00,M04,MEO,-0.5705534502097573,-0.05918342232071378,-0.11382314412642233,-0.04956066285977658
2025-01-05 19:15:00,M04,MEO,1.4712079481416935,0.09540173120216783,0.7052751315622245,0.056648586181307185
2025-01-05 19:30:00,M04,MEO,3.5019420127055985,0.2608391809329648,1.5713377718674462,0.1423076646643643
2025-01-05 19:45:00,M04,MEO,6.246845911747316,0.3994132169938622,2.705776332877897,0.24273409435245868
2025-01-05 20:00:00,M04,MEO,-0.3231694914725986,-0.06317653024085146,0.14911898970563028,-0.07430490150006978
2025-01-05 20:15:00,M04,MEO,1.64364914932125,0.08858598950441796,0.9059877165182146,0.0071211308259673325
2025-01-05 20:30:00,M04,MEO,3.8470065048703885,0.21733005977724276,1.971702237988212,0.09260252847649665
2025-01-05 20:45:00,M04,MEO,6.749447203415516,0.36906681547246384,2.9574431422689154,0.20872470708141652
2025-01-05 21:00:00,M04,MEO,-0.637889462386521,-0.05517942580668947,0.3606545869121441,-0.07463664539128427
2025-01-05 21:15:00,M04,MEO,2.428915647461811,0.07192882839546785,1.2710629141280583,0.022046793512643215
2025-01-05 21:30:00,M04,MEO,4.740311929138455,0.22592694326159274,2.2248266544309945,0.08922419629547444
2025-01-05 21:45:00,M04,MEO,7.047060147040409,0.37577747548471685,3.0355035528675085,0.1969886382649426
2025-01-05 22:00:00,M04,MEO,0.1553353272800809,-0.0521265449795366,0.519883828756292,-0.07409463939751995
2025-01-05 22:15:00,M04,MEO,2.951544904222921,0.09063848854417626,1.3747391329773988,0.04488541996990727
2025-01-05 22:30:00,M04,MEO,4.512361217111583,0.24493180261510597,2.326936381996082,0.12005780074944561
2025-01-05 22:45:00,M04,MEO,7.428518663892422,0.3656683794662945,3.170418799583146,0.25098768985670444
2025-01-05 23:00:00,M04,MEO,0.2853872519306313,-0.015987886590773114,0.5818314102797051,-0.02796763334007043
2025-01-05 23:15:00,M04,MEO,2.709666533900844,0.11122086778045608,1.271571329494449,0.07075647360205951
2025-01-05 23:30:00,M04,MEO,4.862983390262408,0.2741709638086468,2.217565422910236,0.14673782813716268
2025-01-05 23:45:00,M04,MEO,7.073606809815064,0.40701147869150645,3.0615518882086703,0.2772839911232176
2025-01-06 00:00:00,M04,MEO,1.021523185058654,-0.0017606628268271455,0.4800381837680556,0.020098022372805287
2025-01-06 00:15:00,M04,MEO,2.796528204993905,0.1194461764011218,1.1849380913759089,0.10439917245997911
2025-01-06 00:30:00,M04,MEO,5.107896936714889,0.27290147202600634,1.943586626112127,0.2249535756750412
2025-01-06 00:45:00,M04,MEO,7.052041759440874,0.415745320384519,2.830111837105833,0.28963524148912434
2025-01-06 01:00:00,M04,MEO,0.6937888634219782,0.049154550778554476,0.10831343663440167,0.06738718543275961
2025-01-06 01:15:00,M04,MEO,3.1647310641656192,0.14950971953771652,0.8541412687762147,0.11768124958957205
2025-01-06 01:30:00,M04,MEO,5.1947014566779215,0.3054193520559616,1.636022925405282,0.24590218047591164
2025-01-06 01:45:00,M04,MEO,7.365921428711574,0.4559283548183457,2.55672524885733,0.3472868472946919
2025-01-06 02:00:00,M04,MEO,0.1390175252887176,0.03117993823459326,-0.04155311204122223,0.0830816676800733
2025-01-06 02:15:00,M04,MEO,2.6511074618088575,0.16952608714403936,0.5287586002855086,0.1627564885305129
2025-01-06 02:30:00,M04,MEO,4.717861619766643,0.31699181958620637,1.4295760313149353,0.2372434012642715
2025-01-06 02:45:00,M04,MEO,6.845396689905769,0.46600679799771394,2.266213423924553,0.3746460476582395
2025-01-06 03:00:00,M04,MEO,-0.1518657222124601,0.02332259394485795,-0.48257006313516554,0.07505076945874216
2025-01-06 03:15:00,M04,MEO,1.8897709309289537,0.16170135008318728,0.2706062512852103,0.18189883288816444
2025-01-06 03:30:00,M04,MEO,4.6552264550229285,0.31868162588708715,1.191632924556109,0.23737556944663357
2025-01-06 03:45:00,M04,MEO,6.066433780164734,0.4810609029457041,1.9670301436505468,0.3485359064807032
2025-01-06 04:00:00,M04,MEO,-0.6157832011933092,0.03035298482682353,-0.547209367359554,0.05638368631131484
2025-01-06 04:15:00,M04,MEO,1.7545313686876844,0.1620104958780211,0.32713943960472835,0.155196504639668
2025-01-06 04:30:00,M04,MEO,3.8867240375335443,0.3344944010357519,0.9562771259692467,0.2161294862956041
2025-01-06 04:45:00,M04,MEO,6.21904493025631,0.46550027116788484,1.9780726825515054,0.316448683652831
2025-01-06 05:00:00,M04,MEO,-0.6618452790230032,0.010437282531195507,-0.6675631906141607,0.021742962120482597
2025-01-06 05:15:00,M04,MEO,1.4444098431515773,0.12926540433094566,0.3206251754870364,0.09782561575525814
2025-01-06 05:30:00,M04,MEO,3.4257716563287426,0.2728592026760958,1.183905336687801,0.18909732604226182
2025-01-06 05:45:00,M04,MEO,6.120097226421148,0.41649671030874946,2.1363859001955534,0.2881932816654708
2025-01-06 06:00:00,M04,MEO,-0.6626048778648771,-0.015286234538884075,-0.38559289221320087,0.01743373157855853
2025-01-06 06:15:00,M04,MEO,1.0579967423345273,0.1450970730411266,0.4259708934735946,0.07445936615126332
2025-01-06 06:30:00,M04,MEO,3.4733459185280693,0.23518562397179257,1.343613982762377,0.14743122193054908
2025-01-06 06:45:00,M04,MEO,5.796941146591266,0.412783281504334,2.4232081705699473,0.2464158738732019
2025-01-06 07:00:00,M04,MEO,-0.7038618091610971,-0.030670989162681593,-0.07157989810110829,-0.04920774447022568
2025-01-06 07:15:00,M04,MEO,1.4525935530277914,0.1021335281450117,0.6487132798688275,0.017533684829729574
2025-01-06 07:30:00,M04,MEO,3.7235080351077143,0.25187434911577083,1.6112633173191295,0.1191314395119781
2025-01-06 07:45:00,M04,MEO,6.04251673450176,0.3568618295176558,2.682929115957845,0.23075236621490938
2025-01-06 08:00:00,M04,MEO,-0.4424904689589877,-0.028204974881380573,0.21001354804491976,-0.06566134771201855
2025-01-06 08:15:00,M04,MEO,1.613204350603107,0.08322081266085739,1.0314040998120357,0.028005935541057958
2025-01-06 08:30:00,M04,MEO,4.167950258578444,0.20506464381433948,1.9617386167049151,0.11102718949131168
2025-01-06 08:45:00,M04,MEO,6.701688898985809,0.3877538461427568,2.915032277907243,0.1949277485420043
2025-01-06 09:00:00,M04,MEO,-0.4008506408850992,-0.0452360295062116,0.4705636841518654,-0.06479822113551645
2025-01-06 09:15:00,M04,MEO,1.8798681886675466,0.06541124712889206,1.3390281451830244,0.015069585978879741
2025-01-06 09:30:00,M04,MEO,4.473047644797605,0.22224858050608973,2.157866276003916,0.1217963507214694
2025-01-06 09:45:00,M04,MEO,6.791132977071825,0.37257292606276504,3.099445152514383,0.2069984365171076
2025-01-06 10:00:00,M04,MEO,0.6274690896790144,-0.048259757410255386,0.5922143971891419,-0.07582990998028485
2025-01-06 10:15:00,M04,MEO,2.5241514783735504,0.07728389672066356,1.3385078519236664,0.04216414845967544
2025-01-06 10:30:00,M04,MEO,4.761891342695008,0.24541474217126297,2.167820410982751,0.15349248579386507
2025-01-06 10:45:00,M04,MEO,7.047314664944905,0.39870890553143795,3.1793765035706514,0.2677681197443062
2025-01-06 11:00:00,M04,MEO,0.3779158310673039,-0.0024834725469418998,0.5628649714015633,-0.05413650834909316
2025-01-06 11:15:00,M04,MEO,2.706481362518619,0.11566014992907296,1.4574659414643285,0.054340777410248876
2025-01-06 11:30:00,M04,MEO,4.911215713699894,0.2188374240717803,2.1770015074099205,0.17865415736442936
2025-01-06 11:45:00,M04,MEO,7.452434964633209,0.41481460454974095,3.0746628105700577,0.3086289223604237
2025-01-06 12:00:00,M04,MEO,1.2022642520585467,0.021086659336293435,0.3981354825984447,0.0008576281772665045
2025-01-06 12:15:00,M04,MEO,2.7636824473696677,0.13088194679334483,1.1094943105893418,0.11320474494529119
2025-01-06 12:30:00,M04,MEO,4.845058463098731,0.2545119072242215,1.9143514319893045,0.2057306428677217
2025-01-06 12:45:00,M04,MEO,7.1582528389686395,0.4225803168998015,2.74114970794149,0.3202484844822315
2025-01-06 13:00:00,M04,MEO,1.091549944225494,0.03419707947995929,0.08161960987817872,0.05459760207670154
2025-01-06 13:15:00,M04,MEO,2.504272781471885,0.1774886654409368,0.8375135718011829,0.14362619628089987
2025-01-06 13:30:00,M04,MEO,4.894377701998284,0.3365226315702067,1.703402193865347,0.2586161988229879
2025-01-06 13:45:00,M04,MEO,7.560387205048636,0.4767957357886895,2.552372454763882,0.37407438710015434
2025-01-06 14:00:00,M04,MEO,0.5665881007991314,0.009446285374238158,-0.11071911522758088,0.08277643302938024
2025-01-06 14:15:00,M04,MEO,2.474544261943432,0.17317141050154852,0.5320729827815803,0.17565394209970606
2025-01-06 14:30:00,M04,MEO,4.718850983832622,0.3541856115505476,1.3260388879438567,0.2627691778322815
2025-01-06 14:45:00,M04,MEO,6.841880732981006,0.4602951691364702,2.177462521781427,0.3776201868745653
2025-01-06 15:00:00,M04,MEO,-0.1666822051463373,0.003124281706549009,-0.4453082433761786,0.07532856284777775
2025-01-06 15:15:00,M04,MEO,1.8632867466049108,0.20339434510615859,0.2709976343932976,0.17425443303375426
2025-01-06 15:30:00,M04,MEO,4.221973446611012,0.31461884539427276,1.1072959931884079,0.2387150337151941
2025-01-06 15:45:00,M04,MEO,6.579926829929136,0.4613860208109599,2.1286608368873674,0.3318027937256457
2025-01-06 16:00:00,M04,MEO,-0.35725561323985866,0.04144444877151973,-0.6024649750306703,0.06510240412596538
2025-01-06 16:15:00,M04,MEO,1.73457152909463,0.17225759791763418,0.13843893620431658,0.13594022020672789
2025-01-06 16:30:00,M04,MEO,3.933322300462298,0.2960783322459908,1.099320332140198,0.21309350406361283
2025-01-06 16:45:00,M04,MEO,6.2442607039386635,0.4982445695960311,2.0424689500746487,0.3037977640606075
2025-01-06 17:00:00,M04,MEO,-0.7262680778514493,0.02234687235687726,-0.6050055945121224,0.05223229381365694
2025-01-06 17:15:00,M04,MEO,1.3655493538516097,0.1363307736879835,0.32748544338808555,0.11618032639802489
2025-01-06 17:30:00,M04,MEO,3.5081374293300227,0.2961412937150368,1.1462854635436786,0.2064941864643806
2025-01-06 17:45:00,M04,MEO,5.7244260641211575,0.4304101891064443,2.0546536894115666,0.2837698110679353
2025-01-06 18:00:00,M04,MEO,-0.6013833904234163,0.011319657074452243,-0.38504893540752533,-0.043965686009530734
2025-01-06 18:15:00,M04,MEO,1.3416996258899732,0.11496688607354404,0.4950642871620209,0.05059153702428709
2025-01-06 18:30:00,M04,MEO,3.312983914638947,0.24437818860971083,1.3206559899917347,0.1573900970233777
2025-01-06 18:45:00,M04,MEO,5.95811489057411,0.40051102150491324,2.444188782181811,0.24689181418764305
2025-01-06 19:00:00,M04,MEO,-0.31800792576446907,-0.033067758414565794,-0.051183325258760556,-0.057623303422866534
2025-01-06 19:15:00,M04,MEO,1.3365592523156626,0.08298153167384702,0.7078918490652767,0.05629703223594026
2025-01-06 19:30:00,M04,MEO,3.367452266513874,0.25285509066837986,1.6157847185350738,0.12810976206083216
2025-01-06 19:45:00,M04,MEO,5.895253058774745,0.40291648255288603,2.6510982275594817,0.19929789251944252
2025-01-06 20:00:00,M04,MEO,-0.9612722944880477,-0.06403089971566611,0.21396860186348732,-0.05752532259966871
2025-01-06 20:15:00,M04,MEO,1.9375116321032475,0.04292457855014585,1.0787622920335986,0.006443192258040346
2025-01-06 20:30:00,M04,MEO,3.910604371210229,0.2251338757754051,1.9285108431772464,0.09616089958873665
2025-01-06 20:45:00,M04,MEO,6.540405933523003,0.339121070628992,2.9510351344380497,0.2090762838673053
2025-01-06 21:00:00,M04,MEO,-0.18555418521815664,-0.057737422004853274,0.3560179660482532,-0.0952301092228096
2025-01-06 21:15:00,M04,MEO,1.955587160701106,0.0639379296416797,1.1659658036213105,0.014498001379254798
2025-01-06 21:30:00,M04,MEO,4.205113406152088,0.22794413179859366,2.092339971293177,0.10242434329988084
2025-01-06 21:45:00,M04,MEO,7.124129198958558,0.39062875667390545,3.179624892311084,0.23454015512705606
2025-01-06 22:00:00,M04,MEO,0.3863835798002299,-0.059092581988125906,0.6269709717912866,-0.04929489931284512
2025-01-06 22:15:00,M04,MEO,2.66600663876342,0.09037633496354425,1.2879169304656553,0.051170268816875385
2025-01-06 22:30:00,M04,MEO,4.220374476566126,0.23719180493826728,2.1402114711714937,0.1379727674897264
2025-01-06 22:45:00,M04,MEO,7.493995667282228,0.4145140897086196,3.1724163860450343,0.252112249400182
2025-01-06 23:00:00,M04,MEO,0.8668696421433225,-0.03046212359161289,0.7199047047361898,-0.014487649325809015
2025-01-06 23:15:00,M04,MEO,2.92186654355371,0.08341831427359898,1.3230656967617966,0.073697825427468
2025-01-06 23:30:00,M04,MEO,5.20038026827836,0.25870259064156903,2.177180357152436,0.18899975002439187
2025-01-06 23:45:00,M04,MEO,8.263547267334308,0.3641282554918485,3.094565140405978,0.23646495489014366
2025-01-07 00:00:00,M04,MEO,0.4907109117905425,0.021831828318977776,0.3677812517360785,0.0020917482422276477
2025-01-07 00:15:00,M04,MEO,2.828903749507952,0.1480706876935715,1.1868785722620747,0.09406420018626344
2025-01-07 00:30:00,M04,MEO,4.7439590722051905,0.3105903168026613,1.8951598076593985,0.20182428422554022
2025-01-07 00:45:00,M04,MEO,7.504724747782177,0.4269617739548083,2.830439728396811,0.3389965108205719
2025-01-07 01:00:00,M04,MEO,0.637467493375468,0.024134052866688425,0.20836496189980205,0.05490510270925887
2025-01-07 01:15:00,M04,MEO,2.907960214879761,0.15232322485614133,0.8247419966580802,0.1476365801487228
2025-01-07 01:30:00,M04,MEO,4.691258238220636,0.3252567625488146,1.6790352926845673,0.24015237542099574
2025-01-07 01:45:00,M04,MEO,7.252856669611378,0.47694651487018513,2.6423087471397197,0.3660075592846844
2025-01-07 02:00:00,M04,MEO,0.6227946411260802,0.020260243513173914,-0.1584081730142106,0.0578578316487562
2025-01-07 02:15:00,M04,MEO,2.1014423158181397,0.17087540215952776,0.6081789149210518,0.1504796202628349
2025-01-07 02:30:00,M04,MEO,4.76826927114041,0.32205742880124955,1.4310913415658195,0.2677837233030475
2025-01-07 02:45:00,M04,MEO,6.664494171110693,0.4468289366693359,2.244563421169707,0.34777018605956034
2025-01-07 03:00:00,M04,MEO,0.27638486771300524,0.03109553391622738,-0.44527829884066006,0.07664490862983585
2025-01-07 03:15:00,M04,MEO,1.9489617215680455,0.1659854630946565,0.31393386557525527,0.17899137024635017
2025-01-07 03:30:00,M04,MEO,4.187012895740155,0.3265202526189057,1.164731847801083,0.22970393974182132
2025-01-07 03:45:00,M04,MEO,6.494562562294033,0.4700248118150899,2.1834551142020575,0.3567180629783867
2025-01-07 04:00:00,M04,MEO,-0.36727740415874655,0.029031741239998323,-0.6463759497846396,0.03526135964455003
2025-01-07 04:15:00,M04,MEO,1.987329411048097,0.1708996205576478,0.2245744358181364,0.13837184088342774
2025-01-07 04:30:00,M04,MEO,3.75954743812755,0.3112514865399745,1.1314132937780732,0.22625736778808675
2025-01-07 04:45:00,M04,MEO,6.0479609636921765,0.44815611589840315,2.041727560074413,0.3230028623171679
2025-01-07 05:00:00,M04,MEO,-0.6584129718203644,0.021447573950815542,-0.6710693692681045,0.006931870831388937
2025-01-07 05:15:00,M04,MEO,1.3680932269322816,0.13345606585672717,0.2545649867360322,0.11607134702976886
2025-01-07 05:30:00,M04,MEO,3.7432682786029985,0.29654328791220586,1.1296352516863872,0.19377159756250675
2025-01-07 05:45:00,M04,MEO,5.795173486757003,0.40593311164733403,2.098252919852121,0.2682803117091534
2025-01-07 06:00:00,M04,MEO,-0.4954585774742415,-0.0023474620053590516,-0.3860104531037915,-0.004903713444087654
2025-01-07 06:15:00,M04,MEO,1.29197837802679,0.12397501537736273,0.46980682600091717,0.08002240808838691
2025-01-07 06:30:00,M04,MEO,3.537516721738946,0.25682784685227333,1.3589855830357338,0.16741253602793454
2025-01-07 06:45:00,M04,MEO,5.880189894546155,0.36731887479500697,2.3911132394942087,0.2419223138076258
2025-01-07 07:00:00,M04,MEO,-0.16334994476279702,-0.01490898017349716,-0.07909693402410922,-0.03699081307480054
2025-01-07 07:15:00,M04,MEO,1.117250779441144,0.12448775205999073,0.7910609477687436,0.02375775874312354
2025-01-07 07:30:00,M04,MEO,3.9952019998988435,0.2589614472627095,1.7313732240289685,0.11528195171838003
2025-01-07 07:45:00,M04,MEO,6.3899470375455225,0.36623595920401436,2.6925817267773002,0.21432152666981755
2025-01-07 08:00:00,M04,MEO,-0.44222451923975903,-0.05239001569295074,0.19902515648457436,-0.08063676658225669
2025-01-07 08:15:00,M04,MEO,1.7919504758543292,0.10568613887786431,1.1176160353518063,0.02314071922846275
2025-01-07 08:30:00,M04,MEO,3.8654230113874557,0.22255497526395993,1.9422766476342226,0.0991691657022486
2025-01-07 08:45:00,M04,MEO,6.30118513839338,0.35918510144940163,3.0865385023381045,0.20886690389519327
2025-01-07 09:00:00,M04,MEO,-0.03975891969648844,-0.05988434322524532,0.42333596417068325,-0.05107486454587431
2025-01-07 09:15:00,M04,MEO,2.5577018334360417,0.08638550349379806,1.3113717700664738,0.02806152299633068
2025-01-07 09:30:00,M04,MEO,4.392995397715139,0.24058057267883756,2.2080612741591596,0.12690800514495434
2025-01-07 09:45:00,M04,MEO,6.901853767791661,0.3690141126995373,3.168251563932101,0.20322157448900435
2025-01-07 10:00:00,M04,MEO,0.46694513570858903,-0.04078113998462634,0.6467297604377351,-0.05605364573362053
2025-01-07 10:15:00,M04,MEO,2.55510629526463,0.03765682301275773,1.3238213301786157,0.04312474346274462
2025-01-07 10:30:00,M04,MEO,5.197090352923885,0.22539985464485796,2.2332760856614517,0.13991659840969806
2025-01-07 10:45:00,M04,MEO,7.165981157059961,0.38374889318543515,3.2783667349112866,0.2545240824763825
2025-01-07 11:00:00,M04,MEO,0.41351610682475964,-0.02796184333728132,0.6395982752388572,-0.0010387640009572043
2025-01-07 11:15:00,M04,MEO,2.2602084805080445,0.08830496633653105,1.334898526741317,0.06582667021821265
2025-01-07 11:30:00,M04,MEO,4.717311357369969,0.2502020068790107,2.195097245033792,0.18925496051024007
2025-01-07 11:45:00,M04,MEO,7.591828456162455,0.3887419561048922,3.014154233001886,0.2578719656750562
2025-01-07 12:00:00,M04,MEO,0.5787929085399455,-0.001916526444789418,0.46881963247228137,0.031059011510608345
2025-01-07 12:15:00,M04,MEO,3.340230846956593,0.13977823143704182,1.178651888158664,0.10858860170417274
2025-01-07 12:30:00,M04,MEO,5.268825502466761,0.2758629206070662,1.8695919673608095,0.2326506764428696
2025-01-07 12:45:00,M04,MEO,6.9668841761472455,0.43321086495123007,2.76203851687858,0.3314823873895029
2025-01-07 13:00:00,M04,MEO,0.8898069736396719,0.00442950294749405,0.09455592734272672,0.019691830242604135
2025-01-07 13:15:00,M04,MEO,2.6976251134911857,0.17068277646182226,0.9879664153395666,0.1425770912409024
2025-01-07 13:30:00,M04,MEO,5.237755663894949,0.31867931520890885,1.6002111177598595,0.2566619116721725
2025-01-07 13:45:00,M04,MEO,7.327192154425741,0.4640750876389074,2.432937615441696,0.34698946036291994
2025-01-07 14:00:00,M04,MEO,0.9636275165247883,0.016430020408364006,-0.12902474205272724,0.062066927645931136
2025-01-07 14:15:00,M04,MEO,2.1191950020277726,0.16422212174301992,0.6036991266995277,0.15261384494058228
2025-01-07 14:30:00,M04,MEO,4.925858037658243,0.3314332281093671,1.359392049171899,0.2580202893479558
2025-01-07 14:45:00,M04,MEO,6.273470245746305,0.4632944611165579,2.266466331969546,0.36154062258120157
2025-01-07 15:00:00,M04,MEO,-0.09528425962263365,0.06768053885513511,-0.5388433763310738,0.0866045802711961
2025-01-07 15:15:00,M04,MEO,1.8912727148825919,0.19816882472413155,0.41034069849644605,0.1571760173744692
2025-01-07 15:30:00,M04,MEO,4.060651085116605,0.326087922234906,1.1278874566572088,0.25505552744776383
2025-01-07 15:45:00,M04,MEO,6.373139242682761,0.47018559362156664,2.0792525205036547,0.34460890348678075
2025-01-07 16:00:00,M04,MEO,-0.13572220412139535,0.04533819238660135,-0.5661699809605734,0.05176969528842621
2025-01-07 16:15:00,M04,MEO,1.2201936629256598,0.1604189990370475,0.22194788645199018,0.12815235806823239
2025-01-07 16:30:00,M04,MEO,3.5094822571915985,0.28096008276582374,1.1266017705690854,0.2314416989724187
2025-01-07 16:45:00,M04,MEO,6.190981870069979,0.48858292949957627,1.9955706813230545,0.3244348917900004
2025-01-07 17:00:00,M04,MEO,-0.5522896576034217,-0.008130018262616638,-0.49091332727672155,0.01155175465342542
2025-01-07 17:15:00,M04,MEO,1.4125203981800265,0.16033244595613222,0.3215990405277993,0.10234545675316911
2025-01-07 17:30:00,M04,MEO,3.413863985919317,0.302492619243754,1.1856706056937927,0.1577794903879602
2025-01-07 17:45:00,M04,MEO,5.883625984696818,0.4146826722320931,2.072062908417149,0.26404408831593756
2025-01-07 18:00:00,M04,MEO,-0.7694937418038914,-0.015215150635088857,-0.47145219627746004,0.005675187146265819
2025-01-07 18:15:00,M04,MEO,1.1535844030176143,0.07137180503578437,0.48301151162635764,0.07265421103798662
2025-01-07 18:30:00,M04,MEO,3.911139161179742,0.2273817826033365,1.3102859505362128,0.17165209114872484
2025-01-07 18:45:00,M04,MEO,6.013567025894279,0.3986181685650613,2.33431551354167,0.2434827278425178
2025-01-07 19:00:00,M04,MEO,-1.0686751764012534,-0.032976421636844076,-0.13488169955170826,-0.059274115178614944
2025-01-07 19:15:00,M04,MEO,1.2133775837496807,0.08474078387506757,0.7915396387359186,0.014815905268384772
2025-01-07 19:30:00,M04,MEO,4.261189031239608,0.22666408214702852,1.727104916373815,0.109887034799792
2025-01-07 19:45:00,M04,MEO,6.253370895011289,0.3809641785855269,2.7486698447967175,0.21973931092100696
2025-01-07 20:00:00,M04,MEO,-0.47048134011255094,-0.028480203760220923,0.23636249977808038,-0.058573336978093714
2025-01-07 20:15:00,M04,MEO,1.5793663557568665,0.09379891616650197,1.029086987706433,0.0004155604133904596
2025-01-07 20:30:00,M04,MEO,4.296874086485856,0.20486282137623268,2.022228497041548,0.09369581169246957
2025-01-07 20:45:00,M04,MEO,6.118081318763885,0.38566823233683417,2.9382183643317847,0.20050814028053965
2025-01-07 21:00:00,M04,MEO,-0.0238717581836536,-0.06561926902143221,0.5235731144233406,-0.04997196491965998
2025-01-07 21:15:00,M04,MEO,2.3897891875720148,0.07810763948517253,1.307105215017543,0.008131412327989028
2025-01-07 21:30:00,M04,MEO,4.3154919807085905,0.23627444917048937,2.241970931314591,0.1016011509222025
2025-01-07 21:45:00,M04,MEO,6.939988949846269,0.3679693574884095,3.2047669113663324,0.22094840231259166
2025-01-07 22:00:00,M04,MEO,0.3500443686834165,-0.05282980932485279,0.6430501231668773,-0.062242594608649754
2025-01-07 22:15:00,M04,MEO,2.5559929239847743,0.061140600213283235,1.3990125734441925,0.009305142229021866
2025-01-07 22:30:00,M04,MEO,4.801769524764651,0.22405169961702226,2.1510247208376483,0.13173123893614969
2025-01-07 22:45:00,M04,MEO,7.2043657431646535,0.36827718737610093,3.2082396849191235,0.21718471746234447
2025-01-07 23:00:00,M04,MEO,0.9168819116581164,0.002816032038633792,0.5972590419084319,-0.043143306839467314
2025-01-07 23:15:00,M04,MEO,3.3088552864571974,0.13513343502693023,1.4223659435063776,0.09133372930014243
2025-01-07 23:30:00,M04,MEO,5.395614365492294,0.257894233313832,2.0189004413306084,0.16819878420193554
2025-01-07 23:45:00,M04,MEO,7.297467912629753,0.38131662802774774,3.0828411232957986,0.3011951467087158
2025-01-08 00:00:00,M04,MEO,0.9800883221083818,-0.010765373583552609,0.45073537519553375,0.009693900072515482
2025-01-08 00:15:00,M04,MEO,2.805044655697104,0.13292574205187332,1.0706321035177966,0.10737353123491543
2025-01-08 00:30:00,M04,MEO,4.802726521377309,0.30407600371336835,1.9736268996351822,0.1945106213605677
2025-01-08 00:45:00,M04,MEO,7.480461353118515,0.42353032449276135,2.776895634821514,0.33218961516258766
2025-01-08 01:00:00,M04,MEO,0.3798444968081373,0.017340078650662376,0.0700406339024732,0.037522530320765766
2025-01-08 01:15:00,M04,MEO,2.8701207773052815,0.16132935894594413,0.8592997256510376,0.13034670748241595
2025-01-08 01:30:00,M04,MEO,5.188489894275415,0.3130247794504438,1.6211123994966163,0.22298264473003415
2025-01-08 01:45:00,M04,MEO,7.2522646712245304,0.4803147565033112,2.477555917293702,0.35936123562851524
2025-01-08 02:00:00,M04,MEO,0.9666424068107153,0.019197329619907715,-0.11205969925736864,0.07289011760503986
2025-01-08 02:15:00,M04,MEO,2.6248859736458967,0.15165185030692518,0.5579067006675179,0.14946137631599157
2025-01-08 02:30:00,M04,MEO,4.446171913447611,0.32195418815182286,1.4080436020713953,0.23468850404026925
2025-01-08 02:45:00,M04,MEO,6.689284114612022,0.4471348723440471,2.2343014541256836,0.34704046486828033
2025-01-08 03:00:00,M04,MEO,0.2939864116732377,0.05095982754826574,-0.4057834073271951,0.07127144172674342
2025-01-08 03:15:00,M04,MEO,2.099395230578718,0.13328526458739237,0.42600775036560157,0.1729095878290128
2025-01-08 03:30:00,M04,MEO,3.599883879655926,0.2887797346763066,1.1151256495854838,0.2375196687785081
2025-01-08 03:45:00,M04,MEO,6.820755634228379,0.4448490000131584,2.0365820729169464,0.3565499294766603
2025-01-08 04:00:00,M04,MEO,-0.28330343189509244,0.03608895677706288,-0.6071686493671111,0.08432511370568858
2025-01-08 04:15:00,M04,MEO,1.3020239797282338,0.18253640787650058,0.14398976314924614,0.12537540028458594
2025-01-08 04:30:00,M04,MEO,3.70391004171934,0.30382769828419803,1.0886386340757443,0.21987494671873337
2025-01-08 04:45:00,M04,MEO,5.613607932289774,0.4450812303056698,1.9991402825324287,0.31831338733470455
2025-01-08 05:00:00,M04,MEO,-0.5418002094889215,0.02170180190330092,-0.5867407970348156,0.03330953451093438
2025-01-08 05:15:00,M04,MEO,1.130195973744302,0.14684883376007413,0.2948361279187755,0.10421492216681044
2025-01-08 05:30:00,M04,MEO,3.7225214083959357,0.2758098430066223,1.0492618695169686,0.21552064884187808
2025-01-08 05:45:00,M04,MEO,5.843130593939049,0.40416766839341406,2.1552549991623944,0.25634463974444927
2025-01-08 06:00:00,M04,MEO,-0.9216554064504265,0.01700060312171913,-0.45278806318562675,0.0076872521904972745
2025-01-08 06:15:00,M04,MEO,1.2993256611723298,0.11183647490017497,0.4711514461971936,0.051336896805253975
2025-01-08 06:30:00,M04,MEO,3.085993078474004,0.24361468375146755,1.4251722316855282,0.17058935680441006
2025-01-08 06:45:00,M04,MEO,6.0010813962449845,0.38392855304581086,2.4183904111417736,0.23861843565714896
2025-01-08 07:00:00,M04,MEO,-0.8543187001605438,-0.056247327328812685,-0.12866984316029012,-0.051511080150474696
2025-01-08 07:15:00,M04,MEO,1.2589375390248028,0.06790388040590555,0.8166506343175519,0.047922993062679886
2025-01-08 07:30:00,M04,MEO,3.5931039915107976,0.23282982617486195,1.610748092315896,0.13634784559261331
2025-01-08 07:45:00,M04,MEO,5.893673973943292,0.38113259621501655,2.7757868906768417,0.2365817468830048
2025-01-08 08:00:00,M04,MEO,-0.6328073963132458,-0.023949660882939514,0.1707527376560591,-0.07467573615971058
2025-01-08 08:15:00,M04,MEO,1.749402590633815,0.07886707549150339,1.0950748071343783,0.025188564943915814
2025-01-08 08:30:00,M04,MEO,4.046304008704729,0.21134214178052782,2.0200223572267415,0.12112281161254985
2025-01-08 08:45:00,M04,MEO,6.726240781309443,0.39477638710323193,2.9554229049245366,0.2046660398152644
2025-01-08 09:00:00,M04,MEO,-0.5185187725145546,-0.045992753181332,0.4429310902495367,-0.07726455533738105
2025-01-08 09:15:00,M04,MEO,2.1735037978517475,0.07488889498334361,1.2692158979461932,0.025610611477912503
2025-01-08 09:30:00,M04,MEO,4.748381539695023,0.21318165832168215,2.290066284762812,0.0981226380748102
2025-01-08 09:45:00,M04,MEO,7.038996026498192,0.37020986842734827,3.2432929818521408,0.22081942647553127
2025-01-08 10:00:00,M04,MEO,0.29492101590564135,-0.053263165725929734,0.6047766019037244,-0.055862672016985075
2025-01-08 10:15:00,M04,MEO,2.4618601382295306,0.11225437360856937,1.3798659629569063,0.04588135762291819
2025-01-08 10:30:00,M04,MEO,4.588391843986411,0.2392700961998323,2.262879371587464,0.14880307989911915
2025-01-08 10:45:00,M04,MEO,7.025648252409642,0.41137116367944,3.193471544331328,0.23816061743824293
2025-01-08 11:00:00,M04,MEO,0.9164306765985897,-0.053749810543494835,0.5894481746612842,-0.019414758398441204
2025-01-08 11:15:00,M04,MEO,2.791019405395103,0.13577669308812468,1.341144733953826,0.07605544706415407
2025-01-08 11:30:00,M04,MEO,4.892027404293051,0.25530368230558115,2.1162505127450393,0.16873073188304424
2025-01-08 11:45:00,M04,MEO,7.466492738839963,0.4360804579426703,2.965056931760267,0.3022111175744795
2025-01-08 12:00:00,M04,MEO,0.987077045010909,-0.00355869412802907,0.4123467292193593,-0.005848942872665337
2025-01-08 12:15:00,M04,MEO,3.059494953339795,0.11781541562955705,1.133087761831582,0.1267074316074328
2025-01-08 12:30:00,M04,MEO,5.246609664858588,0.29900081787162935,1.9253043630206412,0.2369386081223683
2025-01-08 12:45:00,M04,MEO,7.386602948842673,0.42059177316262697,2.7778422303670935,0.3242973462511672
2025-01-08 13:00:00,M04,MEO,0.5736437002258571,0.0301109003817511,0.10549989908479707,0.04794473384893926
2025-01-08 13:15:00,M04,MEO,2.6610980198453014,0.1773017594637632,0.7859017031073593,0.15165511021619385
2025-01-08 13:30:00,M04,MEO,4.553745298056766,0.29908210192342866,1.684685951747185,0.266124533854692
2025-01-08 13:45:00,M04,MEO,7.206101111621836,0.44852297086779164,2.454669941490965,0.3688920991214298
2025-01-08 14:00:00,M04,MEO,0.02217699867748507,0.0515843291282692,-0.10487708890905845,0.07533022554370303
2025-01-08 14:15:00,M04,MEO,2.245486851125493,0.1850746316329293,0.5626410890250626,0.15901971477008392
2025-01-08 14:30:00,M04,MEO,4.54035319827584,0.3063247732012976,1.333027493577683,0.2636781805140961
2025-01-08 14:45:00,M04,MEO,6.511366013807805,0.47735440120330264,2.2031934254990087,0.34029515066129623
2025-01-08 15:00:00,M04,MEO,0.3287802674349585,0.037594601120121446,-0.5445512874745796,0.09446342462715404
2025-01-08 15:15:00,M04,MEO,2.144447516884169,0.16682546599948178,0.312782052392062,0.1369287707887526
2025-01-08 15:30:00,M04,MEO,4.605286628983452,0.3369374409384153,1.1364974473912037,0.25051814229310326
2025-01-08 15:45:00,M04,MEO,6.730736480387306,0.45223412174542393,2.1039461861797326,0.3407460898715112
2025-01-08 16:00:00,M04,MEO,-0.11295215413764581,0.05701724673533838,-0.5494356535758967,0.07130358503337011
2025-01-08 16:15:00,M04,MEO,1.8723498973789179,0.16406363888996864,0.22494854460264943,0.1138406560858348
2025-01-08 16:30:00,M04,MEO,3.577493607852517,0.3067849592720495,1.2378921470089643,0.19267266086056972
2025-01-08 16:45:00,M04,MEO,6.48310245109811,0.434546605622609,2.0636810006614525,0.3042434992095424
2025-01-08 17:00:00,M04,MEO,-0.8911336095125667,0.015583521000171026,-0.5703739186628416,0.024986433195966225
2025-01-08 17:15:00,M04,MEO,1.261784083466359,0.1310994608490285,0.31063221590768647,0.08643306748121087
2025-01-08 17:30:00,M04,MEO,3.7630920207066474,0.2592612235913767,1.2669168675591242,0.19913119259672502
2025-01-08 17:45:00,M04,MEO,5.783303703431201,0.3997955600354217,2.111047851955925,0.2773460501909116
2025-01-08 18:00:00,M04,MEO,-0.8095827283019931,0.023016015471561832,-0.46425411230611924,-0.021369420772553778
2025-01-08 18:15:00,M04,MEO,1.7405723213796362,0.14502085816551588,0.47696869833478095,0.05392087837015695
2025-01-08 18:30:00,M04,MEO,3.8396947059910027,0.24948520369035881,1.5099301632314093,0.1582704981764598
2025-01-08 18:45:00,M04,MEO,5.913983285412396,0.3984347608897708,2.3638037303797916,0.207138201834872
2025-01-08 19:00:00,M04,MEO,-0.8923013441095979,-0.030941045782096565,-0.10884294084214721,-0.0475757345216558
2025-01-08 19:15:00,M04,MEO,1.461259963840218,0.10731550188002448,0.8273236592165099,0.034785886958730465
2025-01-08 19:30:00,M04,MEO,3.2485275611209103,0.2324315442455839,1.7276150841173221,0.11786907767911169
2025-01-08 19:45:00,M04,MEO,5.959963104824065,0.38272232988852134,2.7955037620681407,0.21075760389740725
2025-01-08 20:00:00,M04,MEO,-0.18292987393893292,-0.034981239589786495,0.2387452816144721,-0.08355584538899519
2025-01-08 20:15:00,M04,MEO,1.5931301835479412,0.08013004680668542,1.1036787831338855,0.026372545569217747
2025-01-08 20:30:00,M04,MEO,3.5986204710771394,0.2516866603191935,1.9408240539375274,0.08711533384300457
2025-01-08 20:45:00,M04,MEO,6.492108148925752,0.401735277567745,3.00450428297304,0.19757113102187185
2025-01-08 21:00:00,M04,MEO,0.31548132797271955,-0.03337056250587269,0.5215939905676266,-0.05561486160464564
2025-01-08 21:15:00,M04,MEO,1.8804788681277806,0.12212971411328016,1.3799204144770767,0.002761510703531197
2025-01-08 21:30:00,M04,MEO,4.561139371387027,0.2252618366849465,2.2291455759869714,0.1307504887103434
2025-01-08 21:45:00,M04,MEO,7.184365489178335,0.3532895770523446,3.2769417045742504,0.20412723280656242
2025-01-08 22:00:00,M04,MEO,0.24175436931331953,-0.039857703282218916,0.6075578424541257,-0.07724273653987053
2025-01-08 22:15:00,M04,MEO,2.5103791902440733,0.12152752527165905,1.468196166509794,0.07342315497267635
2025-01-08 22:30:00,M04,MEO,4.842347171286523,0.2383560070728007,2.3434352950678403,0.12101679574219956
2025-01-08 22:45:00,M04,MEO,7.147925480115929,0.4134122584327215,3.2313912716476643,0.24796632271284327
2025-01-08 23:00:00,M04,MEO,0.4888326489901017,-0.034583522539887175,0.5962842038763567,-0.015684969587194224
2025-01-08 23:15:00,M04,MEO,2.5198717659617342,0.07511825795896228,1.3018063835491527,0.06623796804488243
2025-01-08 23:30:00,M04,MEO,4.7646824138820945,0.26719030725791415,2.162158503024672,0.1769739774142341
2025-01-08 23:45:00,M04,MEO,7.415444602198243,0.4064628838666133,3.137769610625898,0.2738149826580653
